relative_path	type	bytes	mtime_utc	sha256	link_target
.archive.lock	file	0	2026-08-13T19:32:29.540849+00:00	e3b0c44298fc1c149afbf4c8996fb92427ae41e4649b934ca495991b7852b855	
ARCHIVE_POLICY.md	file	1453	2026-08-13T19:32:29.772518+00:00	ed7fee367850d0f194552d18f99f44be78a5ec2459e766b610909d72285f83ff	
ARCHIVE_STATUS.tsv	file	36	2026-08-06T20:19:23.621777+00:00	9a585d07d7fb333c853ff5d1da8bca6e13dff3903c7bfb66a00985f97c0e4def	
COPY_COMPLETE	file	50	2026-08-13T19:32:31.463564+00:00	dfba5fcd68b66166d472dd6c4a92215410ef9d1309e6ea5e55837b02f890a6a7	
COPY_COMPLETE.precheck	file	50	2026-08-06T19:32:19.884881+00:00	dfba5fcd68b66166d472dd6c4a92215410ef9d1309e6ea5e55837b02f890a6a7	
LAST_SYNC_TIMESTAMP.txt	file	26	2026-08-13T19:32:29.777745+00:00	8392066e55abfa674919559f8b376279c5dbf46d79fd5b99ff42678c8a5cd5d3	
archive_inventory.tsv	file	334799	2026-08-13T19:32:31.453086+00:00	55af08a6674e5dbeff6596e0d1006fa1d02ccb988f7611561f6d72e95df0520d	
archive_sources.tsv	file	15819	2026-08-13T19:32:29.753994+00:00	f1ca6dc59727910e04baccb742e7c4155e958c27d8c57f16a0611b24c6f412d0	
archive_step_summary.tsv	file	1071	2026-08-13T19:32:31.454922+00:00	a9dea9e7283df1fed72c71e9f72c0570c7b5d2a9151f4ad8b2b78f9667bb7841	
reproducibility/scripts/.2\udce3.sh.swp	file	12288	2026-07-31T01:19:43.946077+00:00	b2125980a7b3f0631ee97d696606c4f858190ed36b55de377276b20c83537fe9	
reproducibility/scripts/.cat.swp	file	12288	2026-07-31T00:25:07.235306+00:00	25e7f70c0e899a10b789531363b07678c9106d6eee69d18a9d3d936d0cbc6145	
reproducibility/scripts/.swp	file	12288	2026-07-31T00:19:23.919696+00:00	0bfe9cde3b89794a81f63a5d8a9d2948c0b45017829837efc89abc0ad101b6bd	
reproducibility/scripts/01_proteome_busco_qc.sh	file	3313	2026-08-03T15:57:43.205703+00:00	18b476174553a1e2a3c29c40d4ccfaf81031d66b718ca0b99588d6afa9454638	
reproducibility/scripts/02_summarise_busco.sh	file	2033	2026-08-03T15:57:43.310703+00:00	218b3c7b02546b2a23366bce00b703bbab6df789acd1d2ed1a0fd288763cb912	
reproducibility/scripts/03_submit_busco_qc.sh	file	745	2026-08-03T15:57:43.415703+00:00	4fa17f405ef23c89d55c7fbfda79c96182d7ceece98f3136c62312c0e5871753	
reproducibility/scripts/04_prepare_primary_proteomes.sh	file	1353	2026-08-04T12:52:46.593578+00:00	8d395f44ea59dc32922e6fd15a16aedb08843260993675657a6b626be4b23ead	
reproducibility/scripts/04_select_primary_isoforms.py	file	5684	2026-08-04T12:52:46.488578+00:00	7edaff0a04499aa1d6977a253849470aca2bae1bbfdf21562750ccecc142cf67	
reproducibility/scripts/05_primary_busco_qc.sh	file	1479	2026-08-04T12:52:46.699579+00:00	4617ec9ac70cdeaa2f344e51a54cecac0d5065d194f6c7c4d0b88588e098ec52	
reproducibility/scripts/06_summarise_primary_busco.py	file	1615	2026-08-04T12:52:46.803579+00:00	9ccccace5b8e1f8f31c707daf2f170ab99a4f7fbadb9484fb58f40ff99833c05	
reproducibility/scripts/06_summarise_primary_busco.sh	file	799	2026-08-04T12:52:46.908579+00:00	f86583fddffea9da1ad8d94d299e7cfdd955112e474ef4e6078e8cd7bb6a2240	
reproducibility/scripts/07_prepare_core_set.py	file	1745	2026-08-04T12:52:47.014580+00:00	a12562956f222f9e062d3b20f8cbb32811d9ccf5220aa58e0f8b121251f9292d	
reproducibility/scripts/08_run_orthofinder.sh	file	1708	2026-08-04T15:08:22.012612+00:00	a9e0a7feee77a408a8fc4ed3663e4cf6513c9121ed5adad934c8fb3941c33d19	
reproducibility/scripts/09_submit_primary_to_orthofinder.sh	file	745	2026-08-04T12:52:47.226581+00:00	1351ccafd50c7135a7df08b3806f7e6ff31fcbd4a7a85a8ffdbca86c7dc73993	
reproducibility/scripts/10_download_fragum_sueziense.sh	file	3800	2026-08-04T14:16:34.981102+00:00	a55307c533d2ebad935e29fefb60e7a8b8b24b716bbd90a9d950b2e41428222e	
reproducibility/scripts/11_busco_fragum_sueziense.sh	file	1578	2026-08-04T14:16:35.089102+00:00	b773a89c835de1f48afd7ef4028c1dcf298c932019b1c9dfbf3cd67f10c22360	
reproducibility/scripts/12_submit_fragum_replacement.sh	file	397	2026-08-04T14:16:35.192101+00:00	c16ca3bc97d06893b2541614e57c113dab0ad61bae08e3dad426af885000bc79	
reproducibility/scripts/13_run_iqtree_species_tree.sh	file	2643	2026-08-04T18:26:32.572649+00:00	b3dfc6fcff9bcb2bb5ebd98c98347ae6c33f46599ee71ac9b9a5b5beb80330b3	
reproducibility/scripts/14_run_class_orthofinder_iqtree.sh	file	4678	2026-08-04T19:24:11.767288+00:00	55e8b9203de17c90f760a1068cc2334342166f573fa7d81ca094d08f532b5468	
reproducibility/scripts/15_submit_class_analyses.sh	file	480	2026-08-04T19:24:11.871287+00:00	2b57275eab324df4787abd576af645b4cb4a532f678a0304896b734a8b4183da	
reproducibility/scripts/16_step04_orthogroup_distribution.py	file	20091	2026-08-04T23:31:47.112877+00:00	f466f29e2690703f5cd4f8430f602d0c0cd3183cb770a2b93ea203d6dd2a9a9b	
reproducibility/scripts/16_step04_orthogroup_distribution.slurm	file	885	2026-08-04T23:27:57.647652+00:00	ba5a1da2a3ae2428b3a0d51002be764e3b8a953407bfffd77a73d6e638bb2cfc	
reproducibility/scripts/17_step05_prepare_cafe.py	file	10176	2026-08-04T23:37:35.104263+00:00	6bd5336537aa3ed212b7cbc2c9742bd89be75cdfcb7995c556fb488eeeda05f8	
reproducibility/scripts/18_step05_install_cafe5.slurm	file	920	2026-08-04T23:28:01.974637+00:00	8bc2e98d64317fe8f367d552d6ce279187aea6f079c23685529816e4404759eb	
reproducibility/scripts/19_step05_run_cafe_group.slurm	file	2946	2026-08-05T02:15:01.772110+00:00	01b4d457bd698be8c29603b65cf237fd7f94ee0e98bd1373a6672943bc889ff1	
reproducibility/scripts/20_step05_validate_prepare.slurm	file	1209	2026-08-04T23:39:26.661702+00:00	6d0a28091ca45d525218cbd5efc1d81d49fe7cf73213c8cfd2b0f0e0e867dab1	
reproducibility/scripts/21_run_restricted_mfp_iqtree.slurm	file	2795	2026-08-05T02:14:59.499118+00:00	4b28f981ee5bf47be11a8e17fd8c7797a9276f523ef687da5c4db7a21b38faf0	
reproducibility/scripts/22_step06_candidate_families.py	file	22051	2026-08-05T10:20:25.560852+00:00	53cc8c91b209b3bf30eebbf4b72dbe1bf82bfb0e8021a2239e3c29bc399fb264	
reproducibility/scripts/22_step06_candidate_families.slurm	file	975	2026-08-05T10:17:17.378587+00:00	88cc5e0eb490b6b9f877cc40ff86a8795432d97a4dd483c308cb3771b47dcf14	
reproducibility/scripts/23_step07_combine.slurm	file	900	2026-08-05T10:42:29.341045+00:00	d4085345f8ba98b91bc658d1c88ec0c3a9b37f4c58345a785d0aa5789cd6f32c	
reproducibility/scripts/23_step07_functional_annotation.py	file	19086	2026-08-05T12:00:59.713094+00:00	607fa06d6ea4474f3ab7cccafbe555ab56b62dcbbe45b8d5337b7286a1a54645	
reproducibility/scripts/23_step07_functional_annotation.slurm	file	2412	2026-08-05T11:43:57.084550+00:00	11d64b92ad30047a5ec2a78fb2c2fb094cad53f67bcb81fb98a223b9a815424a	
reproducibility/scripts/24_step08_functional_enrichment.py	file	17513	2026-08-05T12:00:59.937093+00:00	076bf699b5cb01f5e2454cffdf92aecb31a769c8659c8a1f788a855a4fe12ebc	
reproducibility/scripts/24_step08_functional_enrichment.slurm	file	1271	2026-08-05T12:01:00.048092+00:00	3682a26e1ac79962ef3de925168b4de92dae2aa91c7a8bf25bdf1286a1a09f4b	
reproducibility/scripts/25_step09_candidate_sequence_validation.py	file	26853	2026-08-05T16:11:28.046224+00:00	4fc1480a63411810131f9bf2c8a23708ee30ec7e359edd68878168e06e7d76e8	
reproducibility/scripts/25_step09_combine.slurm	file	897	2026-08-05T16:11:28.461226+00:00	dbbeaefc38bbdb5d45daac8ea3f87d7b28bcf3bfc89d932308b9a85f626d0b74	
reproducibility/scripts/25_step09_prepare_pfam.slurm	file	1462	2026-08-05T16:11:28.240224+00:00	0aa76f5377e491876265d48f5c3650abb52b7cc7492f1b2842ebca4aaeb9f422	
reproducibility/scripts/25_step09_validate_group.slurm	file	1807	2026-08-05T16:11:28.351225+00:00	31472a8be8aca0cea1cab81a2740384a4ce0e404d60e05ac5db1d53c2510467d	
reproducibility/scripts/26_step10_candidate_gene_phylogenetics.py	file	20960	2026-08-05T19:12:59.970643+00:00	3408341e64c6346a9e0a045442d0ab613d2311efe4aa68b0b5144b1d7478d9bf	
reproducibility/scripts/26_step10_gene_tree_array.slurm	file	3955	2026-08-05T19:13:00.194644+00:00	d45dcb2eea2b05ca7404bab44ce3ad138362e56d0375e2a6cb8d02572f0eed97	
reproducibility/scripts/26_step10_prepare.slurm	file	1043	2026-08-05T19:13:00.080643+00:00	a3a228da2b32107937ac67938ba95a3479035326c94808af6c55fe4cc4579e65	
reproducibility/scripts/26_step10_summarise.slurm	file	761	2026-08-05T19:13:00.380645+00:00	c622431eadb94a5553daaaaa175b9b59e9ee1c3ca4f81b8069469a2f904b68da	
reproducibility/scripts/27_step11_combine.slurm	file	1575	2026-08-06T19:32:18.004920+00:00	793b0a9c553cdd798be42e1ea352489477a064a3e824b229b9eebce80b275d50	
reproducibility/scripts/27_step11_reconcile_group.slurm	file	1812	2026-08-06T19:17:13.736968+00:00	dbda950c7f7a94826e4ff88efc01bc6303b09e8af42f6fc01a9a67fcffedce85	
reproducibility/scripts/27_step11_reconciliation.py	file	36711	2026-08-06T19:21:55.104182+00:00	7f59e87b1c7920357d74e8d4cce77980452be0e91ce0e61306ee3c4f4da0ebe1	
reproducibility/scripts/28_archive_results.slurm	file	489	2026-08-06T19:32:17.894920+00:00	3b8059a320f4daa8bca2b26382b173c93c45ca8414946ac4929133b5331fe158	
reproducibility/scripts/28_sync_results_archive.sh	file	14625	2026-08-06T20:18:50.186912+00:00	9a9ac3f48a45e0b05d217ea8b1c695a0ef2557b9b1493ecf61082522c48ec947	
reproducibility/scripts/29_step12_archive.slurm	file	845	2026-08-06T21:08:50.693736+00:00	e285617359ec4cf475f702bcf8a5e09f8febca462ee69752166ca4b029e5c475	
reproducibility/scripts/29_step12_family_array.slurm	file	3411	2026-08-06T21:02:54.860309+00:00	735b300fb6cc690b93c3d976ee1b05bff35f6078c19d4c1acd6baf0ddf97efb3	
reproducibility/scripts/29_step12_launch.slurm	file	2455	2026-08-06T21:06:52.499756+00:00	cd03f4e1c54a78ae856fca2ca926f779525a7ed7b81ac7a7f536e8777a1f5c5c	
reproducibility/scripts/29_step12_molecular_evolution.py	file	32375	2026-08-06T21:04:46.310753+00:00	1f14678ee2aa26cc26352accb91434291a13165d44653526d7776bbf447f100c	
reproducibility/scripts/29_step12_prepare.slurm	file	1321	2026-08-06T21:02:54.736308+00:00	fe42e04b5acd24e98cf71f318838692759b17c99df8c391e3037ca669b9cec63	
reproducibility/scripts/29_step12_setup_hyphy.slurm	file	1467	2026-08-06T21:02:54.571308+00:00	2e16a54aa2534cc92f8c24e337ceb4662c78f4836476976a43b0f4397a164149	
reproducibility/scripts/29_step12_summarise.slurm	file	898	2026-08-06T21:02:55.048310+00:00	deda32db374a1b4cbfd4f8c887477480627d86a6736b606e1db0e720369eaaa0	
reproducibility/scripts/29_submit_step12.sh	file	412	2026-08-06T21:02:55.275311+00:00	35e1ffa5c7647367e606bfc7db98f9e621fcad7524e0df5a22641e81b94f85d8	
reproducibility/scripts/__pycache__/04_select_primary_isoforms.cpython-312.pyc	file	8918	2026-08-04T12:53:12.890737+00:00	a3e8335321b142519c60a78a93909d1993493f8e6dd0bee6f585b37b0bb15e79	
reproducibility/scripts/__pycache__/06_summarise_primary_busco.cpython-312.pyc	file	3273	2026-08-04T12:53:12.892116+00:00	02f118cbc2c4d6956561ae894d9308878581c312f51b8b9213af80a4a957c02c	
reproducibility/scripts/__pycache__/07_prepare_core_set.cpython-312.pyc	file	3302	2026-08-04T12:53:12.892958+00:00	b1a772ae86f7c6add173808462ffb57f26e2d15abd25ec9a3be8d51f8a87b1d0	
reproducibility/scripts/__pycache__/22_step06_candidate_families.cpython-313.pyc	file	27726	2026-08-05T10:20:28.616875+00:00	0ceae0e00aad5a3b826cf4224e5ae3384ae0b95e4de0056e96dc501b5c790408	
reproducibility/scripts/__pycache__/23_step07_functional_annotation.cpython-313.pyc	file	26504	2026-08-05T12:01:03.773570+00:00	9bee6b7b44899e8c77bd38a0a9f14077d5c8681bf931f2945c968e298f011656	
reproducibility/scripts/__pycache__/24_step08_functional_enrichment.cpython-313.pyc	file	22288	2026-08-05T12:01:03.780771+00:00	e6dc5c1dc1cdd23dad29889c2c57267d707adb6142b056526fd371051dc5fd9b	
reproducibility/scripts/__pycache__/25_step09_candidate_sequence_validation.cpython-313.pyc	file	36541	2026-08-05T16:11:30.121701+00:00	cf02a8cf13a59fe24021f7e8f4c73a32895db03b4477ee8b9a917d33fcaeac5e	
reproducibility/scripts/__pycache__/26_step10_candidate_gene_phylogenetics.cpython-313.pyc	file	30383	2026-08-05T19:13:02.508616+00:00	ab1ac8fbf3626c3dd660532f4c5ba74f041e909a4bff203ba4d4c9f9dd21a981	
reproducibility/scripts/__pycache__/27_step11_reconciliation.cpython-312.pyc	file	44983	2026-08-06T19:17:40.855784+00:00	fa50f4e48d0beacc304e23c34fb8ef70ec35684f9727dda1cecc1974a37b3133	
reproducibility/scripts/__pycache__/29_step12_molecular_evolution.cpython-312.pyc	file	44025	2026-08-06T21:04:48.310076+00:00	587e655208ca7a718ee47ee879ba04facf516915cf8e2db873423199283ad15c	
reproducibility/scripts/rnaseq_to_protein/part01_qc_trim.sh	file	2503	2026-07-31T02:06:09.247753+00:00	aab977dc2e68beff02858d22d9b07d0f3c85960205fc81f0ded316f590fea8b1	
reproducibility/scripts/rnaseq_to_protein/part02_multiqc.sh	file	900	2026-07-31T02:06:44.194842+00:00	b462fe0cb677b0ac8b2d7ae6ede4821d25d5e8eb1e28adfe46cd4b8d3e8fa1a1	
reproducibility/scripts/rnaseq_to_protein/part03_rnaspades.sh	file	1702	2026-07-31T03:22:29.216673+00:00	f5156eb404ce27c096de994ca50113316cbebeae124b542abe7b4ecf247fcc0d	
reproducibility/scripts/rnaseq_to_protein/part04_longorfs.sh	file	1822	2026-07-31T14:10:59.663642+00:00	2f7a1cfba4c4a0165fb57cede3181aab194843374c2d127b9e449dc6ee9c2435	
reproducibility/scripts/rnaseq_to_protein/part05_reference_database.sh	file	2450	2026-07-31T02:07:58.208753+00:00	2cc29d7a468f06cbbee0dcbdad7158073aee663f778961f40341f6e589681f0c	
reproducibility/scripts/rnaseq_to_protein/part06_diamond.sh	file	1653	2026-07-31T02:08:18.590101+00:00	7b56feabb7d463d409e1f0ac71d6b8b989da1a5a067524dde0cdbf15c1056fb4	
reproducibility/scripts/rnaseq_to_protein/part07_predict_proteins.sh	file	2685	2026-07-31T18:42:19.464520+00:00	7bce80995e6c662e40a8de8c7de8bc509cbe0b5fa82de5e17bcb834908bfae99	
reproducibility/scripts/rnaseq_to_protein/part08_protein_summary.sh	file	1811	2026-07-31T02:09:06.070895+00:00	61fcb7883c73f5b830f6e4ddbd7be7491d238161c64ae8167e3607197cbf736d	
step01_proteome_quality/current/genome_proteome_manifest.tsv	file	3001	2026-08-03T15:02:52.391647+00:00	c7a9b8b14404375d466748b1b71313e52e28ca955b4715d873e853196c07782e	
step01_proteome_quality/current/orthofinder_species_decisions.tsv	file	923	2026-08-04T15:25:11.149263+00:00	28cad242708167d482b4acfd436af7161b6117fc5235964e7fec9320c77f399a	
step01_proteome_quality/current/primary_proteome_busco_summary.tsv	file	854	2026-08-04T14:27:57.155384+00:00	84078be5fcf69456f44840d1e93e02b6ffa9579ab076b79aec72d317158b347e	
step01_proteome_quality/current/primary_proteome_selection.tsv	file	1104	2026-08-04T12:54:50.210755+00:00	8ff54cd2536ec224f2d218cb0c9ee31716957e94162fff4694547b2447360a3d	
step01_proteome_quality/current/proteome_busco_summary.tsv	file	809	2026-08-03T16:27:50.748537+00:00	5380e1eb45e198da0773a9ce26bdd6556b121f86bac0cf8e79ae0189deeec69e	
step02_orthogroup_inference/bivalvia/Results_Aug04/Citation.txt	file	2769	2026-08-04T20:29:39.757489+00:00	76a86a4cd969c42c7a8d396a2e0aa79bbf964c19de7f5ad23c9c9b5c539b79f9	
step02_orthogroup_inference/bivalvia/Results_Aug04/Comparative_Genomics_Statistics/Duplications_per_Orthogroup.tsv	file	327992	2026-08-04T20:29:27.903948+00:00	9762259e94c9f1ecbc03a5ec907c28965be422d99280ab0986166bea28adb245	
step02_orthogroup_inference/bivalvia/Results_Aug04/Comparative_Genomics_Statistics/Duplications_per_Species_Tree_Node.tsv	file	306	2026-08-04T20:29:27.872442+00:00	b591ec05e5b5fd9291e4adde6afccc9fd2eb26d4e15076c4934f562ee8cca8c5	
step02_orthogroup_inference/bivalvia/Results_Aug04/Comparative_Genomics_Statistics/OrthologuesStats_Totals.tsv	file	488	2026-08-04T20:29:27.345071+00:00	2477aba9805d0e77d57f30f8e8b94ef6873b02dba4701e75dcb4e25b25f3e595	
step02_orthogroup_inference/bivalvia/Results_Aug04/Comparative_Genomics_Statistics/OrthologuesStats_many-to-many.tsv	file	454	2026-08-04T20:29:27.348577+00:00	3ce5811722bd7e49e2a75d3bbce0cb7f3a882bf2bcb47de823f998d96831132d	
step02_orthogroup_inference/bivalvia/Results_Aug04/Comparative_Genomics_Statistics/OrthologuesStats_many-to-one.tsv	file	461	2026-08-04T20:29:27.347811+00:00	7091ce4d1e192d144a67e199711533be222a28bab5e7cb74e720f2b4cc445cde	
step02_orthogroup_inference/bivalvia/Results_Aug04/Comparative_Genomics_Statistics/OrthologuesStats_one-to-many.tsv	file	453	2026-08-04T20:29:27.346855+00:00	b754db93efcbdc639071abfc00aab78afe3cf181509ed033f207befebdf780a1	
step02_orthogroup_inference/bivalvia/Results_Aug04/Comparative_Genomics_Statistics/OrthologuesStats_one-to-one.tsv	file	464	2026-08-04T20:29:27.346046+00:00	33beffa84e0075ca861518ecc704ab795e1aa44e81535ceb38e6d0fb1109d6ce	
step02_orthogroup_inference/bivalvia/Results_Aug04/Comparative_Genomics_Statistics/Statistics_Overall.tsv	file	1580	2026-08-04T20:29:33.442122+00:00	57440ffcca5a1b57650b4a62743f1bb7d67a7a7ee334276649365826b0137437	
step02_orthogroup_inference/bivalvia/Results_Aug04/Comparative_Genomics_Statistics/Statistics_PerSpecies.tsv	file	3834	2026-08-04T20:29:33.442289+00:00	e9687ce3e94a9261e73dc74bce493f213b64e78604b8e30618be2a06e402f04f	
step02_orthogroup_inference/bivalvia/Results_Aug04/Gene_Duplication_Events.tar.gz	file	4317914	2026-08-06T20:19:19.245671+00:00	f00abf54786380c75eac07b3d22ac8fcbe4aede2a76f746ee0d5e2414ba1616e	
step02_orthogroup_inference/bivalvia/Results_Aug04/Log.txt	file	1133	2026-08-04T20:29:39.760332+00:00	6bfc15a682b9b151043e2694193d244c41aad4d906412e91b5f3b564d836d07d	
step02_orthogroup_inference/bivalvia/Results_Aug04/Orthogroups/Orthogroups.GeneCount.tsv	file	1021606	2026-08-04T20:26:34.003860+00:00	349e1ac2e67ac4aec17345fcc489aea16eb3a53068d3d5e317a05cc25ec894d1	
step02_orthogroup_inference/bivalvia/Results_Aug04/Orthogroups/Orthogroups.tsv	file	10679613	2026-08-04T20:26:34.006842+00:00	409bb7bf348cc72db388ca2b444913ebc6ee9c51ef600127a1ee435ae858ba75	
step02_orthogroup_inference/bivalvia/Results_Aug04/Orthogroups/Orthogroups.txt	file	12331948	2026-08-04T20:26:32.343566+00:00	2dab214e131f631505e9d412a0215c51f91e14f0e79530edc14572d6cc4828ce	
step02_orthogroup_inference/bivalvia/Results_Aug04/Orthogroups/Orthogroups_SingleCopyOrthologues.txt	file	31169	2026-08-04T20:29:31.929630+00:00	b6799144914a1a10e855ec0de38029dd29361c6dd1812c80c00d830cdfb1428b	
step02_orthogroup_inference/bivalvia/Results_Aug04/Orthogroups/Orthogroups_UnassignedGenes.tsv	file	2107645	2026-08-04T20:26:34.005023+00:00	ffdc784243ad93180a1ec52dc1acc3aebe75ae20f09007a2a339600ae6211f23	
step02_orthogroup_inference/bivalvia/Results_Aug04/Phylogenetic_Hierarchical_Orthogroups.tar.gz	file	4417402	2026-08-06T20:19:20.306517+00:00	767088a88750dac555d4ea89f50100293f56b74402a4d53a05f1ab9b07e6f070	
step02_orthogroup_inference/bivalvia/Results_Aug04/Putative_Xenologs/Acanthocardia_echinata.tsv	file	40	2026-08-04T20:29:26.796731+00:00	2f51e243f17694d5f92db76484a0ea63749aa3b7060beed21a6a4c6e6df1fc22	
step02_orthogroup_inference/bivalvia/Results_Aug04/Putative_Xenologs/Americardia_media.tsv	file	35	2026-08-04T20:29:26.797282+00:00	f4f1f9224363cc541609e374495c7084981a83377f45e3f11db0de1a3b26784c	
step02_orthogroup_inference/bivalvia/Results_Aug04/Putative_Xenologs/Cerastoderma_edule.tsv	file	36	2026-08-04T20:29:26.797679+00:00	2349e9ca5b3120396ee374e5221a01793c24424efa6edd7e640152a760960515	
step02_orthogroup_inference/bivalvia/Results_Aug04/Putative_Xenologs/Fragum_sueziense.tsv	file	34	2026-08-04T20:29:26.798270+00:00	3fe88b13cd6077299b4ac0475a15486ed8e70a42aefe78fe0231839a110711c1	
step02_orthogroup_inference/bivalvia/Results_Aug04/Putative_Xenologs/Tridacna_gigas.tsv	file	32	2026-08-04T20:29:26.798700+00:00	3ee7489a7d5bbda2100a8f531d17db2b13b6d2a8f00bdd2343f18f107c894c45	
step02_orthogroup_inference/bivalvia/Results_Aug04/Putative_Xenologs/Tridacna_maxima.tsv	file	33	2026-08-04T20:29:26.798970+00:00	225f49b03b31297596ae08f97cc65cc61d13fc4d3ad49569940291751c2c4090	
step02_orthogroup_inference/bivalvia/Results_Aug04/Species_Tree/Orthogroups_for_concatenated_alignment.txt	file	28140	2026-08-04T19:50:48.325941+00:00	59bf79aeee174bdd58b64229bfe8939f16c2a743ce8b8bf2bd0b8f08b739c6c4	
step02_orthogroup_inference/bivalvia/Results_Aug04/Species_Tree/Potential_Rooted_Species_Trees/SpeciesTree_rooted_at_outgroup_0.txt	file	224	2026-08-04T20:26:13.088139+00:00	a09bc96f256263fc95d42205865f792e959670aa50b77e2254fd1220060d47a1	
step02_orthogroup_inference/bivalvia/Results_Aug04/Species_Tree/Potential_Rooted_Species_Trees/SpeciesTree_rooted_at_outgroup_1.txt	file	223	2026-08-04T20:26:13.088516+00:00	7d4eab3eed50dc1a7f0420da1a63b12f1af8386827ab65476dbdcf6dbafca32a	
step02_orthogroup_inference/bivalvia/Results_Aug04/Species_Tree/SpeciesTree_rooted.txt	file	218	2026-08-04T20:29:14.661829+00:00	befe970b8724fc712b7f608a57e17ccb9b227974c6cab8c53b9eb476c4787daa	
step02_orthogroup_inference/bivalvia/Results_Aug04/Species_Tree/SpeciesTree_rooted_node_labels.txt	file	224	2026-08-04T20:29:14.662750+00:00	a09bc96f256263fc95d42205865f792e959670aa50b77e2254fd1220060d47a1	
step02_orthogroup_inference/bivalvia/Results_Aug04/Species_Tree_IQTree/SpeciesTreeAlignment.species_names.fa	file	7756770	2026-08-04T20:29:40.870023+00:00	e75a456fc4c41eca960af42c9795c0f5673e046aed8790fe5314872489f8489f	
step02_orthogroup_inference/bivalvia/Results_Aug04/Species_Tree_IQTree/SpeciesTree_IQTREE.bionj	file	222	2026-08-04T22:16:38.477553+00:00	d85037f1c88de234fda7e8ee76897cc75d4744bca6eb0d35442724a084f0e8b8	
step02_orthogroup_inference/bivalvia/Results_Aug04/Species_Tree_IQTree/SpeciesTree_IQTREE.ckp.gz	file	12514	2026-08-04T22:25:14.665118+00:00	07777b090987ab474e00e0e4c18a4a03302ac86c9a96c55850844b8d1e837cf7	
step02_orthogroup_inference/bivalvia/Results_Aug04/Species_Tree_IQTree/SpeciesTree_IQTREE.contree	file	243	2026-08-04T22:25:14.651077+00:00	dbdea43a5502c537da95a15ad669f25a0113073e48da40fd60f60cdd1e63fce0	
step02_orthogroup_inference/bivalvia/Results_Aug04/Species_Tree_IQTree/SpeciesTree_IQTREE.iqtree	file	14048	2026-08-04T22:25:14.663212+00:00	7b54262e2a771334be39fef904e1967d3a175d5961f78c6bb99f3e2ff3e32fb7	
step02_orthogroup_inference/bivalvia/Results_Aug04/Species_Tree_IQTree/SpeciesTree_IQTREE.log	file	10654	2026-08-04T22:25:14.805306+00:00	ee9a9acc4bfe5a6d9aded0670588cfe99e5c1a720f7754561d92015e1a8d4b44	
step02_orthogroup_inference/bivalvia/Results_Aug04/Species_Tree_IQTree/SpeciesTree_IQTREE.mldist	file	578	2026-08-04T22:16:38.475155+00:00	0bea6e72c7c8d73ac7f23ecaa959ea894aff68d50e99fa26f339f751d8904767	
step02_orthogroup_inference/bivalvia/Results_Aug04/Species_Tree_IQTree/SpeciesTree_IQTREE.model.gz	file	2821	2026-08-04T22:15:24.381028+00:00	a9704636c50db9ee665d3d48297b8e96892ee180870c9994877dbec2452239c7	
step02_orthogroup_inference/bivalvia/Results_Aug04/Species_Tree_IQTree/SpeciesTree_IQTREE.splits.nex	file	420	2026-08-04T22:25:12.907520+00:00	79ded045ae4cf3b432a175eae5c8a56ca9acf2d6238c220010b2e099b3aa34a4	
step02_orthogroup_inference/bivalvia/Results_Aug04/Species_Tree_IQTree/SpeciesTree_IQTREE.treefile	file	255	2026-08-04T22:25:14.651358+00:00	fb6d753410be32a0de646acae187214dde6dc7792ae262499c8dba2026816101	
step02_orthogroup_inference/bivalvia/latest	symlink	13	2026-08-06T20:19:13.063624+00:00		Results_Aug04
step02_orthogroup_inference/combined_14_species/Results_Aug04/Citation.txt	file	2769	2026-08-04T17:31:01.125060+00:00	76a86a4cd969c42c7a8d396a2e0aa79bbf964c19de7f5ad23c9c9b5c539b79f9	
step02_orthogroup_inference/combined_14_species/Results_Aug04/Comparative_Genomics_Statistics/Duplications_per_Orthogroup.tsv	file	383189	2026-08-04T17:30:23.474500+00:00	b7521d941d18758e6fb82760aeadbf59d82e4235f17fbbaf1ff6cf1b589d8733	
step02_orthogroup_inference/combined_14_species/Results_Aug04/Comparative_Genomics_Statistics/Duplications_per_Species_Tree_Node.tsv	file	654	2026-08-04T17:30:23.445523+00:00	9cf7bf85f7894f7cb434d74c3d544a49bc9d66ace0eb2d6beb674dd22e1c1c6c	
step02_orthogroup_inference/combined_14_species/Results_Aug04/Comparative_Genomics_Statistics/OrthologuesStats_Totals.tsv	file	2036	2026-08-04T17:30:22.555390+00:00	72a9dd7277d1f08f239d1b3eec73523b8f35c03143a6930e448d5191caadafc4	
step02_orthogroup_inference/combined_14_species/Results_Aug04/Comparative_Genomics_Statistics/OrthologuesStats_many-to-many.tsv	file	1845	2026-08-04T17:30:22.581143+00:00	4b07bcdd7202bd55361b42b676e2bb4c77fc133cc65ad30ff68ff7dc5b0dea52	
step02_orthogroup_inference/combined_14_species/Results_Aug04/Comparative_Genomics_Statistics/OrthologuesStats_many-to-one.tsv	file	1877	2026-08-04T17:30:22.571991+00:00	d43ee814fb281d44e27c865a8c78320cff2c632e433da5150eb16fb4e5bbb005	
step02_orthogroup_inference/combined_14_species/Results_Aug04/Comparative_Genomics_Statistics/OrthologuesStats_one-to-many.tsv	file	1828	2026-08-04T17:30:22.564075+00:00	adbead6b62ff299c7befc7779b3adb83536dd9a18d87dd809f15937e24d2e6a3	
step02_orthogroup_inference/combined_14_species/Results_Aug04/Comparative_Genomics_Statistics/OrthologuesStats_one-to-one.tsv	file	1876	2026-08-04T17:30:22.563257+00:00	77feec027307dc18ce8bbf5f83071a493012c8bc5fb388c9b69fbe7f1db76fe2	
step02_orthogroup_inference/combined_14_species/Results_Aug04/Comparative_Genomics_Statistics/Statistics_Overall.tsv	file	1649	2026-08-04T17:30:42.849527+00:00	2a51ac69d7e77100bae4317da49729dbefddfc3cfc0f319b20b43da9737aa7fc	
step02_orthogroup_inference/combined_14_species/Results_Aug04/Comparative_Genomics_Statistics/Statistics_PerSpecies.tsv	file	7515	2026-08-04T17:30:42.849873+00:00	9c3dceb0c26734071dbb8db47a05ea970c365d1a38b45b382ae2e4cbee324851	
step02_orthogroup_inference/combined_14_species/Results_Aug04/Gene_Duplication_Events.tar.gz	file	8029159	2026-08-06T20:19:14.624907+00:00	6c6e89b7269963a98ba246abcef39a7648554a71ec21ee7bcb32041e9c54008d	
step02_orthogroup_inference/combined_14_species/Results_Aug04/Log.txt	file	1327	2026-08-04T17:31:01.127508+00:00	fa25702984077f16ec460064c1b482a88db061e228b67a9151cde9968f8b0b79	
step02_orthogroup_inference/combined_14_species/Results_Aug04/Orthogroups/Orthogroups.GeneCount.tsv	file	1837659	2026-08-04T17:17:18.074679+00:00	63b208b18a14b9d651e56ec97ec1ee4646792cb057c7ccb703837540299ee66e	
step02_orthogroup_inference/combined_14_species/Results_Aug04/Orthogroups/Orthogroups.tsv	file	15457933	2026-08-04T17:17:18.079633+00:00	9b16ceb7626d3cf246a539746585c3416ce5f158f4b35bb5ebd5017371c96194	
step02_orthogroup_inference/combined_14_species/Results_Aug04/Orthogroups/Orthogroups.txt	file	18022858	2026-08-04T17:17:14.909174+00:00	38fb1e3cb16ba968e406a287f422a4b3badcc2fab6fd3f14232634436ef10142	
step02_orthogroup_inference/combined_14_species/Results_Aug04/Orthogroups/Orthogroups_SingleCopyOrthologues.txt	file	5129	2026-08-04T17:30:41.540253+00:00	086e02ff070346e01201619f5ec0e0ac6f6d1ddfa001a30ca77ef0f5aca0313c	
step02_orthogroup_inference/combined_14_species/Results_Aug04/Orthogroups/Orthogroups_UnassignedGenes.tsv	file	4473771	2026-08-04T17:17:18.076188+00:00	2be0da6ce8a09af1ab6a65beb7eb430750aed25ec313adfb94a7e7428a9f0532	
step02_orthogroup_inference/combined_14_species/Results_Aug04/Phylogenetic_Hierarchical_Orthogroups.tar.gz	file	18290504	2026-08-06T20:19:18.267903+00:00	b6fcb18846a593e252d893ffb3e36191f9b344024389c8b5e20a8e7227fd99b4	
step02_orthogroup_inference/combined_14_species/Results_Aug04/Phylogenetically_Misplaced_Genes/Acanthocardia_echinata.txt	file	289	2026-08-04T17:30:02.461241+00:00	f3e16e94c4434541f98db496b58335f18e93ff00ce5d1d3c5310efdbcef731cf	
step02_orthogroup_inference/combined_14_species/Results_Aug04/Phylogenetically_Misplaced_Genes/Americardia_media.txt	file	49	2026-08-04T17:29:42.438122+00:00	86eae447ac38da03b97d35b4972f852114e9ca6918e9aa5c00ebbe04595ba3b5	
step02_orthogroup_inference/combined_14_species/Results_Aug04/Phylogenetically_Misplaced_Genes/Bullacta_exarata.txt	file	48	2026-08-04T17:29:55.473690+00:00	95ce54e43444ca11b6fb0aebe97dea3a98750b90bf5a22370be49911b6ebd477	
step02_orthogroup_inference/combined_14_species/Results_Aug04/Phylogenetically_Misplaced_Genes/Cerastoderma_edule.txt	file	84	2026-08-04T17:30:01.249868+00:00	6c2ecc7a1e035ba0bbb4b6e0169e6d67607ead0e4cdaf0f8a8171bea99043aa7	
step02_orthogroup_inference/combined_14_species/Results_Aug04/Phylogenetically_Misplaced_Genes/Elysia_chlorotica.txt	file	11	2026-08-04T17:29:55.493698+00:00	b1f0bc87be485e20e650922fe0caf0612fcd30afe712e90db398b827554f4a4c	
step02_orthogroup_inference/combined_14_species/Results_Aug04/Phylogenetically_Misplaced_Genes/Elysia_crispata.txt	file	48	2026-08-04T17:29:56.635340+00:00	0b09a23be548bd41d5b827b6477a8564c0d013800144305fd04ab1b7a0ce99fa	
step02_orthogroup_inference/combined_14_species/Results_Aug04/Phylogenetically_Misplaced_Genes/Elysia_marginata.txt	file	22	2026-08-04T17:29:55.493821+00:00	47bde939ba928bb69bd1e7c4e03e55ac4216a75b2434cc36d09fc4721a9d6106	
step02_orthogroup_inference/combined_14_species/Results_Aug04/Phylogenetically_Misplaced_Genes/Plakobranchus_ocellatus.txt	file	11	2026-08-04T17:29:55.500499+00:00	faaf1080275a2e7a655ff92c126fdba79e7e6a89adb227879cddd1b6c031a158	
step02_orthogroup_inference/combined_14_species/Results_Aug04/Phylogenetically_Misplaced_Genes/Tridacna_gigas.txt	file	247	2026-08-04T17:29:55.371983+00:00	7df90ae02f7305238429b1870983cbb2da49c5d305908056b278877d0f6d1ee3	
step02_orthogroup_inference/combined_14_species/Results_Aug04/Phylogenetically_Misplaced_Genes/Tridacna_maxima.txt	file	150	2026-08-04T17:29:56.599230+00:00	c13ca558b41e4e744da34fab0121096ea8f62c7af9dbb09ec76a9b8781aca6db	
step02_orthogroup_inference/combined_14_species/Results_Aug04/Putative_Xenologs/Acanthocardia_echinata.tsv	file	2379	2026-08-04T17:30:21.745335+00:00	37951ed48e3c8b4060bfe193e20b2f2ebbdd2cbdd1fa7ca4f168df511324c73a	
step02_orthogroup_inference/combined_14_species/Results_Aug04/Putative_Xenologs/Americardia_media.tsv	file	1048	2026-08-04T17:30:21.746148+00:00	2fd93e631f4fe82a596fea3f024b5e0a86233a0f8930c75d109b55e12de991c8	
step02_orthogroup_inference/combined_14_species/Results_Aug04/Putative_Xenologs/Aplysia_californica.tsv	file	504	2026-08-04T17:30:21.747020+00:00	61c275a9af561d7189fe563abc947fb72e167f43780e373b5060d88861797f98	
step02_orthogroup_inference/combined_14_species/Results_Aug04/Putative_Xenologs/Berghia_stephanieae.tsv	file	456	2026-08-04T17:30:21.747760+00:00	8b7a206802fbd651361f700e31a8846672003652fb44b15ef17df4a71c7f9f54	
step02_orthogroup_inference/combined_14_species/Results_Aug04/Putative_Xenologs/Bullacta_exarata.tsv	file	1147	2026-08-04T17:30:21.749723+00:00	598dae92aad5849b20a2188d8aba644450b54257b84f5836c1daeacd7bd0dbca	
step02_orthogroup_inference/combined_14_species/Results_Aug04/Putative_Xenologs/Cerastoderma_edule.tsv	file	1012	2026-08-04T17:30:21.750433+00:00	8dc98dbc78d9e71cf7b0483be5eaad6ad55c066d4f997b28db360b6c4e3b5bae	
step02_orthogroup_inference/combined_14_species/Results_Aug04/Putative_Xenologs/Elysia_chlorotica.tsv	file	543	2026-08-04T17:30:21.751271+00:00	562d1af56668fd29deeed334192db38765b625cc80f3cc6d2e610deb55b29158	
step02_orthogroup_inference/combined_14_species/Results_Aug04/Putative_Xenologs/Elysia_crispata.tsv	file	1505	2026-08-04T17:30:21.751841+00:00	35271365ec51af79e34a62c9dafa66e162c5b0820c377617f15c12eeb2d9ad64	
step02_orthogroup_inference/combined_14_species/Results_Aug04/Putative_Xenologs/Elysia_marginata.tsv	file	1590	2026-08-04T17:30:21.752546+00:00	b20af9474c3a7d316360c88702ff5c70b758238ce1729e044c6b560e1a51c807	
step02_orthogroup_inference/combined_14_species/Results_Aug04/Putative_Xenologs/Fragum_sueziense.tsv	file	706	2026-08-04T17:30:21.753190+00:00	403922843d77fde0639a31750d8ace7439e615f4060509eb8a78adc1b3466629	
step02_orthogroup_inference/combined_14_species/Results_Aug04/Putative_Xenologs/Onchidella_celtica.tsv	file	576	2026-08-04T17:30:21.753781+00:00	abe54be0ca857c70bd210e676de0884f72785e4d56be86b2fa9638cd791aecd8	
step02_orthogroup_inference/combined_14_species/Results_Aug04/Putative_Xenologs/Plakobranchus_ocellatus.tsv	file	827	2026-08-04T17:30:21.754416+00:00	c13d733dd473bee4c9a5d64fde4175024bb7656f7376e2d4d63cc86a9749c5fa	
step02_orthogroup_inference/combined_14_species/Results_Aug04/Putative_Xenologs/Tridacna_gigas.tsv	file	1834	2026-08-04T17:30:21.754980+00:00	46c49b6505327a0ac962f8167ecf72274b4f351a4a9b09c828cc0f0bd4e4f035	
step02_orthogroup_inference/combined_14_species/Results_Aug04/Putative_Xenologs/Tridacna_maxima.tsv	file	2212	2026-08-04T17:30:21.755528+00:00	aff329e92111b5e97f09756570dd55b10f23d9cbfc43462ee43bbc87b104307e	
step02_orthogroup_inference/combined_14_species/Results_Aug04/Species_Tree/Orthogroups_for_concatenated_alignment.txt	file	11920	2026-08-04T16:12:15.907763+00:00	3efcde7af6181ba026a11de9c5928b07e098fdae4f131a7c3ee9e295e5d39a8f	
step02_orthogroup_inference/combined_14_species/Results_Aug04/Species_Tree/SpeciesTree_rooted.txt	file	542	2026-08-04T17:29:34.915321+00:00	bed03d9c9cceada912a4721c77ceefa5b95ea8998c480c04c0a1f91113475118	
step02_orthogroup_inference/combined_14_species/Results_Aug04/Species_Tree/SpeciesTree_rooted_node_labels.txt	file	559	2026-08-04T17:29:34.915869+00:00	5328170f76c4d6801d13a534b992d32de117a77d3dcbf6e6c61b46c369627b28	
step02_orthogroup_inference/combined_14_species/Results_Aug04/Species_Tree_IQTree/SpeciesTreeAlignment.species_names.fa	file	6330891	2026-08-04T18:50:41.801207+00:00	739077693ae0010d75329d2b98f2b8089f0ffc66692b9931fe437f955f4f3d65	
step02_orthogroup_inference/combined_14_species/Results_Aug04/Species_Tree_IQTree/SpeciesTree_IQTREE.log	file	3634	2026-08-04T18:52:04.652723+00:00	9cf8b061e7dcc4a960def83534712da9828dfe4c651240107a13f34d63ab4c07	
step02_orthogroup_inference/combined_14_species/Results_Aug04/Species_Tree_IQTree/SpeciesTree_IQTREE.model.gz	file	40739	2026-08-05T02:12:48.396943+00:00	e74f2151a6ee901eb6f0741514f338bffe43a9a8ea79fa4fcd285363354ca0bb	
step02_orthogroup_inference/combined_14_species/Results_Aug04/Species_Tree_IQTree_restricted_mfp_v1/COMPLETE	file	26	2026-08-05T06:46:22.021132+00:00	18d0330e0f94f257e6ed20f84582c8793873a10fd4c2d1926a93ec19ac7b3827	
step02_orthogroup_inference/combined_14_species/Results_Aug04/Species_Tree_IQTree_restricted_mfp_v1/RUN_PARAMETERS.txt	file	338	2026-08-05T02:16:15.363282+00:00	0bfa1af3541da2360c5a73417aef952b1610af87ee5f8f346404b91a56cfdef6	
step02_orthogroup_inference/combined_14_species/Results_Aug04/Species_Tree_IQTree_restricted_mfp_v1/SpeciesTree_IQTREE.bionj	file	569	2026-08-05T05:31:26.793193+00:00	37e5e4bc39b8637f47842d63ddb453648daf51abfa6cf8d0c413326d8b1dd565	
step02_orthogroup_inference/combined_14_species/Results_Aug04/Species_Tree_IQTree_restricted_mfp_v1/SpeciesTree_IQTREE.ckp.gz	file	13573	2026-08-05T06:46:21.586381+00:00	61f8fffe0c7af77f330b8bebe412518bcfaabe4fc16736b0cd582f6fb645e47b	
step02_orthogroup_inference/combined_14_species/Results_Aug04/Species_Tree_IQTree_restricted_mfp_v1/SpeciesTree_IQTREE.contree	file	640	2026-08-05T06:46:20.151662+00:00	d42d928da7151f1d0227f894bbbb4d8556e91adab14ecfb42d274fd718e442ab	
step02_orthogroup_inference/combined_14_species/Results_Aug04/Species_Tree_IQTree_restricted_mfp_v1/SpeciesTree_IQTREE.iqtree	file	18804	2026-08-05T06:46:21.584777+00:00	2d9caf5dbc6f762ac87317ebca96e0b2fc15bdca3aad97a81bd1799a3f988107	
step02_orthogroup_inference/combined_14_species/Results_Aug04/Species_Tree_IQTree_restricted_mfp_v1/SpeciesTree_IQTREE.log	file	14556	2026-08-05T06:46:21.720784+00:00	2c4b24565320e826315bcc9427e27bcab96be59a90dc5e3ba012d545065d05cf	
step02_orthogroup_inference/combined_14_species/Results_Aug04/Species_Tree_IQTree_restricted_mfp_v1/SpeciesTree_IQTREE.mldist	file	2509	2026-08-05T05:31:25.403222+00:00	d0b359376e9c37e8ed9dade5a65730d52e37c503105fe85760e9ade76e7fde24	
step02_orthogroup_inference/combined_14_species/Results_Aug04/Species_Tree_IQTree_restricted_mfp_v1/SpeciesTree_IQTREE.model.gz	file	3471	2026-08-05T05:30:20.389559+00:00	b294469002b6f3daf65308da624219e2bf0da7e398c4e5cd88aba43bde09dc9e	
step02_orthogroup_inference/combined_14_species/Results_Aug04/Species_Tree_IQTree_restricted_mfp_v1/SpeciesTree_IQTREE.splits.nex	file	898	2026-08-05T06:45:58.764567+00:00	2d9a5529e496dda88c1a3ca2c272bae541718aa9c0bd712506c6256f2c3f4600	
step02_orthogroup_inference/combined_14_species/Results_Aug04/Species_Tree_IQTree_restricted_mfp_v1/SpeciesTree_IQTREE.treefile	file	684	2026-08-05T06:46:20.152675+00:00	3874244f420616b0ea273ae28c7f83407c03095417e0563776ce2f00160f1c72	
step02_orthogroup_inference/combined_14_species/latest	symlink	13	2026-08-06T20:19:13.053298+00:00		Results_Aug04
step02_orthogroup_inference/gastropoda/Results_Aug04/Citation.txt	file	2769	2026-08-04T20:55:12.367665+00:00	76a86a4cd969c42c7a8d396a2e0aa79bbf964c19de7f5ad23c9c9b5c539b79f9	
step02_orthogroup_inference/gastropoda/Results_Aug04/Comparative_Genomics_Statistics/Duplications_per_Orthogroup.tsv	file	243101	2026-08-04T20:55:02.803925+00:00	7889e13dbfa018305b2882c9a962250d4b5dcdb20c48d6958e05c5f7f951b4ba	
step02_orthogroup_inference/gastropoda/Results_Aug04/Comparative_Genomics_Statistics/Duplications_per_Species_Tree_Node.tsv	file	397	2026-08-04T20:55:02.785366+00:00	7b09fea82d8de74bae4ba7bbb3f8446c1ee5ac1842672544c971f37a863c9404	
step02_orthogroup_inference/gastropoda/Results_Aug04/Comparative_Genomics_Statistics/OrthologuesStats_Totals.tsv	file	789	2026-08-04T20:55:02.472874+00:00	2370089a112e31b951fb8d43ebeaf0d89f768e697b174c78fd6ed6ce810ac792	
step02_orthogroup_inference/gastropoda/Results_Aug04/Comparative_Genomics_Statistics/OrthologuesStats_many-to-many.tsv	file	725	2026-08-04T20:55:02.474550+00:00	deb27762358114aaeee788b8c4b748ede3941b515df3ced79bcfc342ac84bf7a	
step02_orthogroup_inference/gastropoda/Results_Aug04/Comparative_Genomics_Statistics/OrthologuesStats_many-to-one.tsv	file	744	2026-08-04T20:55:02.474207+00:00	ca9727b140a45aaef2d79f519ed22275b2e5a412ed74a38d711cba2129c22857	
step02_orthogroup_inference/gastropoda/Results_Aug04/Comparative_Genomics_Statistics/OrthologuesStats_one-to-many.tsv	file	728	2026-08-04T20:55:02.473789+00:00	cff7c7de7ae8e23f62095969bbe7a060f095d5c1a8c308c0f601a74a9f653af5	
step02_orthogroup_inference/gastropoda/Results_Aug04/Comparative_Genomics_Statistics/OrthologuesStats_one-to-one.tsv	file	742	2026-08-04T20:55:02.473312+00:00	24ece77ccb78507eb209d6030a3cbfa2c93dc48e68e0a08370727b4db2942a0c	
step02_orthogroup_inference/gastropoda/Results_Aug04/Comparative_Genomics_Statistics/Statistics_Overall.tsv	file	1592	2026-08-04T20:55:06.816349+00:00	cc34724184e3e1f1272c55c6816b6120e4fe97376e8552e22fb59e9128c31f98	
step02_orthogroup_inference/gastropoda/Results_Aug04/Comparative_Genomics_Statistics/Statistics_PerSpecies.tsv	file	4696	2026-08-04T20:55:06.816505+00:00	46b0f10e066912e090c532bf27008ba2deedb72e821ba5fcc2db195399d1d830	
step02_orthogroup_inference/gastropoda/Results_Aug04/Gene_Duplication_Events.tar.gz	file	2209590	2026-08-06T20:19:21.490563+00:00	3004533d7d6aed7496d8e97568be9d2bb3515f334c1c0df3493bb1bab3b62b0f	
step02_orthogroup_inference/gastropoda/Results_Aug04/Log.txt	file	1200	2026-08-04T20:55:12.370543+00:00	7bb7bfe048232958431c755117042162917f85c7fc6894660b51fc199abce63d	
step02_orthogroup_inference/gastropoda/Results_Aug04/Orthogroups/Orthogroups.GeneCount.tsv	file	616909	2026-08-04T20:52:01.452773+00:00	95b49a4a8f5268446b55fe75cb07c27a31c081f10675aa2fd001632d5ca3e9d4	
step02_orthogroup_inference/gastropoda/Results_Aug04/Orthogroups/Orthogroups.tsv	file	4407929	2026-08-04T20:52:01.455656+00:00	d081b52007736644e3bc97de2857f245b50a2b18429a92cbe309099462d8c78f	
step02_orthogroup_inference/gastropoda/Results_Aug04/Orthogroups/Orthogroups.txt	file	5982630	2026-08-04T20:51:59.912542+00:00	384c814a9014fc7059d4e792ad096faf8f5193f9b5db8ca73a4c9280633cfcc2	
step02_orthogroup_inference/gastropoda/Results_Aug04/Orthogroups/Orthogroups_SingleCopyOrthologues.txt	file	14579	2026-08-04T20:55:06.211771+00:00	c16d16f92498d49478e90683e4f34809560429bc74590bb0489d057987f02da2	
step02_orthogroup_inference/gastropoda/Results_Aug04/Orthogroups/Orthogroups_UnassignedGenes.tsv	file	2205293	2026-08-04T20:52:01.453722+00:00	8d31afc791586e945b64d70cd7d94c854a2b7185c154ece7696e7cb1f6872c2e	
step02_orthogroup_inference/gastropoda/Results_Aug04/Phylogenetic_Hierarchical_Orthogroups.tar.gz	file	4710216	2026-08-06T20:19:23.100994+00:00	1330d8e4a2f900146b9a24443dc5e07a488d8b426bd97d6753e009c9e51f8722	
step02_orthogroup_inference/gastropoda/Results_Aug04/Putative_Xenologs/Aplysia_californica.tsv	file	37	2026-08-04T20:55:02.103119+00:00	eff7496a1c18edc7cce1058fc75496d156d854c4579878f04bd8c52e9451cf3a	
step02_orthogroup_inference/gastropoda/Results_Aug04/Putative_Xenologs/Berghia_stephanieae.tsv	file	37	2026-08-04T20:55:02.103683+00:00	eb5e9b2bacb9b6a0853caacf3aff2182d05c84b4ec52c7570d5bcfc399a7a4da	
step02_orthogroup_inference/gastropoda/Results_Aug04/Putative_Xenologs/Bullacta_exarata.tsv	file	34	2026-08-04T20:55:02.104296+00:00	accf1fa67df42057c20bc1281fcd84da3b668fef21684467bc22cc122ab97583	
step02_orthogroup_inference/gastropoda/Results_Aug04/Putative_Xenologs/Elysia_chlorotica.tsv	file	35	2026-08-04T20:55:02.104738+00:00	048ab0bbed74ef6e7f2fddeaa7f0bf033180f111193b3e8cd5a170107c13146d	
step02_orthogroup_inference/gastropoda/Results_Aug04/Putative_Xenologs/Elysia_crispata.tsv	file	33	2026-08-04T20:55:02.105316+00:00	321c3905bb9a5fc3cf5f93ee0625419d54b0a7214218aea966945bf48b2b9389	
step02_orthogroup_inference/gastropoda/Results_Aug04/Putative_Xenologs/Elysia_marginata.tsv	file	34	2026-08-04T20:55:02.105781+00:00	aef25ed0a307be1e788ad353c73516433d1df589bc8d94e7526db0fb688ffbc4	
step02_orthogroup_inference/gastropoda/Results_Aug04/Putative_Xenologs/Onchidella_celtica.tsv	file	36	2026-08-04T20:55:02.106208+00:00	95cca07f13363936373cc6a50c2dcce2b186de4e2cc72e9c20bfab9b005879bd	
step02_orthogroup_inference/gastropoda/Results_Aug04/Putative_Xenologs/Plakobranchus_ocellatus.tsv	file	41	2026-08-04T20:55:02.106607+00:00	cb1f531557b6f87414923bf945197fae6bea04e0d9754bb0a92ccd644e947fe4	
step02_orthogroup_inference/gastropoda/Results_Aug04/Species_Tree/Orthogroups_for_concatenated_alignment.txt	file	13380	2026-08-04T19:58:42.955217+00:00	31638248a5125f0ba891c768c02e38a3041b434a27567f113a0e53473192d5ce	
step02_orthogroup_inference/gastropoda/Results_Aug04/Species_Tree/Potential_Rooted_Species_Trees/SpeciesTree_rooted_at_outgroup_0.txt	file	309	2026-08-04T20:51:37.314242+00:00	e7928ade410ecdebd1ed5585e6d77f6654a9053b97947230cc8ba390743b1785	
step02_orthogroup_inference/gastropoda/Results_Aug04/Species_Tree/Potential_Rooted_Species_Trees/SpeciesTree_rooted_at_outgroup_1.txt	file	310	2026-08-04T20:51:37.314994+00:00	0b359f0874390d23c3b5826527bed385f4fb338c7c53de391bead420759afdcc	
step02_orthogroup_inference/gastropoda/Results_Aug04/Species_Tree/Potential_Rooted_Species_Trees/SpeciesTree_rooted_at_outgroup_2.txt	file	310	2026-08-04T20:51:37.315749+00:00	d714a099c485b8b2e4175ca7fb0d64664a958cbe73cf595ae12bc6ee323d5460	
step02_orthogroup_inference/gastropoda/Results_Aug04/Species_Tree/SpeciesTree_rooted.txt	file	301	2026-08-04T20:54:52.610247+00:00	ffd31e30b8e559c540556ba3862392dafc307f9ca91f51da4bc87dff33ecb29d	
step02_orthogroup_inference/gastropoda/Results_Aug04/Species_Tree/SpeciesTree_rooted_node_labels.txt	file	309	2026-08-04T20:54:52.610632+00:00	e7928ade410ecdebd1ed5585e6d77f6654a9053b97947230cc8ba390743b1785	
step02_orthogroup_inference/gastropoda/Results_Aug04/Species_Tree_IQTree/SpeciesTreeAlignment.species_names.fa	file	4885463	2026-08-04T20:55:13.982097+00:00	f032a181a75a10bb45aee49b27a51404bacc78038e29839fd7d1eb69a3547db8	
step02_orthogroup_inference/gastropoda/Results_Aug04/Species_Tree_IQTree/SpeciesTree_IQTREE.log	file	3613	2026-08-04T20:56:17.482760+00:00	09c22a47f694b030445270d62700e5f6335cfa25cd65f3f5526f544b31eda998	
step02_orthogroup_inference/gastropoda/Results_Aug04/Species_Tree_IQTree/SpeciesTree_IQTREE.model.gz	file	25669	2026-08-05T02:07:57.482325+00:00	47422a0cb070d0a60c272192b5aab33e43b59b7dd005ab84053e95f45b7b43af	
step02_orthogroup_inference/gastropoda/Results_Aug04/Species_Tree_IQTree_restricted_mfp_v1/COMPLETE	file	26	2026-08-05T04:35:52.232170+00:00	94de473702c20ce6483d76b31bdc298f03d4f157d6edcc2a76f1ca5b5f4164f3	
step02_orthogroup_inference/gastropoda/Results_Aug04/Species_Tree_IQTree_restricted_mfp_v1/RUN_PARAMETERS.txt	file	344	2026-08-05T02:16:17.427562+00:00	4246a6f0d7a02e1970a57d7603731b6f862135972c23ba3419ac0678801ad4eb	
step02_orthogroup_inference/gastropoda/Results_Aug04/Species_Tree_IQTree_restricted_mfp_v1/SpeciesTree_IQTREE.bionj	file	315	2026-08-05T04:13:07.306082+00:00	6facec8b5f2a7e461dd8f5429d649362808498f388e957d0d051b9a4924d89a7	
step02_orthogroup_inference/gastropoda/Results_Aug04/Species_Tree_IQTree_restricted_mfp_v1/SpeciesTree_IQTREE.ckp.gz	file	12336	2026-08-05T04:35:52.017613+00:00	0f994fc98037084ca6c7fd04ef5e7637530a068e7adee91a17cd216c36861697	
step02_orthogroup_inference/gastropoda/Results_Aug04/Species_Tree_IQTree_restricted_mfp_v1/SpeciesTree_IQTREE.contree	file	348	2026-08-05T04:35:52.000880+00:00	c71f0cd5cabfb3ce4191c74cae3ca5e6a69fd37395ac4f6011aefb3713a2c725	
step02_orthogroup_inference/gastropoda/Results_Aug04/Species_Tree_IQTree_restricted_mfp_v1/SpeciesTree_IQTREE.iqtree	file	16873	2026-08-05T04:35:52.014818+00:00	e3781c55e39583ebd4a634b5b8c9013d0a69e44032cdba7e3e5eb68b062b4c70	
step02_orthogroup_inference/gastropoda/Results_Aug04/Species_Tree_IQTree_restricted_mfp_v1/SpeciesTree_IQTREE.log	file	14119	2026-08-05T04:35:52.160613+00:00	bf6f06c425300e1c596a1b14cbe4f399263a59eb51e0188f1cecdbd3b3d1a415	
step02_orthogroup_inference/gastropoda/Results_Aug04/Species_Tree_IQTree_restricted_mfp_v1/SpeciesTree_IQTREE.mldist	file	906	2026-08-05T04:13:07.304826+00:00	dea842b4213ed754248672cf3376087807ae537ff15e4ad186fc9337d602d1b0	
step02_orthogroup_inference/gastropoda/Results_Aug04/Species_Tree_IQTree_restricted_mfp_v1/SpeciesTree_IQTREE.model.gz	file	2944	2026-08-05T04:12:30.741426+00:00	68e6fdb6389693dfbe8bade7fced6256acb819efc4756194cb079daf7674533b	
step02_orthogroup_inference/gastropoda/Results_Aug04/Species_Tree_IQTree_restricted_mfp_v1/SpeciesTree_IQTREE.splits.nex	file	524	2026-08-05T04:35:42.947438+00:00	7fdda7647aa51738740bfe49a22af5d57915597d55ddc02ba015d1f267f5a583	
step02_orthogroup_inference/gastropoda/Results_Aug04/Species_Tree_IQTree_restricted_mfp_v1/SpeciesTree_IQTREE.treefile	file	368	2026-08-05T04:35:52.002545+00:00	d4aa57507e9b88f2f6cc8b669251d44ba367080468387cfb9e03893ee7dc0bcc	
step02_orthogroup_inference/gastropoda/latest	symlink	13	2026-08-06T20:19:13.075507+00:00		Results_Aug04
step03_species_tree/bivalvia/iqtree/Results_Aug04/SpeciesTreeAlignment.species_names.fa	file	7756770	2026-08-04T20:29:40.870023+00:00	e75a456fc4c41eca960af42c9795c0f5673e046aed8790fe5314872489f8489f	
step03_species_tree/bivalvia/iqtree/Results_Aug04/SpeciesTree_IQTREE.bionj	file	222	2026-08-04T22:16:38.477553+00:00	d85037f1c88de234fda7e8ee76897cc75d4744bca6eb0d35442724a084f0e8b8	
step03_species_tree/bivalvia/iqtree/Results_Aug04/SpeciesTree_IQTREE.ckp.gz	file	12514	2026-08-04T22:25:14.665118+00:00	07777b090987ab474e00e0e4c18a4a03302ac86c9a96c55850844b8d1e837cf7	
step03_species_tree/bivalvia/iqtree/Results_Aug04/SpeciesTree_IQTREE.contree	file	243	2026-08-04T22:25:14.651077+00:00	dbdea43a5502c537da95a15ad669f25a0113073e48da40fd60f60cdd1e63fce0	
step03_species_tree/bivalvia/iqtree/Results_Aug04/SpeciesTree_IQTREE.iqtree	file	14048	2026-08-04T22:25:14.663212+00:00	7b54262e2a771334be39fef904e1967d3a175d5961f78c6bb99f3e2ff3e32fb7	
step03_species_tree/bivalvia/iqtree/Results_Aug04/SpeciesTree_IQTREE.log	file	10654	2026-08-04T22:25:14.805306+00:00	ee9a9acc4bfe5a6d9aded0670588cfe99e5c1a720f7754561d92015e1a8d4b44	
step03_species_tree/bivalvia/iqtree/Results_Aug04/SpeciesTree_IQTREE.mldist	file	578	2026-08-04T22:16:38.475155+00:00	0bea6e72c7c8d73ac7f23ecaa959ea894aff68d50e99fa26f339f751d8904767	
step03_species_tree/bivalvia/iqtree/Results_Aug04/SpeciesTree_IQTREE.model.gz	file	2821	2026-08-04T22:15:24.381028+00:00	a9704636c50db9ee665d3d48297b8e96892ee180870c9994877dbec2452239c7	
step03_species_tree/bivalvia/iqtree/Results_Aug04/SpeciesTree_IQTREE.splits.nex	file	420	2026-08-04T22:25:12.907520+00:00	79ded045ae4cf3b432a175eae5c8a56ca9acf2d6238c220010b2e099b3aa34a4	
step03_species_tree/bivalvia/iqtree/Results_Aug04/SpeciesTree_IQTREE.treefile	file	255	2026-08-04T22:25:14.651358+00:00	fb6d753410be32a0de646acae187214dde6dc7792ae262499c8dba2026816101	
step03_species_tree/bivalvia/iqtree/latest	symlink	13	2026-08-06T20:19:23.138175+00:00		Results_Aug04
step03_species_tree/bivalvia/orthofinder_rooted/Results_Aug04/Orthogroups_for_concatenated_alignment.txt	file	28140	2026-08-04T19:50:48.325941+00:00	59bf79aeee174bdd58b64229bfe8939f16c2a743ce8b8bf2bd0b8f08b739c6c4	
step03_species_tree/bivalvia/orthofinder_rooted/Results_Aug04/Potential_Rooted_Species_Trees/SpeciesTree_rooted_at_outgroup_0.txt	file	224	2026-08-04T20:26:13.088139+00:00	a09bc96f256263fc95d42205865f792e959670aa50b77e2254fd1220060d47a1	
step03_species_tree/bivalvia/orthofinder_rooted/Results_Aug04/Potential_Rooted_Species_Trees/SpeciesTree_rooted_at_outgroup_1.txt	file	223	2026-08-04T20:26:13.088516+00:00	7d4eab3eed50dc1a7f0420da1a63b12f1af8386827ab65476dbdcf6dbafca32a	
step03_species_tree/bivalvia/orthofinder_rooted/Results_Aug04/SpeciesTree_rooted.txt	file	218	2026-08-04T20:29:14.661829+00:00	befe970b8724fc712b7f608a57e17ccb9b227974c6cab8c53b9eb476c4787daa	
step03_species_tree/bivalvia/orthofinder_rooted/Results_Aug04/SpeciesTree_rooted_node_labels.txt	file	224	2026-08-04T20:29:14.662750+00:00	a09bc96f256263fc95d42205865f792e959670aa50b77e2254fd1220060d47a1	
step03_species_tree/bivalvia/orthofinder_rooted/latest	symlink	13	2026-08-06T20:19:23.129496+00:00		Results_Aug04
step03_species_tree/combined_14_species/iqtree_restricted/Results_Aug04/COMPLETE	file	26	2026-08-05T06:46:22.021132+00:00	18d0330e0f94f257e6ed20f84582c8793873a10fd4c2d1926a93ec19ac7b3827	
step03_species_tree/combined_14_species/iqtree_restricted/Results_Aug04/RUN_PARAMETERS.txt	file	338	2026-08-05T02:16:15.363282+00:00	0bfa1af3541da2360c5a73417aef952b1610af87ee5f8f346404b91a56cfdef6	
step03_species_tree/combined_14_species/iqtree_restricted/Results_Aug04/SpeciesTree_IQTREE.bionj	file	569	2026-08-05T05:31:26.793193+00:00	37e5e4bc39b8637f47842d63ddb453648daf51abfa6cf8d0c413326d8b1dd565	
step03_species_tree/combined_14_species/iqtree_restricted/Results_Aug04/SpeciesTree_IQTREE.ckp.gz	file	13573	2026-08-05T06:46:21.586381+00:00	61f8fffe0c7af77f330b8bebe412518bcfaabe4fc16736b0cd582f6fb645e47b	
step03_species_tree/combined_14_species/iqtree_restricted/Results_Aug04/SpeciesTree_IQTREE.contree	file	640	2026-08-05T06:46:20.151662+00:00	d42d928da7151f1d0227f894bbbb4d8556e91adab14ecfb42d274fd718e442ab	
step03_species_tree/combined_14_species/iqtree_restricted/Results_Aug04/SpeciesTree_IQTREE.iqtree	file	18804	2026-08-05T06:46:21.584777+00:00	2d9caf5dbc6f762ac87317ebca96e0b2fc15bdca3aad97a81bd1799a3f988107	
step03_species_tree/combined_14_species/iqtree_restricted/Results_Aug04/SpeciesTree_IQTREE.log	file	14556	2026-08-05T06:46:21.720784+00:00	2c4b24565320e826315bcc9427e27bcab96be59a90dc5e3ba012d545065d05cf	
step03_species_tree/combined_14_species/iqtree_restricted/Results_Aug04/SpeciesTree_IQTREE.mldist	file	2509	2026-08-05T05:31:25.403222+00:00	d0b359376e9c37e8ed9dade5a65730d52e37c503105fe85760e9ade76e7fde24	
step03_species_tree/combined_14_species/iqtree_restricted/Results_Aug04/SpeciesTree_IQTREE.model.gz	file	3471	2026-08-05T05:30:20.389559+00:00	b294469002b6f3daf65308da624219e2bf0da7e398c4e5cd88aba43bde09dc9e	
step03_species_tree/combined_14_species/iqtree_restricted/Results_Aug04/SpeciesTree_IQTREE.splits.nex	file	898	2026-08-05T06:45:58.764567+00:00	2d9a5529e496dda88c1a3ca2c272bae541718aa9c0bd712506c6256f2c3f4600	
step03_species_tree/combined_14_species/iqtree_restricted/Results_Aug04/SpeciesTree_IQTREE.treefile	file	684	2026-08-05T06:46:20.152675+00:00	3874244f420616b0ea273ae28c7f83407c03095417e0563776ce2f00160f1c72	
step03_species_tree/combined_14_species/iqtree_restricted/latest	symlink	13	2026-08-06T20:19:23.120986+00:00		Results_Aug04
step03_species_tree/combined_14_species/orthofinder_rooted/Results_Aug04/Orthogroups_for_concatenated_alignment.txt	file	11920	2026-08-04T16:12:15.907763+00:00	3efcde7af6181ba026a11de9c5928b07e098fdae4f131a7c3ee9e295e5d39a8f	
step03_species_tree/combined_14_species/orthofinder_rooted/Results_Aug04/SpeciesTree_rooted.txt	file	542	2026-08-04T17:29:34.915321+00:00	bed03d9c9cceada912a4721c77ceefa5b95ea8998c480c04c0a1f91113475118	
step03_species_tree/combined_14_species/orthofinder_rooted/Results_Aug04/SpeciesTree_rooted_node_labels.txt	file	559	2026-08-04T17:29:34.915869+00:00	5328170f76c4d6801d13a534b992d32de117a77d3dcbf6e6c61b46c369627b28	
step03_species_tree/combined_14_species/orthofinder_rooted/latest	symlink	13	2026-08-06T20:19:23.112151+00:00		Results_Aug04
step03_species_tree/gastropoda/iqtree_restricted/Results_Aug04/COMPLETE	file	26	2026-08-05T04:35:52.232170+00:00	94de473702c20ce6483d76b31bdc298f03d4f157d6edcc2a76f1ca5b5f4164f3	
step03_species_tree/gastropoda/iqtree_restricted/Results_Aug04/RUN_PARAMETERS.txt	file	344	2026-08-05T02:16:17.427562+00:00	4246a6f0d7a02e1970a57d7603731b6f862135972c23ba3419ac0678801ad4eb	
step03_species_tree/gastropoda/iqtree_restricted/Results_Aug04/SpeciesTree_IQTREE.bionj	file	315	2026-08-05T04:13:07.306082+00:00	6facec8b5f2a7e461dd8f5429d649362808498f388e957d0d051b9a4924d89a7	
step03_species_tree/gastropoda/iqtree_restricted/Results_Aug04/SpeciesTree_IQTREE.ckp.gz	file	12336	2026-08-05T04:35:52.017613+00:00	0f994fc98037084ca6c7fd04ef5e7637530a068e7adee91a17cd216c36861697	
step03_species_tree/gastropoda/iqtree_restricted/Results_Aug04/SpeciesTree_IQTREE.contree	file	348	2026-08-05T04:35:52.000880+00:00	c71f0cd5cabfb3ce4191c74cae3ca5e6a69fd37395ac4f6011aefb3713a2c725	
step03_species_tree/gastropoda/iqtree_restricted/Results_Aug04/SpeciesTree_IQTREE.iqtree	file	16873	2026-08-05T04:35:52.014818+00:00	e3781c55e39583ebd4a634b5b8c9013d0a69e44032cdba7e3e5eb68b062b4c70	
step03_species_tree/gastropoda/iqtree_restricted/Results_Aug04/SpeciesTree_IQTREE.log	file	14119	2026-08-05T04:35:52.160613+00:00	bf6f06c425300e1c596a1b14cbe4f399263a59eb51e0188f1cecdbd3b3d1a415	
step03_species_tree/gastropoda/iqtree_restricted/Results_Aug04/SpeciesTree_IQTREE.mldist	file	906	2026-08-05T04:13:07.304826+00:00	dea842b4213ed754248672cf3376087807ae537ff15e4ad186fc9337d602d1b0	
step03_species_tree/gastropoda/iqtree_restricted/Results_Aug04/SpeciesTree_IQTREE.model.gz	file	2944	2026-08-05T04:12:30.741426+00:00	68e6fdb6389693dfbe8bade7fced6256acb819efc4756194cb079daf7674533b	
step03_species_tree/gastropoda/iqtree_restricted/Results_Aug04/SpeciesTree_IQTREE.splits.nex	file	524	2026-08-05T04:35:42.947438+00:00	7fdda7647aa51738740bfe49a22af5d57915597d55ddc02ba015d1f267f5a583	
step03_species_tree/gastropoda/iqtree_restricted/Results_Aug04/SpeciesTree_IQTREE.treefile	file	368	2026-08-05T04:35:52.002545+00:00	d4aa57507e9b88f2f6cc8b669251d44ba367080468387cfb9e03893ee7dc0bcc	
step03_species_tree/gastropoda/iqtree_restricted/latest	symlink	13	2026-08-06T20:19:23.157140+00:00		Results_Aug04
step03_species_tree/gastropoda/orthofinder_rooted/Results_Aug04/Orthogroups_for_concatenated_alignment.txt	file	13380	2026-08-04T19:58:42.955217+00:00	31638248a5125f0ba891c768c02e38a3041b434a27567f113a0e53473192d5ce	
step03_species_tree/gastropoda/orthofinder_rooted/Results_Aug04/Potential_Rooted_Species_Trees/SpeciesTree_rooted_at_outgroup_0.txt	file	309	2026-08-04T20:51:37.314242+00:00	e7928ade410ecdebd1ed5585e6d77f6654a9053b97947230cc8ba390743b1785	
step03_species_tree/gastropoda/orthofinder_rooted/Results_Aug04/Potential_Rooted_Species_Trees/SpeciesTree_rooted_at_outgroup_1.txt	file	310	2026-08-04T20:51:37.314994+00:00	0b359f0874390d23c3b5826527bed385f4fb338c7c53de391bead420759afdcc	
step03_species_tree/gastropoda/orthofinder_rooted/Results_Aug04/Potential_Rooted_Species_Trees/SpeciesTree_rooted_at_outgroup_2.txt	file	310	2026-08-04T20:51:37.315749+00:00	d714a099c485b8b2e4175ca7fb0d64664a958cbe73cf595ae12bc6ee323d5460	
step03_species_tree/gastropoda/orthofinder_rooted/Results_Aug04/SpeciesTree_rooted.txt	file	301	2026-08-04T20:54:52.610247+00:00	ffd31e30b8e559c540556ba3862392dafc307f9ca91f51da4bc87dff33ecb29d	
step03_species_tree/gastropoda/orthofinder_rooted/Results_Aug04/SpeciesTree_rooted_node_labels.txt	file	309	2026-08-04T20:54:52.610632+00:00	e7928ade410ecdebd1ed5585e6d77f6654a9053b97947230cc8ba390743b1785	
step03_species_tree/gastropoda/orthofinder_rooted/latest	symlink	13	2026-08-06T20:19:23.147841+00:00		Results_Aug04
step04_orthogroup_distribution/latest	symlink	12	2026-08-06T20:19:23.169678+00:00		run_18269662
step04_orthogroup_distribution/run_18269662/COMPLETE	file	33	2026-08-04T23:31:54.622879+00:00	418a11bb520c5cbf0050dc18f8ca62b662becdf4ca3159aa4176e2d4a6107e7c	
step04_orthogroup_distribution/run_18269662/README.md	file	1083	2026-08-04T23:31:54.622640+00:00	0bab126412b9aadd5661b7419e69568a5e15ac314047b546e2df0e6df3820510	
step04_orthogroup_distribution/run_18269662/bivalvia/category_summary.tsv	file	287	2026-08-04T23:31:53.172139+00:00	8ecb8c6dad7094394a7bb627ca50db996e4468522ea4502e32a659ee23e7dac4	
step04_orthogroup_distribution/run_18269662/bivalvia/core_orthogroups.tsv	file	2518814	2026-08-04T23:31:53.423808+00:00	f84b7204c37b13d22cfd6f080c5070161ce9d2030f45eb387bc28bcda39913b0	
step04_orthogroup_distribution/run_18269662/bivalvia/high_copy_families_ge100.tsv	file	19812	2026-08-04T23:31:53.428823+00:00	7c2de34786870a3056ba152672f0750c97a1627ede21226576083bc1c9a0648a	
step04_orthogroup_distribution/run_18269662/bivalvia/orthogroup_categories.svg	file	1967	2026-08-04T23:31:53.429242+00:00	57662e64b4142dd732d39ffe659e021cbe3e69f39080c3f3b81d6bef3e14d48d	
step04_orthogroup_distribution/run_18269662/bivalvia/orthogroup_distribution.tsv	file	6713903	2026-08-04T23:31:53.170025+00:00	3e584d0856503fe7b4a8a669d94d281200d6d22a0ada552450214f96fce0f6dc	
step04_orthogroup_distribution/run_18269662/bivalvia/qc_checks.tsv	file	170	2026-08-04T23:31:53.429876+00:00	5b69a9bcd92904b41e3a298f8905873854bd7035d826fe7762369d53724b5d75	
step04_orthogroup_distribution/run_18269662/bivalvia/species_assignment_rates.svg	file	2311	2026-08-04T23:31:53.429582+00:00	5be2da278e3bb53b8ed2612eafa5329c28b3b6ef3284aa6ace13c351e983e7df	
step04_orthogroup_distribution/run_18269662/bivalvia/species_assignment_summary.tsv	file	346	2026-08-04T23:31:53.277517+00:00	f19d3c7dd5e75f76e24f8e4a98cbd523d49b8069650055c8b6801d1e0c177438	
step04_orthogroup_distribution/run_18269662/bivalvia/species_specific_orthogroups.tsv	file	1866344	2026-08-04T23:31:53.351746+00:00	08db11555f84b09cb109ae9749501a1dfa4b6102581c4deee606fc97e7218686	
step04_orthogroup_distribution/run_18269662/combined/bivalvia_only_orthogroups.tsv	file	851388	2026-08-04T23:31:54.597041+00:00	86b1323f7c1f167859efe23727e42a3021bb83cfa18e920f37086a9c175a9ed0	
step04_orthogroup_distribution/run_18269662/combined/category_summary.tsv	file	286	2026-08-04T23:31:51.616018+00:00	4e83df81c51b9d48b915b2f4652bf9b8bb51304a3e3b31a10e294431fe1e9caa	
step04_orthogroup_distribution/run_18269662/combined/class_distribution.svg	file	1322	2026-08-04T23:31:54.615676+00:00	b14853eaf03cb1e2aca27a78e3affee81854056f62f46459165188b95392a25d	
step04_orthogroup_distribution/run_18269662/combined/class_distribution.tsv	file	1915842	2026-08-04T23:31:54.547420+00:00	bcc730980d64e82765b1b71631397bcc9910d5c95caccd28ee738ef2bfef6561	
step04_orthogroup_distribution/run_18269662/combined/class_distribution_summary.tsv	file	176	2026-08-04T23:31:54.548452+00:00	1b52fe534bca2105cfc79e5d4ff83a223f0b7036614768e91f5972e7ee41ae4f	
step04_orthogroup_distribution/run_18269662/combined/core_orthogroups.tsv	file	3212850	2026-08-04T23:31:52.197384+00:00	ef59afc50352c5f535ed16281e2f27707d02f1e0cc07160a743b40a4bfd7b69b	
step04_orthogroup_distribution/run_18269662/combined/gastropoda_only_orthogroups.tsv	file	287200	2026-08-04T23:31:54.615129+00:00	0c3e173703a9761d83fd57717d5486d2dfe3a0079b9dee480354e98f6c501d7c	
step04_orthogroup_distribution/run_18269662/combined/high_copy_families_ge100.tsv	file	41134	2026-08-04T23:31:52.206159+00:00	32f07101c66aa034f70491f76225219730c5a2ad73a240db414f3b1b82278ca6	
step04_orthogroup_distribution/run_18269662/combined/orthogroup_categories.svg	file	1964	2026-08-04T23:31:52.206601+00:00	ce81f3dfb109dc55482d78549819695b0fb079cbee318ee083eda379884cefe3	
step04_orthogroup_distribution/run_18269662/combined/orthogroup_distribution.tsv	file	9614162	2026-08-04T23:31:51.613542+00:00	9f40ebe793b597bf00502c8dd20f7ac4759627b8d2509cf35cc2b4298babfccb	
step04_orthogroup_distribution/run_18269662/combined/qc_checks.tsv	file	170	2026-08-04T23:31:52.207485+00:00	5b69a9bcd92904b41e3a298f8905873854bd7035d826fe7762369d53724b5d75	
step04_orthogroup_distribution/run_18269662/combined/species_assignment_rates.svg	file	5016	2026-08-04T23:31:52.207145+00:00	d4a12110d6fff464c32cb13ba0e99664013ab10f8ca3f7938f27d514f37d5ec3	
step04_orthogroup_distribution/run_18269662/combined/species_assignment_summary.tsv	file	697	2026-08-04T23:31:52.001498+00:00	c91bd5e445e785ac1f6b0be8ee5213fdaf9bf2194845e8caf567dcd076b4877f	
step04_orthogroup_distribution/run_18269662/combined/species_specific_orthogroups.tsv	file	2510473	2026-08-04T23:31:52.109725+00:00	776ef1aab35d7bf1b019600772f4e5a615ba51f97bfe45e8b90f8c0396539cd9	
step04_orthogroup_distribution/run_18269662/gastropoda/category_summary.tsv	file	286	2026-08-04T23:31:53.998446+00:00	302e0e87a2bd62df8f5de88ba8772df65b55e894dc634997a9dc27ae79c46af6	
step04_orthogroup_distribution/run_18269662/gastropoda/core_orthogroups.tsv	file	2760865	2026-08-04T23:31:54.282058+00:00	6856ecaf8741e3ca973722a81cffb9dd960f9731f6af4a4d3548bef82482464f	
step04_orthogroup_distribution/run_18269662/gastropoda/high_copy_families_ge100.tsv	file	17616	2026-08-04T23:31:54.285049+00:00	599b4b7036b036295250cfd6f843c7b0969f9f02d659ba7b57d4118edfb7fecc	
step04_orthogroup_distribution/run_18269662/gastropoda/orthogroup_categories.svg	file	1969	2026-08-04T23:31:54.285455+00:00	2791b3c4b66b0e97e98ae60e9adf6f6b1a03e07cd5bae5cb347f72c4361ee340	
step04_orthogroup_distribution/run_18269662/gastropoda/orthogroup_distribution.tsv	file	4840579	2026-08-04T23:31:53.996518+00:00	08d30568ec0456c52442cf6b6f9f728de8c1b04915b6cb5687f7141e7750a7d7	
step04_orthogroup_distribution/run_18269662/gastropoda/qc_checks.tsv	file	170	2026-08-04T23:31:54.286173+00:00	5b69a9bcd92904b41e3a298f8905873854bd7035d826fe7762369d53724b5d75	
step04_orthogroup_distribution/run_18269662/gastropoda/species_assignment_rates.svg	file	2996	2026-08-04T23:31:54.285734+00:00	d334bf26da0ba076d9069a69edc7c0b0d497709d2dd7fda2065d699ea4027a6c	
step04_orthogroup_distribution/run_18269662/gastropoda/species_assignment_summary.tsv	file	437	2026-08-04T23:31:54.190017+00:00	9031be2aeb93e536ea5a1df2e46e896f7cfb69f75259a96e90dfde124632f885	
step04_orthogroup_distribution/run_18269662/gastropoda/species_specific_orthogroups.tsv	file	421566	2026-08-04T23:31:54.207758+00:00	b20639bae8a7698ef2c833ec522b24669a4818591beed4a13522cf88992a3006	
step04_orthogroup_distribution/run_18269662/input_manifest.tsv	file	1869	2026-08-04T23:31:54.622254+00:00	33590d6fb98ddc5e4dabad5eea2204202fab3aaeaccbddfcdbe78d7473cdfd75	
step04_orthogroup_distribution/run_18269662/step04_summary.tsv	file	350	2026-08-04T23:31:54.621721+00:00	928295eed80dc77ec5f3115ece827e1eaa54ecbc324e9ef212d14e99e44e8646	
step05_gene_family_evolution/bivalvia/latest	symlink	12	2026-08-06T20:19:23.180459+00:00		run_18269680
step05_gene_family_evolution/bivalvia/run_18269680/COMPLETE	file	26	2026-08-04T23:52:44.835052+00:00	84b7be5d9e2d3dad86916babd671840d43e1b3fe3a751df2f7653d493b5ae86e	
step05_gene_family_evolution/bivalvia/run_18269680/METHODS_AND_LIMITATIONS.txt	file	705	2026-08-04T23:46:01.324381+00:00	8b4b9e35b52ec9fc6aad0b7553d67658a53b6888ba8a574e31bea1c1254e0269	
step05_gene_family_evolution/bivalvia/run_18269680/PREPARE_COMPLETE	file	33	2026-08-04T23:46:01.325119+00:00	c740a1f507dcc4a8d40dc67f13cb048c2f89b0fd29fd71b018fa2f23436aac43	
step05_gene_family_evolution/bivalvia/run_18269680/SpeciesTree_IQTREE.rooted_relative_ultrametric.tre	file	199	2026-08-04T23:46:01.068753+00:00	6548f7b840e8bcd8b9e897921b2a294458c6659f59136aa71bb9b997b9852119	
step05_gene_family_evolution/bivalvia/run_18269680/cafe_base_error/Base_asr.tre	file	5260901	2026-08-04T23:48:07.985543+00:00	ac6a6775e9a93a167fffd4d43cf979539ba8917dd957c522abe37e3bff546690	
step05_gene_family_evolution/bivalvia/run_18269680/cafe_base_error/Base_branch_probabilities.tab	file	113886	2026-08-04T23:48:07.983941+00:00	335bba5b6fc94ace3ffb88049fb4282de7b35c19d374723a56263975d110e82c	
step05_gene_family_evolution/bivalvia/run_18269680/cafe_base_error/Base_change.tab	file	639649	2026-08-04T23:48:07.806414+00:00	b32d8d95c9e9f6c325535f844c9ecdbc6599d03dc76dd000314c9465c921bcb4	
step05_gene_family_evolution/bivalvia/run_18269680/cafe_base_error/Base_clade_results.txt	file	261	2026-08-04T23:48:07.968832+00:00	485447ff56a2fdf493549bb5ca641e539343c9c2259b2cfd2d389ac9bd6aaae8	
step05_gene_family_evolution/bivalvia/run_18269680/cafe_base_error/Base_count.tab	file	612575	2026-08-04T23:48:07.612249+00:00	8028a9a2cc49bdf445776c4d6eee6c19c4f01139219a1c06c9f7949b9fc44ef6	
step05_gene_family_evolution/bivalvia/run_18269680/cafe_base_error/Base_error_model.txt	file	82	2026-08-04T23:47:43.636605+00:00	21154a64797c76a5b3bd0e6aed229c9c75a7b1508959e0ece12a86ef35727bda	
step05_gene_family_evolution/bivalvia/run_18269680/cafe_base_error/Base_family_likelihoods.txt	file	359231	2026-08-04T23:47:43.635025+00:00	5977de6712d3c0644b11f8543b88b31019e94eb674ac7dd68f22ccf3567987fa	
step05_gene_family_evolution/bivalvia/run_18269680/cafe_base_error/Base_family_results.txt	file	340923	2026-08-04T23:48:07.865518+00:00	2f78225013d4cefde703409d71cf13308fdac4cce3f0d9638fd8631b9eeb3900	
step05_gene_family_evolution/bivalvia/run_18269680/cafe_base_error/Base_report.cafe	file	426080	2026-08-04T23:48:06.976402+00:00	f16f0002531906a7face2f2207685ce6bf01ea4ae6f349adec14e658fb518ae8	
step05_gene_family_evolution/bivalvia/run_18269680/cafe_base_error/Base_results.txt	file	182	2026-08-04T23:47:43.637072+00:00	462b1d4a94727c0fbdc9c9481c53e5c8300f8468b5cc1fe38e243ff75e7e13ea	
step05_gene_family_evolution/bivalvia/run_18269680/cafe_gamma_k2/Gamma_asr.tre	file	5260325	2026-08-04T23:52:44.790088+00:00	e1b1c5e2185ec58edef76db3b101004f010b9fab995a8050df0e0444fb972ffc	
step05_gene_family_evolution/bivalvia/run_18269680/cafe_gamma_k2/Gamma_branch_probabilities.tab	file	73268	2026-08-04T23:52:44.703522+00:00	4289a40460adc339ef61fbc0a693e01c6cfd5028a881efac1aacff1dfe0236b0	
step05_gene_family_evolution/bivalvia/run_18269680/cafe_gamma_k2/Gamma_category_likelihoods.txt	file	656492	2026-08-04T23:52:44.788986+00:00	4c3b1d4f10dea5791503b7f924a445cb0ea38ee447e54bb23b1c90eb8a281256	
step05_gene_family_evolution/bivalvia/run_18269680/cafe_gamma_k2/Gamma_change.tab	file	640127	2026-08-04T23:52:44.558610+00:00	13ff912e78557d45f458a5ade6c9b57bc7164ed6bd9a14aed63de5c25bf87799	
step05_gene_family_evolution/bivalvia/run_18269680/cafe_gamma_k2/Gamma_clade_results.txt	file	262	2026-08-04T23:52:44.693582+00:00	58847b1e2e956c681d29289042f5dc76b1e3a77faaf75b6efeef9c4188dc56e5	
step05_gene_family_evolution/bivalvia/run_18269680/cafe_gamma_k2/Gamma_count.tab	file	612576	2026-08-04T23:52:44.389886+00:00	6ace3ff9a287818af63432f73b1eb718f6c8eddee395f3f7b41dcb1770a3ec86	
step05_gene_family_evolution/bivalvia/run_18269680/cafe_gamma_k2/Gamma_error_model.txt	file	80	2026-08-04T23:52:15.590827+00:00	b600f35fda7aca8c68be7e8cf2d5ca39d61a6ebb17d4acb1b0e1a02780011eb2	
step05_gene_family_evolution/bivalvia/run_18269680/cafe_gamma_k2/Gamma_family_likelihoods.txt	file	2068590	2026-08-04T23:52:15.590853+00:00	068fd8170d29d2c210bfa1d69a55971792609384a322e95925bff9e792056570	
step05_gene_family_evolution/bivalvia/run_18269680/cafe_gamma_k2/Gamma_family_results.txt	file	339744	2026-08-04T23:52:44.616758+00:00	fe6536b686971193448072d1ee2864bb9649f8eaca9619bfc9b540cdbd2f8e50	
step05_gene_family_evolution/bivalvia/run_18269680/cafe_gamma_k2/Gamma_report.cafe	file	274051	2026-08-04T23:52:43.797835+00:00	f1f8278ff9cfd40e7895a2856e00e41664fdd197fa1f339ac9e47395e1cebf6a	
step05_gene_family_evolution/bivalvia/run_18269680/cafe_gamma_k2/Gamma_results.txt	file	199	2026-08-04T23:52:15.537156+00:00	1f08555bc9c4f189e41a2e5fbc24e0507a8f2bba3fbd90ecc26ffa4a856a4fce	
step05_gene_family_evolution/bivalvia/run_18269680/cafe_input_large_ge100.tsv	file	1340	2026-08-04T23:46:01.320656+00:00	791d2770b73718790390aa34cad9a3927c3c75f608fabeff24bd7210f3688be2	
step05_gene_family_evolution/bivalvia/run_18269680/cafe_input_primary.tsv	file	555152	2026-08-04T23:46:01.320782+00:00	17ee659d55edd7d216ec405f6f3b290c0a2141f97bdfebe5f9b97385f048832b	
step05_gene_family_evolution/bivalvia/run_18269680/cafe_input_root_absent.tsv	file	623882	2026-08-04T23:46:01.319834+00:00	dca6599bd3a88bdc6f603625fa5eb14df77278d5a0f6139312f9d837a1cf7771	
step05_gene_family_evolution/bivalvia/run_18269680/cafe_input_summary.tsv	file	383	2026-08-04T23:46:01.323327+00:00	03e35a98105c43e2b8bbc6cab63f574b4a2b61d53dca3c3f3524b590116e4b63	
step05_gene_family_evolution/bivalvia/run_18269680/cafe_output_manifest.tsv	file	3454	2026-08-04T23:52:44.833040+00:00	45aec83c4cdd7810831ceeec19a4c3bf2b7ac729c98f887e219dc63c2379a241	
step05_gene_family_evolution/gastropoda/latest	symlink	12	2026-08-06T20:19:23.189776+00:00		run_18269850
step05_gene_family_evolution/gastropoda/run_18269850/COMPLETE	file	26	2026-08-05T04:49:13.820069+00:00	e6215dbee68c624cb19d29068faad75752190ea1efe26e375bde50571dd41ca6	
step05_gene_family_evolution/gastropoda/run_18269850/METHODS_AND_LIMITATIONS.txt	file	707	2026-08-05T04:36:44.430150+00:00	e1b3c86e85677676987fd07872544e1aa29f2c5e5495dfc4cc052be1cae52f00	
step05_gene_family_evolution/gastropoda/run_18269850/PREPARE_COMPLETE	file	33	2026-08-05T04:36:44.431384+00:00	a28bb5bbf9bc8945316ae3201427db030537cb736043063f1bfcc74c529fed46	
step05_gene_family_evolution/gastropoda/run_18269850/SpeciesTree_IQTREE.rooted_relative_ultrametric.tre	file	273	2026-08-05T04:36:44.230415+00:00	b75d60043e045ff3b49118df40cc3dca2ce179ba007720f239c8237dc062ee27	
step05_gene_family_evolution/gastropoda/run_18269850/cafe_base_error/Base_asr.tre	file	5100613	2026-08-05T04:41:12.404800+00:00	c0b8ee13ba16961208bd30c2bd45592c66005a3a6c5a7395b4adbfefc9f34d89	
step05_gene_family_evolution/gastropoda/run_18269850/cafe_base_error/Base_branch_probabilities.tab	file	145268	2026-08-05T04:41:12.403598+00:00	d5707c12e2371e3bfd3982d599cca06662a5ff07555a39dade721a616482840a	
step05_gene_family_evolution/gastropoda/run_18269850/cafe_base_error/Base_change.tab	file	568313	2026-08-05T04:41:12.239118+00:00	fe927bdb93113c589587d782520ad9df42bb70f680837da78fcbb7d3eaf5183f	
step05_gene_family_evolution/gastropoda/run_18269850/cafe_base_error/Base_clade_results.txt	file	353	2026-08-05T04:41:12.386630+00:00	2a90dffa771e60b689272f2a40d9cb1b9bda474270498d35c7104af831f4b031	
step05_gene_family_evolution/gastropoda/run_18269850/cafe_base_error/Base_count.tab	file	548076	2026-08-05T04:41:12.061282+00:00	4d8bd1bff9f40f7115db99b293a1d4133fa7190684e5baef6b27b15ed332d8c2	
step05_gene_family_evolution/gastropoda/run_18269850/cafe_base_error/Base_error_model.txt	file	82	2026-08-05T04:40:40.102018+00:00	ce19168d72b53208a35be9ecd9f5d119573181e6abb0b7f55a2409d93e8abd97	
step05_gene_family_evolution/gastropoda/run_18269850/cafe_base_error/Base_family_likelihoods.txt	file	258448	2026-08-05T04:40:40.100491+00:00	45c0c8cff6c4c7a660d77142367d323261e28c49f23b6ccf6d574557d32ed58a	
step05_gene_family_evolution/gastropoda/run_18269850/cafe_base_error/Base_family_results.txt	file	240902	2026-08-05T04:41:12.282721+00:00	fd803631bc33681ad1dd737425522973786311d9bea623c327ed3925f44f134e	
step05_gene_family_evolution/gastropoda/run_18269850/cafe_base_error/Base_report.cafe	file	541775	2026-08-05T04:41:11.404971+00:00	e05f07a4be53d0aa81e93b7bcfc569aaa6f8652fc9125e9d3af0f45f08ed7438	
step05_gene_family_evolution/gastropoda/run_18269850/cafe_base_error/Base_results.txt	file	177	2026-08-05T04:40:40.102267+00:00	c91f39e323284eec4dc22ca8de4b4804b985deb60b798bf18d2d3ddff21ff625	
step05_gene_family_evolution/gastropoda/run_18269850/cafe_gamma_k2/Gamma_asr.tre	file	5101748	2026-08-05T04:49:13.745682+00:00	464ead77784021360dffc4854ed9d299d1f0332c1e063a48e898f93cfb2917ac	
step05_gene_family_evolution/gastropoda/run_18269850/cafe_gamma_k2/Gamma_branch_probabilities.tab	file	213786	2026-08-05T04:49:13.673548+00:00	c3c7a4fe31ad5c5a9d075050c07553545b597d4ae69da78661e3f5dbe6dd44da	
step05_gene_family_evolution/gastropoda/run_18269850/cafe_gamma_k2/Gamma_category_likelihoods.txt	file	468128	2026-08-05T04:49:13.743795+00:00	4f314242dc8a23b2abc36bf567d2fab8d0ae408bfb19f59c3c1adea13736434a	
step05_gene_family_evolution/gastropoda/run_18269850/cafe_gamma_k2/Gamma_change.tab	file	569722	2026-08-05T04:49:13.524967+00:00	dace10dc8320eb1c1d35ccd8de05f1592c839abe15cd8ca4c8439898352322b4	
step05_gene_family_evolution/gastropoda/run_18269850/cafe_gamma_k2/Gamma_clade_results.txt	file	357	2026-08-05T04:49:13.650257+00:00	18345663aca37844e0ce86ad3466f56ce93fabc7801fe9570f324b7db9306eca	
step05_gene_family_evolution/gastropoda/run_18269850/cafe_gamma_k2/Gamma_count.tab	file	548082	2026-08-05T04:49:13.369843+00:00	28a7338f5eb0a66e77506888dff325c1baa067fd17c3e9a8c8b7e61a8016ba50	
step05_gene_family_evolution/gastropoda/run_18269850/cafe_gamma_k2/Gamma_error_model.txt	file	80	2026-08-05T04:48:15.154067+00:00	fd32acf11ce3411fdbeefe2afbec0b16e0c100357b6574b9c714c81ee1e6b0ad	
step05_gene_family_evolution/gastropoda/run_18269850/cafe_gamma_k2/Gamma_family_likelihoods.txt	file	1462933	2026-08-05T04:48:15.154094+00:00	2ba2d7a92de5a7948a791d8e5f4bd9db620fdae894739434460b53b5f4a02cc5	
step05_gene_family_evolution/gastropoda/run_18269850/cafe_gamma_k2/Gamma_family_results.txt	file	242592	2026-08-05T04:49:13.569077+00:00	e61c75092b4803fd9019e8ea0836adecd99f73b848a47f131139ff3443e0048b	
step05_gene_family_evolution/gastropoda/run_18269850/cafe_gamma_k2/Gamma_report.cafe	file	801769	2026-08-05T04:49:12.729681+00:00	b2e689941dfeb6f8b74b8947b45c2e1a61e9617d1c1efb05b503f468ed48d675	
step05_gene_family_evolution/gastropoda/run_18269850/cafe_gamma_k2/Gamma_results.txt	file	355517	2026-08-05T04:48:15.112754+00:00	b19ea15866a9377f9cbbf940e59827fda3690fd524b59580c5818f5fd61d58b3	
step05_gene_family_evolution/gastropoda/run_18269850/cafe_input_large_ge100.tsv	file	1890	2026-08-05T04:36:44.426645+00:00	1f1bb5509431d85bd66a08a3e1dc4d82ca89b5d239f5b3dc69c42112c076034a	
step05_gene_family_evolution/gastropoda/run_18269850/cafe_input_primary.tsv	file	452163	2026-08-05T04:36:44.426889+00:00	98df23c44d920cd4dce6b45d7d24185783aa52bbc6123289a898692f05309380	
step05_gene_family_evolution/gastropoda/run_18269850/cafe_input_root_absent.tsv	file	239901	2026-08-05T04:36:44.426441+00:00	3f63cfe2c782ed35c97a6c66dde20ec0a4366f2aef4b8aedf752a31affdd828c	
step05_gene_family_evolution/gastropoda/run_18269850/cafe_input_summary.tsv	file	428	2026-08-05T04:36:44.428844+00:00	913bde7d03a5f69526f401b8ab4ecf4b16a3bae9ad2988ca2b0eebeb5509e793	
step05_gene_family_evolution/gastropoda/run_18269850/cafe_output_manifest.tsv	file	3500	2026-08-05T04:49:13.817394+00:00	d6605d1140bf3bd48f40993be98fa78eb674db1cee92738645643c64de24726a	
step06_candidate_gene_families/latest	symlink	12	2026-08-06T20:19:23.198911+00:00		run_18271359
step06_candidate_gene_families/run_18271359/COMPLETE	file	33	2026-08-05T10:20:33.501959+00:00	77ca2bb4741f548be012969a9fee538975274a0b5b183c42bbc5aada16507c0f	
step06_candidate_gene_families/run_18271359/METHODS_AND_LIMITATIONS.txt	file	1012	2026-08-05T10:20:33.501639+00:00	fcc950b483b5f409529ed5172172f87a98c6d4d9be0967b243b4c8d0fea0fe52	
step06_candidate_gene_families/run_18271359/bivalvia/annotation_representatives_longest_per_species.faa	file	1041388	2026-08-05T10:20:31.279792+00:00	380c504a273c2b32bb72f2af1b8d1cd6e32d9e33f9f65f36cf7e900e6709e8dc	
step06_candidate_gene_families/run_18271359/bivalvia/candidate_families_ranked.tsv	file	181437	2026-08-05T10:20:29.719047+00:00	bc23035a715b61d983189c8871b62cbfbcc0f4b3eabb644ab1b3ad0b3ab8af45	
step06_candidate_gene_families/run_18271359/bivalvia/candidate_gene_membership.tsv	file	1646293	2026-08-05T10:20:30.000243+00:00	83b2920b89f4b9fb90a285d052624363283592d5f4483e06467a5cc394755915	
step06_candidate_gene_families/run_18271359/bivalvia/high_confidence_branch_events.tsv	file	96775	2026-08-05T10:20:29.694674+00:00	2f033b4d80301f19d6bbfe9ac7a79a358de73d38e5c3e87ae57b7fa295361d1c	
step06_candidate_gene_families/run_18271359/bivalvia/high_confidence_families.tsv	file	82870	2026-08-05T10:20:29.722410+00:00	17c7dcc15dc383649e452a1424999e415901c9194095665c23da8fa6c109b883	
step06_candidate_gene_families/run_18271359/bivalvia/high_confidence_family_all_members.faa	file	5082333	2026-08-05T10:20:31.258379+00:00	0b81e1c2697479397ba9d2365f8cd7a0e9120866f410f0c181c4f82819de752d	
step06_candidate_gene_families/run_18271359/bivalvia/high_confidence_sequence_inventory.tsv	file	1126164	2026-08-05T10:20:31.310659+00:00	62e1e371eb5f31afc514788de800e4c58d94751f6ae37d6393a6a25824455939	
step06_candidate_gene_families/run_18271359/bivalvia/high_confidence_terminal_expansion_proteins.faa	file	3906502	2026-08-05T10:20:31.274785+00:00	37e657101a48019fffb39b92d954d3ed02ab89417684d3abc837d7e18407919b	
step06_candidate_gene_families/run_18271359/bivalvia/missing_high_confidence_sequences.tsv	file	22	2026-08-05T10:20:31.217427+00:00	4c330e87eea0ebe8e00906718137aa2de4208d9876796bf3f53adc08e59a3427	
step06_candidate_gene_families/run_18271359/bivalvia/significant_family_branch_changes.tsv	file	662262	2026-08-05T10:20:29.689214+00:00	bfcd3595ff40399176ac504d86b3e496e95b7ca36032b760522295c4f2d27c7d	
step06_candidate_gene_families/run_18271359/bivalvia/summary.tsv	file	412	2026-08-05T10:20:31.313798+00:00	1be4779376141bbcaeaeb7ac11f00a2de2870ada94b86e4ee264ac40a6bcadc5	
step06_candidate_gene_families/run_18271359/bivalvia/terminal_candidate_events.tsv	file	204820	2026-08-05T10:20:29.701515+00:00	6fdb25ba5ad0375e935c48810d0679c2ad8331bb9efaa52e9d7c1a6716b74a67	
step06_candidate_gene_families/run_18271359/gastropoda/annotation_representatives_longest_per_species.faa	file	2609507	2026-08-05T10:20:33.417526+00:00	ad35cb32b99e1cdaa1334bd99dede7fb9a5d7e55e0163b3162f3b073def73bf3	
step06_candidate_gene_families/run_18271359/gastropoda/candidate_families_ranked.tsv	file	180841	2026-08-05T10:20:32.031882+00:00	e79af4a516ef0ed1f3c8782ebbcc0d5a342703be79e9b115f1c0f318b7b80193	
step06_candidate_gene_families/run_18271359/gastropoda/candidate_gene_membership.tsv	file	2216410	2026-08-05T10:20:32.259862+00:00	a0ffa52fac321a1ad23efa88c32e296fa91ef42f7823c8534f41fd1d0b812618	
step06_candidate_gene_families/run_18271359/gastropoda/high_confidence_branch_events.tsv	file	172793	2026-08-05T10:20:32.006649+00:00	f3f5ef13702180c008ae49d36ebbb0551c6d468ad2236821610da0250acd0522	
step06_candidate_gene_families/run_18271359/gastropoda/high_confidence_families.tsv	file	100337	2026-08-05T10:20:32.035760+00:00	5ec865de7be1d263b66644709a2b77ee16340e889a6fffbb14f3145ec0cbf2b2	
step06_candidate_gene_families/run_18271359/gastropoda/high_confidence_family_all_members.faa	file	10941889	2026-08-05T10:20:33.376840+00:00	43335a76b416b4985db7940fece927be1e09556e032b4ba780cc4e718baa78fc	
step06_candidate_gene_families/run_18271359/gastropoda/high_confidence_sequence_inventory.tsv	file	1666858	2026-08-05T10:20:33.465983+00:00	6f2620b5cfff2f6bcdc6743b94fc0b563a30ce73c37e0f05edbffe0a316dfdcf	
step06_candidate_gene_families/run_18271359/gastropoda/high_confidence_terminal_expansion_proteins.faa	file	6999935	2026-08-05T10:20:33.405930+00:00	ca72e28721473ab845673286a8b29e609010b6f38e6d5de8cabb200bd29773e0	
step06_candidate_gene_families/run_18271359/gastropoda/missing_high_confidence_sequences.tsv	file	22	2026-08-05T10:20:33.295781+00:00	4c330e87eea0ebe8e00906718137aa2de4208d9876796bf3f53adc08e59a3427	
step06_candidate_gene_families/run_18271359/gastropoda/significant_family_branch_changes.tsv	file	936539	2026-08-05T10:20:31.998703+00:00	dbee17efc13a35fd8a5b956c713a505ee33f4284c7f8f6ccc1c4090dac5a79b6	
step06_candidate_gene_families/run_18271359/gastropoda/summary.tsv	file	416	2026-08-05T10:20:33.468904+00:00	dc8ee6e5b7bcbaccf60cbde15685eaea3bf2e237bf30bbeaa498e3287681fc9a	
step06_candidate_gene_families/run_18271359/gastropoda/terminal_candidate_events.tsv	file	270611	2026-08-05T10:20:32.015171+00:00	7ddc2456bb6d40101ff93dd892323a6bff8f0af309d20da4c3535e124643ffc2	
step06_candidate_gene_families/run_18271359/step06_summary.tsv	file	480	2026-08-05T10:20:33.501124+00:00	125e0656dfca3a34a535f4634dc44754a24bf7ae77c99b2bdc60eb2dbaabf59e	
step07_functional_annotation/bivalvia/latest	symlink	12	2026-08-06T20:19:23.208886+00:00		run_18272014
step07_functional_annotation/bivalvia/run_18272014/COMPLETE	file	9	2026-08-05T14:40:53.576131+00:00	37a40f08d8548dba289b9b0bb35bcf63b359f6d37ee86044ebc6b6da080b9ec1	
step07_functional_annotation/bivalvia/run_18272014/METHODS_AND_LIMITATIONS.txt	file	1307	2026-08-05T14:40:53.575169+00:00	c50dd9b8f02336fbaba0eb9ef50a7d6faae3e0247d9f42c51ff44252ee608bd5	
step07_functional_annotation/bivalvia/run_18272014/annotation_coverage_summary.tsv	file	442	2026-08-05T14:40:51.157468+00:00	e7d6c9af4a620aea97161adb85020cc018fb660ccb9167f2057253a8df8a8f46	
step07_functional_annotation/bivalvia/run_18272014/annotation_input_unique.faa	file	4871028	2026-08-05T11:46:43.355536+00:00	26ac559c90d0db7dc02b28a38692285eb515f7efe171d6452b60cd7368d27d49	
step07_functional_annotation/bivalvia/run_18272014/annotation_query_inventory.tsv	file	2544849	2026-08-05T11:46:43.422925+00:00	316a085d046b664395d12f1e92625cd30a1f890045ca72e3e600b3f587ede7e6	
step07_functional_annotation/bivalvia/run_18272014/candidate_family_functional_annotations.tsv	file	1179949	2026-08-05T14:40:53.332501+00:00	c4ddfd70cd2b05849075010c202b0fd994c658219bf27151ac420cb26827203b	
step07_functional_annotation/bivalvia/run_18272014/cazy_annotations_counts.tsv	file	595	2026-08-05T14:40:53.012973+00:00	086d8af5bed19362fe7a8c8f281037e8c791d3a7a1da0097df6b3a8b6beb7c5c	
step07_functional_annotation/bivalvia/run_18272014/cazy_annotations_long.tsv	file	46064	2026-08-05T14:40:53.012298+00:00	0ad070563830884ecc9277befa886ced2f28f43f133631e878a02bade98e235a	
step07_functional_annotation/bivalvia/run_18272014/ec_annotations_counts.tsv	file	5644	2026-08-05T14:40:52.838359+00:00	2e2c0ca94f901682c679e631001d55f8b780ee8f181ff800df74fadc3ef5c3fd	
step07_functional_annotation/bivalvia/run_18272014/ec_annotations_long.tsv	file	284864	2026-08-05T14:40:52.835452+00:00	b2d228620f0df1bc9c3a7b338f076be8fb54684bd50dd4c81bc4ad0683dae6d0	
step07_functional_annotation/bivalvia/run_18272014/file_manifest.tsv	file	874	2026-08-05T14:40:53.575986+00:00	c8e16245e482672498c6fb1d8b7166f2e0184ba7221243fe7ea7c8a23640493c	
step07_functional_annotation/bivalvia/run_18272014/go_annotations_counts.tsv	file	252088	2026-08-05T14:40:52.722838+00:00	fdf508e6bab05d1327bcf4abe58eac1da145796cb14f17b91418f9641331f26f	
step07_functional_annotation/bivalvia/run_18272014/go_annotations_long.tsv	file	40494877	2026-08-05T14:40:52.460324+00:00	83f2e8a01c626ad8282f5bb6a6d9bdac54acdbd707528f0fab92b56ecee8353b	
step07_functional_annotation/bivalvia/run_18272014/high_confidence_family_functional_annotations.tsv	file	1050494	2026-08-05T14:40:53.356504+00:00	955914eeea1ecb225a36c52da034ffb34e785c29c073291a211714cf9bed3481	
step07_functional_annotation/bivalvia/run_18272014/kegg_ko_annotations_counts.tsv	file	26751	2026-08-05T14:40:52.882478+00:00	f193ac951b245d6c1d18c06e66d367dc82691beaaea593e0ac6e4c1a3482a3f6	
step07_functional_annotation/bivalvia/run_18272014/kegg_ko_annotations_long.tsv	file	768477	2026-08-05T14:40:52.874035+00:00	9de87253531659a0032e63e3acbbe43d78c51923e1bee423456d30f234f4658a	
step07_functional_annotation/bivalvia/run_18272014/kegg_pathway_annotations_counts.tsv	file	17045	2026-08-05T14:40:52.994977+00:00	57b7f89bd1e40187f322235a157c3d55261ebd19a9eeb3c51ac6986a205b3030	
step07_functional_annotation/bivalvia/run_18272014/kegg_pathway_annotations_long.tsv	file	2719836	2026-08-05T14:40:52.980657+00:00	0d7855c45ae4825efa3ad7d31459674cea35169ff3113b69b5e05ab7179c4294	
step07_functional_annotation/bivalvia/run_18272014/pfam_annotations_counts.tsv	file	23340	2026-08-05T14:40:53.097260+00:00	1a95c269afc1a54c2b77b2ad67181b1104c45bc8891763ef736a330d71441f4c	
step07_functional_annotation/bivalvia/run_18272014/pfam_annotations_long.tsv	file	1882640	2026-08-05T14:40:53.084296+00:00	a1e08a069a848cb60830a1cc5b44d9a0bfb52c19c056204d7f170f69f1780fc9	
step07_functional_annotation/bivalvia/run_18272014/protein_functional_annotations.tsv	file	7783376	2026-08-05T14:40:51.099111+00:00	15b92217c97f4040507fffd3690d830f7caf03f961bb0e3c4a3945c69708bade	
step07_functional_annotation/bivalvia/run_18272014/raw/bivalvia_candidate_families.emapper.annotations	file	5323184	2026-08-05T14:40:49.649890+00:00	0d06975c336b72ed31a7f523aa73ba550ce8fb20954ff5924a06f81bb56a8cd1	
step07_functional_annotation/bivalvia/run_18272014/raw/bivalvia_candidate_families.emapper.hits	file	1613596	2026-08-05T13:35:35.888064+00:00	53183539c4b837f7b7b3393bb2109989eec25fb7d3bfb3ed3486c3f4c2cf0ccf	
step07_functional_annotation/bivalvia/run_18272014/raw/bivalvia_candidate_families.emapper.seed_orthologs	file	937816	2026-08-05T14:39:45.348672+00:00	086325db3e11e47a3ee7a3d5e0df2c444c848f6619f4ee23c6c848304f443aca	
step07_functional_annotation/bivalvia/run_18272014/raw_eggnog_annotations.tsv	file	5323184	2026-08-05T14:40:49.649890+00:00	0d06975c336b72ed31a7f523aa73ba550ce8fb20954ff5924a06f81bb56a8cd1	
step07_functional_annotation/bivalvia/run_18272014/raw_eggnog_seed_orthologs.tsv	file	937816	2026-08-05T14:39:45.348672+00:00	086325db3e11e47a3ee7a3d5e0df2c444c848f6619f4ee23c6c848304f443aca	
step07_functional_annotation/bivalvia/run_18272014/terminal_candidate_functional_annotations.tsv	file	1838362	2026-08-05T14:40:53.520463+00:00	55dd72aac193b2e7dcb9f85e51e2a8fe65ae7400983f40e9cd51831ccda7e14a	
step07_functional_annotation/combined/latest	symlink	12	2026-08-06T20:19:23.228673+00:00		run_18272016
step07_functional_annotation/combined/run_18272016/COMPLETE	file	9	2026-08-05T15:40:25.244503+00:00	37a40f08d8548dba289b9b0bb35bcf63b359f6d37ee86044ebc6b6da080b9ec1	
step07_functional_annotation/combined/run_18272016/step07_annotation_coverage_summary.tsv	file	865	2026-08-05T15:40:25.239546+00:00	1783ede6003d533a9f2502ad73a652ef4072ea7417be7e9c8c581db27e2f81a6	
step07_functional_annotation/combined/run_18272016/step07_result_directories.tsv	file	288	2026-08-05T15:40:25.242729+00:00	d66f9d8b4b098a43ccf148157f1765700531ef634d5fe258cdc991ea28027943	
step07_functional_annotation/gastropoda/latest	symlink	12	2026-08-06T20:19:23.219066+00:00		run_18272015
step07_functional_annotation/gastropoda/run_18272015/COMPLETE	file	9	2026-08-05T15:40:06.925265+00:00	37a40f08d8548dba289b9b0bb35bcf63b359f6d37ee86044ebc6b6da080b9ec1	
step07_functional_annotation/gastropoda/run_18272015/METHODS_AND_LIMITATIONS.txt	file	1309	2026-08-05T15:40:06.924322+00:00	1b52c13bdb03c6789af2351482497e8fb374c59831d654e0a805107cc82a852d	
step07_functional_annotation/gastropoda/run_18272015/annotation_coverage_summary.tsv	file	466	2026-08-05T15:40:02.168727+00:00	b2adf5684881d4fb3039d25094b69ff47a6e34a03dd126872f391c91f27439a0	
step07_functional_annotation/gastropoda/run_18272015/annotation_input_unique.faa	file	10501011	2026-08-05T11:46:43.429476+00:00	36f94adf4ad7f76e23f66f95b1bad0fed9cbe5bb58f0df8fcf72b57acb726531	
step07_functional_annotation/gastropoda/run_18272015/annotation_query_inventory.tsv	file	3819441	2026-08-05T11:46:43.532232+00:00	ec15aedf03ff2d7409881b67ce19465bdb7be7e1add5bb3b53a2b131a3474176	
step07_functional_annotation/gastropoda/run_18272015/candidate_family_functional_annotations.tsv	file	1495333	2026-08-05T15:40:06.669998+00:00	d67ae79ac73d7340f53e1dea32039f91d5d542c54286fe37838cb3dfae08ffc3	
step07_functional_annotation/gastropoda/run_18272015/cazy_annotations_counts.tsv	file	412	2026-08-05T15:40:06.078058+00:00	01b3e69facd132d346bfc6043a384cc25f3fdc54c62329385b8abfd313f775ce	
step07_functional_annotation/gastropoda/run_18272015/cazy_annotations_long.tsv	file	30450	2026-08-05T15:40:06.077331+00:00	2396e575365f0e872eb040e4e6b687ea9b6442fc3af9d0f84adc54081364c147	
step07_functional_annotation/gastropoda/run_18272015/ec_annotations_counts.tsv	file	7072	2026-08-05T15:40:05.740715+00:00	f14b84c6480e79b15620991ae04722d13c97f0d7913ecd9950e2702e67f590bc	
step07_functional_annotation/gastropoda/run_18272015/ec_annotations_long.tsv	file	384707	2026-08-05T15:40:05.735100+00:00	ef97c0d707c83dffbbd294c716f8eb16424c90661ec195d50cb30fb8d31f9b27	
step07_functional_annotation/gastropoda/run_18272015/file_manifest.tsv	file	879	2026-08-05T15:40:06.925123+00:00	d98063b3006b17ba7556db23927fe05d7c2dfdbddb05bf6ae9e71612a75daac1	
step07_functional_annotation/gastropoda/run_18272015/go_annotations_counts.tsv	file	310820	2026-08-05T15:40:05.418101+00:00	cd48d25e6f810ae9784c00fefd78af02883c32b876d4596d18be6097d27538fb	
step07_functional_annotation/gastropoda/run_18272015/go_annotations_long.tsv	file	72637676	2026-08-05T15:40:04.760344+00:00	d3125203a6cd0437e1df10c8ece718f525ed28db9952f94b934bae91f087e1ff	
step07_functional_annotation/gastropoda/run_18272015/high_confidence_family_functional_annotations.tsv	file	1391771	2026-08-05T15:40:06.704286+00:00	bb518e0bbfcda5f8589d2de59977026756a3d8afddee8876e5707ba2d9b2a07a	
step07_functional_annotation/gastropoda/run_18272015/kegg_ko_annotations_counts.tsv	file	34202	2026-08-05T15:40:05.825076+00:00	7bd08697e86f59df1104fb60e406ef068e68ef9d884e83dd48787bd38f5eb17f	
step07_functional_annotation/gastropoda/run_18272015/kegg_ko_annotations_long.tsv	file	1297181	2026-08-05T15:40:05.810225+00:00	411baf06dd741461303e77d941598a27ff40122f2cbc1d0d99cb582daaa58c0b	
step07_functional_annotation/gastropoda/run_18272015/kegg_pathway_annotations_counts.tsv	file	19707	2026-08-05T15:40:06.046998+00:00	8c599b32a898cbd0cd045b96fae611b6703d327937801c8f00d68125ddea232a	
step07_functional_annotation/gastropoda/run_18272015/kegg_pathway_annotations_long.tsv	file	4688819	2026-08-05T15:40:06.019800+00:00	226e9d01ee43c318824224a93773d5cc6b04c97160444f1e7f0abc55e9451325	
step07_functional_annotation/gastropoda/run_18272015/pfam_annotations_counts.tsv	file	29173	2026-08-05T15:40:06.279833+00:00	bb4a138de9397b530b9904643cdab6ad394bcaf8e4f4d8e168dbf3bc28109443	
step07_functional_annotation/gastropoda/run_18272015/pfam_annotations_long.tsv	file	4038891	2026-08-05T15:40:06.250637+00:00	bf8510ff91ba7304a4ad1eae3578275b479bcaa8934c7fa72afd4443742b3536	
step07_functional_annotation/gastropoda/run_18272015/protein_functional_annotations.tsv	file	16182045	2026-08-05T15:40:02.055554+00:00	51d11a70f3094a7574203c4a492f364d346c070d380eb1e130ca9200ad332694	
step07_functional_annotation/gastropoda/run_18272015/raw/gastropoda_candidate_families.emapper.annotations	file	12794561	2026-08-05T15:39:59.630330+00:00	347d1b0696859134b7cb31aa615a58e4876debc28793a1abd46773c7ec63f321	
step07_functional_annotation/gastropoda/run_18272015/raw/gastropoda_candidate_families.emapper.hits	file	2783445	2026-08-05T13:34:11.964956+00:00	2eca61befb125c5f067ebaeb47c09bb686edc0cdb64f41141d8627258e56b02a	
step07_functional_annotation/gastropoda/run_18272015/raw/gastropoda_candidate_families.emapper.seed_orthologs	file	2112784	2026-08-05T15:39:38.975350+00:00	a480b1949d36faf7985cadf9b06a56f32251c6076eb5b2a5900af6640a4938ce	
step07_functional_annotation/gastropoda/run_18272015/raw_eggnog_annotations.tsv	file	12794561	2026-08-05T15:39:59.630330+00:00	347d1b0696859134b7cb31aa615a58e4876debc28793a1abd46773c7ec63f321	
step07_functional_annotation/gastropoda/run_18272015/raw_eggnog_seed_orthologs.tsv	file	2112784	2026-08-05T15:39:38.975350+00:00	a480b1949d36faf7985cadf9b06a56f32251c6076eb5b2a5900af6640a4938ce	
step07_functional_annotation/gastropoda/run_18272015/terminal_candidate_functional_annotations.tsv	file	3269622	2026-08-05T15:40:06.806448+00:00	e9a4942c2987bad9c169aa65929db6ff1142e5350ee56b22e3b404c8e93df572	
step08_functional_enrichment/latest	symlink	12	2026-08-06T20:19:23.238716+00:00		run_18272100
step08_functional_enrichment/run_18272100/COMPLETE	file	9	2026-08-05T15:40:45.194534+00:00	37a40f08d8548dba289b9b0bb35bcf63b359f6d37ee86044ebc6b6da080b9ec1	
step08_functional_enrichment/run_18272100/METHODS_AND_LIMITATIONS.txt	file	2130	2026-08-05T15:40:45.186826+00:00	66d88d35e0eb06afb103fbe5190628108c1c778da8c0dafe406b55aa240e50da	
step08_functional_enrichment/run_18272100/bivalvia/all_enrichment_results.tsv	file	4208231	2026-08-05T15:40:42.426237+00:00	511c53ab5c977c898f2e1f5d1a42259add48b7ccaea1e5a1eae662930476d195	
step08_functional_enrichment/run_18272100/bivalvia/candidate_sets.tsv	file	247329	2026-08-05T15:40:42.463399+00:00	ccf5c8d8c9712a2998c96609ed4832eb7328fa753ebfcfe3bfbcbd28fe0e9e2f	
step08_functional_enrichment/run_18272100/bivalvia/cazy_enrichment.tsv	file	297	2026-08-05T15:40:42.590135+00:00	dbc2d88c997563ced8ab492dde6c7995fc065a328eb56de0b5fa617f6ae6a69b	
step08_functional_enrichment/run_18272100/bivalvia/comparison_summary.tsv	file	11878	2026-08-05T15:40:42.455792+00:00	782d826a7a0c0088f26e5cbfe7168c6dad0ec1354c011d96ff4c7b48d0c6cf25	
step08_functional_enrichment/run_18272100/bivalvia/ec_enrichment.tsv	file	9955	2026-08-05T15:40:42.593287+00:00	39bb625bd906d0f540ab7540ee3b4eef2c6cc39749f252a28e60d144f99d0eb2	
step08_functional_enrichment/run_18272100/bivalvia/go_biological_process_enrichment.tsv	file	2632409	2026-08-05T15:40:42.662458+00:00	956e53a59afa3ba5c99c05816ea9fa009fbe8199b480b42006ed4d4acfb4b86d	
step08_functional_enrichment/run_18272100/bivalvia/go_cellular_component_enrichment.tsv	file	368818	2026-08-05T15:40:42.689211+00:00	4f98b2edde025ecdfb27b9c01e7b3837028fe3fef5a0c699fd20918a2e7de3cb	
step08_functional_enrichment/run_18272100/bivalvia/go_enrichment.tsv	file	3749944	2026-08-05T15:40:42.561539+00:00	c0b3679613374ac09517ade13498c65b4cd7c621c624e511e8eae5d0788328d3	
step08_functional_enrichment/run_18272100/bivalvia/go_molecular_function_enrichment.tsv	file	368432	2026-08-05T15:40:42.676158+00:00	c3edf4b1ed0807db4089fe86b10620cb576b97925e950f0670911de613979c87	
step08_functional_enrichment/run_18272100/bivalvia/go_unknown_enrichment.tsv	file	381176	2026-08-05T15:40:42.702457+00:00	90911aee63b4d0cc0263bf306994d5d70ca8f944b32701347f8064f8df823aa2	
step08_functional_enrichment/run_18272100/bivalvia/kegg_ko_enrichment.tsv	file	34614	2026-08-05T15:40:42.567842+00:00	066a56cf4d6fb9192e48f405234d5f7a148777c2d7ec847a72211e0b8c768737	
step08_functional_enrichment/run_18272100/bivalvia/kegg_pathway_enrichment.tsv	file	291389	2026-08-05T15:40:42.579567+00:00	44ab9d7d13a41d6a4f607cb2653be872e9c8669e5e2685716c44f72219b57eaf	
step08_functional_enrichment/run_18272100/bivalvia/pfam_enrichment.tsv	file	123517	2026-08-05T15:40:42.587191+00:00	5d0d08db783471d077f851f30f7e29f28d36ec1e943a575e7bd10773cfcf497d	
step08_functional_enrichment/run_18272100/bivalvia/significant_enrichment_results.tsv	file	697323	2026-08-05T15:40:42.452839+00:00	a04bf53803ecce4f7ef04d73fdf0c4b4c6239e1b57c394b418371ab317b41d62	
step08_functional_enrichment/run_18272100/file_manifest.tsv	file	1304	2026-08-05T15:40:45.192774+00:00	83806f87afe082c93998b512a53c37f965191f002e99328d14136d538de7e037	
step08_functional_enrichment/run_18272100/gastropoda/all_enrichment_results.tsv	file	7341822	2026-08-05T15:40:44.203530+00:00	8dd9e66d745e87f91d2c6516b91b2da473d2fac956a8f1f2ae9240a2356cce44	
step08_functional_enrichment/run_18272100/gastropoda/candidate_sets.tsv	file	352238	2026-08-05T15:40:44.226304+00:00	4fb79952eb11963780d1be3235621c0eccc50df2c39405a73bc8a7e001629e05	
step08_functional_enrichment/run_18272100/gastropoda/cazy_enrichment.tsv	file	1311	2026-08-05T15:40:44.434653+00:00	ca932df0ff973736d6602bca47fc83fd9c134a8c0202ed4bf8a9fcceac059dce	
step08_functional_enrichment/run_18272100/gastropoda/comparison_summary.tsv	file	18820	2026-08-05T15:40:44.216291+00:00	04cacf0d46b25869ad3b6f3aeb01f630fb314c0da5dccc34d1c70fa9b0dc5c1b	
step08_functional_enrichment/run_18272100/gastropoda/ec_enrichment.tsv	file	22313	2026-08-05T15:40:44.438939+00:00	38c2141b7e8896bfeea3c7735b30bdeaca2ce28a9a7f0e20b33fd1bb42a35ab7	
step08_functional_enrichment/run_18272100/gastropoda/go_biological_process_enrichment.tsv	file	4518684	2026-08-05T15:40:44.572369+00:00	9f64dd0eb5bf9d791e9f2a56c6d7b13f5b9192edc7d6bf6394d2f1462a5df28d	
step08_functional_enrichment/run_18272100/gastropoda/go_cellular_component_enrichment.tsv	file	647111	2026-08-05T15:40:44.616543+00:00	d4e81041b2e5bc41a45d3834fc36485ef7135d023da5fd4193bcdf1923d1dc3b	
step08_functional_enrichment/run_18272100/gastropoda/go_enrichment.tsv	file	6356868	2026-08-05T15:40:44.391458+00:00	039c2f1e1dd1ea32755b14af43f9856b35a4e5becfad23bba5bb349519195232	
step08_functional_enrichment/run_18272100/gastropoda/go_molecular_function_enrichment.tsv	file	613981	2026-08-05T15:40:44.594074+00:00	6ddc8eeb364d2e7f3879335745b6c97aa8a899cf412ea438558c22d2cd5d79c1	
step08_functional_enrichment/run_18272100/gastropoda/go_unknown_enrichment.tsv	file	577983	2026-08-05T15:40:44.636181+00:00	70c7164ad446f00306acbb25a80e21c2866b5c9069dad1d7dd584a3ee2134596	
step08_functional_enrichment/run_18272100/gastropoda/kegg_ko_enrichment.tsv	file	59331	2026-08-05T15:40:44.399702+00:00	537ee4bf479df5c2ed181908dd5b27a3aa12b44b0da2e11dd92b589fa18b8013	
step08_functional_enrichment/run_18272100/gastropoda/kegg_pathway_enrichment.tsv	file	626867	2026-08-05T15:40:44.419808+00:00	d2d2e9906e692706988fbb3faee5637f448dba25e8c9710ed42f8cc9463e7f89	
step08_functional_enrichment/run_18272100/gastropoda/pfam_enrichment.tsv	file	276617	2026-08-05T15:40:44.431371+00:00	5068662af13e1f4f43158090af240aebb420e122c10ce50023919e9d71c1a4f5	
step08_functional_enrichment/run_18272100/gastropoda/significant_enrichment_results.tsv	file	154176	2026-08-05T15:40:44.213864+00:00	ae3d2b90d77de10c670e391edaadb9b3015d6bff26d7359f57e0e9b648d2cc1b	
step08_functional_enrichment/run_18272100/step08_summary.tsv	file	153	2026-08-05T15:40:44.660076+00:00	735518adcda439c2ae724506a9ff629ad6e2dd9f58299b772e9dc5fe43e7b1b3	
step09_candidate_sequence_validation/bivalvia/latest	symlink	12	2026-08-06T20:19:23.248897+00:00		run_18273528
step09_candidate_sequence_validation/bivalvia/run_18273528/COMPLETE	file	9	2026-08-05T18:23:56.094167+00:00	37a40f08d8548dba289b9b0bb35bcf63b359f6d37ee86044ebc6b6da080b9ec1	
step09_candidate_sequence_validation/bivalvia/run_18273528/METHODS_AND_LIMITATIONS.txt	file	1986	2026-08-05T18:23:56.091720+00:00	56b213f39fd6fa60ccb01085572acc6298a1ea9b5305c2bf8d5d9d4dfe583148	
step09_candidate_sequence_validation/bivalvia/run_18273528/direct_pfam.domtblout	file	3552296	2026-08-05T18:23:48.714061+00:00	29c9484351dd433c2aeb1518f14ad70a0f708a8489b95d69793223df32929eb9	
step09_candidate_sequence_validation/bivalvia/run_18273528/direct_pfam_domains.tsv	file	3489292	2026-08-05T18:23:55.979929+00:00	c02b649331bbaae572de189f0140fbefe565d2c35027132b57809c492a9e899d	
step09_candidate_sequence_validation/bivalvia/run_18273528/exact_duplicate_groups.tsv	file	13227	2026-08-05T18:23:55.863114+00:00	2e7cc26b2cece6733022931eace1b0dcc96c9ca9358c73a799d17e18089d1908	
step09_candidate_sequence_validation/bivalvia/run_18273528/exclude_recommended.faa	file	13423	2026-08-05T18:23:56.053933+00:00	439b42df1e59caf09b4ec676039034b68e5523990a7649cf45cab70b5fbe0134	
step09_candidate_sequence_validation/bivalvia/run_18273528/family_validation_summary.tsv	file	77326	2026-08-05T18:23:56.004655+00:00	67d02685256459dde884b9b57037b474e9435df37eaba34c792b303ccb382e33	
step09_candidate_sequence_validation/bivalvia/run_18273528/file_manifest.tsv	file	453	2026-08-05T18:23:56.093346+00:00	c1b87fc8093f7ac15bcef265557dffe26a0cf41e901e0f3c49eaffb104670265	
step09_candidate_sequence_validation/bivalvia/run_18273528/high_risk_sequence_flags.tsv	file	2355237	2026-08-05T18:23:55.860900+00:00	20a613b0ecf009aec847243051fa5509d0370550665452efc69a6de0943ea8d3	
step09_candidate_sequence_validation/bivalvia/run_18273528/hmmscan.out	file	23410980	2026-08-05T18:23:48.764619+00:00	c792930e5066e5111ce04b6b800c95201f535fc80bb549ae3d8e051b139c79b0	
step09_candidate_sequence_validation/bivalvia/run_18273528/manual_review.faa	file	3729631	2026-08-05T18:23:56.051461+00:00	4db47f462b14e1eec689018348edbdfa9e846205b347eaf2cb10b2b2de98d39a	
step09_candidate_sequence_validation/bivalvia/run_18273528/provisional_retained.faa	file	4857605	2026-08-05T18:23:56.082234+00:00	735e066ee31e77e68daa272736905af0a0ce0027718ceba99c06c51990561156	
step09_candidate_sequence_validation/bivalvia/run_18273528/raw_hmmscan.domtblout	file	3552296	2026-08-05T18:23:48.714061+00:00	29c9484351dd433c2aeb1518f14ad70a0f708a8489b95d69793223df32929eb9	
step09_candidate_sequence_validation/bivalvia/run_18273528/sequence_validation.tsv	file	8028139	2026-08-05T18:23:55.796497+00:00	67f36a9a55ca54bbc7cecb9792f0d81c1e3d76030960b97de3cfb76471a11a3f	
step09_candidate_sequence_validation/bivalvia/run_18273528/validated_pass.faa	file	1127974	2026-08-05T18:23:56.033363+00:00	28cef72b8eff1d5e22a3c05da651805d8e5b0979e31336fefc83c7a13c0cc17f	
step09_candidate_sequence_validation/bivalvia/run_18273528/validation_summary.tsv	file	255	2026-08-05T18:23:56.021834+00:00	7480350f5ee9ebffd6055e74ad27bbe1056aa544de14bf4fcd6f876ca1626f8f	
step09_candidate_sequence_validation/combined/latest	symlink	12	2026-08-06T20:19:23.267997+00:00		run_18273530
step09_candidate_sequence_validation/combined/run_18273530/COMPLETE	file	9	2026-08-06T17:15:14.503209+00:00	37a40f08d8548dba289b9b0bb35bcf63b359f6d37ee86044ebc6b6da080b9ec1	
step09_candidate_sequence_validation/combined/run_18273530/cross_group_family_review_priorities.tsv	file	169489	2026-08-06T17:15:14.502614+00:00	91f124a51e7b573e07604d7b80b9f79a3ef0c1b25b98759273c6a616404be583	
step09_candidate_sequence_validation/combined/run_18273530/step09_result_directories.tsv	file	288	2026-08-06T17:15:14.503073+00:00	aba66f34a0855ec0c564b9bf7867178def9ac62720de08dab18af963810f246a	
step09_candidate_sequence_validation/combined/run_18273530/step09_summary.tsv	file	313	2026-08-06T17:15:14.496309+00:00	c2c7814bca84dc395bd3adc3037e9d184705ae1cb3d7581d97dc56a2ae70055f	
step09_candidate_sequence_validation/gastropoda/latest	symlink	12	2026-08-06T20:19:23.258834+00:00		run_18273529
step09_candidate_sequence_validation/gastropoda/run_18273529/COMPLETE	file	9	2026-08-06T17:15:11.286555+00:00	37a40f08d8548dba289b9b0bb35bcf63b359f6d37ee86044ebc6b6da080b9ec1	
step09_candidate_sequence_validation/gastropoda/run_18273529/METHODS_AND_LIMITATIONS.txt	file	1988	2026-08-06T17:15:11.279923+00:00	e0335aea1888c3ba65435c93900501d8e9315c144839c8d0627a1fa04267f2cd	
step09_candidate_sequence_validation/gastropoda/run_18273529/direct_pfam.domtblout	file	8499968	2026-08-06T17:15:04.949594+00:00	a3d93f906b7bb778d9282c32025bba55ad0f324f3be3543d8d6f8c7dd6b32615	
step09_candidate_sequence_validation/gastropoda/run_18273529/direct_pfam_domains.tsv	file	7764788	2026-08-06T17:15:11.042393+00:00	4a1c0f210d400f8756275393f550dd3c8b2dc392afc8ddc89a0021d6a649d163	
step09_candidate_sequence_validation/gastropoda/run_18273529/exact_duplicate_groups.tsv	file	69107	2026-08-06T17:15:10.761083+00:00	57fdd2fd72b53913fef663be4242c035c845c93bd63bd0b5cac52c9b2fc310d0	
step09_candidate_sequence_validation/gastropoda/run_18273529/exclude_recommended.faa	file	0	2026-08-06T17:15:11.196976+00:00	e3b0c44298fc1c149afbf4c8996fb92427ae41e4649b934ca495991b7852b855	
step09_candidate_sequence_validation/gastropoda/run_18273529/family_validation_summary.tsv	file	92764	2026-08-06T17:15:11.084658+00:00	04804a8e3d95cd1324d86e08db4de520ed1a7d8825b8ce486f1adcf67e49c9bc	
step09_candidate_sequence_validation/gastropoda/run_18273529/file_manifest.tsv	file	451	2026-08-06T17:15:11.285674+00:00	9e5d60d041c8ffa4520834074c64c186552aaea182de923425d1e7757b405ec4	
step09_candidate_sequence_validation/gastropoda/run_18273529/high_risk_sequence_flags.tsv	file	4255560	2026-08-06T17:15:10.756818+00:00	15a88c004860cfd52c3a41672b58101eb909fb1b090fc221e9bb235a62211b38	
step09_candidate_sequence_validation/gastropoda/run_18273529/hmmscan.out	file	45216276	2026-08-06T17:15:05.003884+00:00	12eddd3fc6d218a084569a70c4d5bc36b52982b06d6754ab357b8cf4759cc547	
step09_candidate_sequence_validation/gastropoda/run_18273529/manual_review.faa	file	6352781	2026-08-06T17:15:11.194110+00:00	e0422e234b19532f99db3abb15b50eb7ec53a1826a4a067c0ed4a0a3ebd8f896	
step09_candidate_sequence_validation/gastropoda/run_18273529/provisional_retained.faa	file	10501011	2026-08-06T17:15:11.260590+00:00	c5ea92fd1fbdd5eb7c3ff8963f6cbe7c480be81b8a288ea3630169ce7b288ce9	
step09_candidate_sequence_validation/gastropoda/run_18273529/raw_hmmscan.domtblout	file	8499968	2026-08-06T17:15:04.949594+00:00	a3d93f906b7bb778d9282c32025bba55ad0f324f3be3543d8d6f8c7dd6b32615	
step09_candidate_sequence_validation/gastropoda/run_18273529/sequence_validation.tsv	file	15998306	2026-08-06T17:15:10.640986+00:00	7c96597aa3c098ddcbf1666f360cc1c26356eb0a03eee78268d90efa45bb64d9	
step09_candidate_sequence_validation/gastropoda/run_18273529/validated_pass.faa	file	4148230	2026-08-06T17:15:11.160076+00:00	d8834aebf02f045b8cd24ba2fed75c7c917535d0c57979a2b08bf59189f7fa23	
step09_candidate_sequence_validation/gastropoda/run_18273529/validation_summary.tsv	file	258	2026-08-06T17:15:11.127558+00:00	b89975d61dbd0b91d0735d682e0ddc7a6784fc840fd7cb9d62b834eeab70e0b9	
step10_candidate_family_phylogenetics/latest	symlink	12	2026-08-06T20:19:23.304984+00:00		run_18274798
step10_candidate_family_phylogenetics/run_18274798/COMPLETE	file	46	2026-08-06T18:25:40.304666+00:00	41b5cdd52df0927d03d6c9039d766468985aa3b2bf527fd88b75a7479cad2d1f	
step10_candidate_family_phylogenetics/run_18274798/METHODS_AND_LIMITATIONS.txt	file	1349	2026-08-06T17:15:39.876738+00:00	4747d46aba333e58700a4aa481adbaeaf64280f0bf945740731e1aff6dc5890c	
step10_candidate_family_phylogenetics/run_18274798/PREPARED	file	24	2026-08-06T17:15:39.877943+00:00	9a91aa42a7f042c8a66168c7f4ac9913263c24f1ff332b146f191334ddeb2439	
step10_candidate_family_phylogenetics/run_18274798/eligible_bivalvia.tsv	file	114905	2026-08-06T17:15:39.239376+00:00	bcf4d8631cd0dbcc272199e43b766d04ef8205254d48b8ff3059217cf27f1012	
step10_candidate_family_phylogenetics/run_18274798/eligible_gastropoda.tsv	file	145049	2026-08-06T17:15:39.848936+00:00	abd7cee161bfd3c2558be8def9ebb963c04cec32b4c00cc77defc6ef0064e22b	
step10_candidate_family_phylogenetics/run_18274798/failed_or_missing_trees.tsv	file	269	2026-08-06T18:25:39.888274+00:00	60f023c055ad32fc057e0fd773dbd9d09fb01a4f7635b718e9bd41a08552a6ba	
step10_candidate_family_phylogenetics/run_18274798/gene_tree_summary.tsv	file	50678	2026-08-06T18:25:39.886630+00:00	72ed6995c1b051b2a3d8e53006fdf0f4cec8f56d546da91bf16e97a748cd4e34	
step10_candidate_family_phylogenetics/run_18274798/inputs/bivalvia/OG0000080.faa	file	22979	2026-08-06T17:15:39.226717+00:00	9bd0b042ed6cd2018667979998de6cb6006f89b829fdc8fb983065727c409da5	
step10_candidate_family_phylogenetics/run_18274798/inputs/bivalvia/OG0000080.sequence_map.tsv	file	16347	2026-08-06T17:15:39.227304+00:00	d4c8d9fb355e8cddf62449e718be214932abaa61418d8d4e41c16674df21c6e6	
step10_candidate_family_phylogenetics/run_18274798/inputs/bivalvia/OG0000109.faa	file	13806	2026-08-06T17:15:39.224878+00:00	27f147bf57e0641a5a340259f0e308da7870fd1894fd7c752dd2a97c04c5a3b2	
step10_candidate_family_phylogenetics/run_18274798/inputs/bivalvia/OG0000109.sequence_map.tsv	file	12423	2026-08-06T17:15:39.225402+00:00	75f31994c494ba9f1c21fe678c7164b3844be1f8a927ceeba13cb82c90141273	
step10_candidate_family_phylogenetics/run_18274798/inputs/bivalvia/OG0000120.faa	file	7238	2026-08-06T17:15:39.225754+00:00	556f2f30a2a7e715ea797cbb5b49b00046aaf9583c2a4e31d8b5038f670089d5	
step10_candidate_family_phylogenetics/run_18274798/inputs/bivalvia/OG0000120.sequence_map.tsv	file	9010	2026-08-06T17:15:39.226162+00:00	8a1d599c9d323d440a5da8417999ce67ca59c46db8c2a3105b853d5b6eb46e90	
step10_candidate_family_phylogenetics/run_18274798/inputs/bivalvia/OG0000140.faa	file	3610	2026-08-06T17:15:39.217664+00:00	c6706eea3ac35848282f23085a92d8e6060cdb29867040d257a08d21bb670448	
step10_candidate_family_phylogenetics/run_18274798/inputs/bivalvia/OG0000140.sequence_map.tsv	file	4130	2026-08-06T17:15:39.217961+00:00	0e2f42fca3e89f1bb219e4daa30266a2b587b9e912b8b6febbf92338e97c2742	
step10_candidate_family_phylogenetics/run_18274798/inputs/bivalvia/OG0000149.faa	file	4883	2026-08-06T17:15:39.216471+00:00	9950a0730e0de20eb13c1e2b72fe6b072cd787f6d3107baaa1baac63c9bd6a18	
step10_candidate_family_phylogenetics/run_18274798/inputs/bivalvia/OG0000149.sequence_map.tsv	file	4151	2026-08-06T17:15:39.216854+00:00	46ffbc40c5af5b34474a64be2107689885d41619d7e9b5e6dccc2ef5be449d3a	
step10_candidate_family_phylogenetics/run_18274798/inputs/bivalvia/OG0000150.faa	file	3029	2026-08-06T17:15:39.217133+00:00	0939d7f4cfaf2b64bc681b0effab72622d056999127a450df3c361a5e569c34d	
step10_candidate_family_phylogenetics/run_18274798/inputs/bivalvia/OG0000150.sequence_map.tsv	file	3679	2026-08-06T17:15:39.217407+00:00	beeb3565bc7ad71bd4ed3d618bf26aac20e63ef648fffc0605b4da42d5f36846	
step10_candidate_family_phylogenetics/run_18274798/inputs/bivalvia/OG0000156.faa	file	2742	2026-08-06T17:15:39.218864+00:00	efee88cfb360d28525a9d9b04632c9123b50f832a791d47d9e720c52b230e9c4	
step10_candidate_family_phylogenetics/run_18274798/inputs/bivalvia/OG0000156.sequence_map.tsv	file	3505	2026-08-06T17:15:39.219139+00:00	baff7435d743a0ef402a0f4ed71d5a61ad9a8b043bf636b0c79ff654e462f84f	
step10_candidate_family_phylogenetics/run_18274798/inputs/bivalvia/OG0000163.faa	file	4517	2026-08-06T17:15:39.218261+00:00	5c4baeeaea96ed062b5e3cb07214930efab48a48f55d3e80370dc56265944e1f	
step10_candidate_family_phylogenetics/run_18274798/inputs/bivalvia/OG0000163.sequence_map.tsv	file	5798	2026-08-06T17:15:39.218594+00:00	655f97fa9691600916a474cfc0403ce22dacb2448aeecdcfc5fdbfd5c9b4d187	
step10_candidate_family_phylogenetics/run_18274798/inputs/bivalvia/OG0000174.faa	file	4076	2026-08-06T17:15:39.219425+00:00	31ceb6f96873c041111f5e8c64d96d976d5131f0bb868835ac35e029d103bb9a	
step10_candidate_family_phylogenetics/run_18274798/inputs/bivalvia/OG0000174.sequence_map.tsv	file	4279	2026-08-06T17:15:39.219723+00:00	7906ea96ed69ca8546ea0177ad82c4614d2fd499ea456a745333fec1ccc905a2	
step10_candidate_family_phylogenetics/run_18274798/inputs/bivalvia/OG0000189.faa	file	2984	2026-08-06T17:15:39.220480+00:00	686585867ab2111f41d14647c8552b5df5a778279c59167c208f93142ea75640	
step10_candidate_family_phylogenetics/run_18274798/inputs/bivalvia/OG0000189.sequence_map.tsv	file	4213	2026-08-06T17:15:39.220768+00:00	792b19553199d58da2d0d6f143b8cecd4c1f4bf8190eda8580c32de2460cb826	
step10_candidate_family_phylogenetics/run_18274798/inputs/bivalvia/OG0000193.faa	file	2750	2026-08-06T17:15:39.219964+00:00	f273314dae99110870125853bb3c30eacfee7eb9daa535732a40c6c89f7e4b07	
step10_candidate_family_phylogenetics/run_18274798/inputs/bivalvia/OG0000193.sequence_map.tsv	file	3687	2026-08-06T17:15:39.220238+00:00	6ded0fb6eda877189f1a32add1dea4266f84949ef4093488735e6eb91fb5d37d	
step10_candidate_family_phylogenetics/run_18274798/inputs/bivalvia/OG0000200.faa	file	6731	2026-08-06T17:15:39.221746+00:00	9b5fc9c155eb828569080d17d0d8bb7b678fa5b9271c58f4ae614fe3e0771feb	
step10_candidate_family_phylogenetics/run_18274798/inputs/bivalvia/OG0000200.sequence_map.tsv	file	5352	2026-08-06T17:15:39.222077+00:00	409ea7eafa9ea46f565d5d9afef839796778a41183810bb8d5735d60d928cc40	
step10_candidate_family_phylogenetics/run_18274798/inputs/bivalvia/OG0000236.faa	file	14242	2026-08-06T17:15:39.221131+00:00	76c00a25752db9e06b88e5f7b101373fbacaef1ed107dadfecfcf6bf2e2b862f	
step10_candidate_family_phylogenetics/run_18274798/inputs/bivalvia/OG0000236.sequence_map.tsv	file	4530	2026-08-06T17:15:39.221443+00:00	32703b050ddd42f9a91b81fb06ef6ea0bddd13d70fd651e86b2732d609724988	
step10_candidate_family_phylogenetics/run_18274798/inputs/bivalvia/OG0000237.faa	file	11900	2026-08-06T17:15:39.232358+00:00	21c54ddcfe5d3f75f488741035137752a27d287a32f677a9bc37d8d30fe95327	
step10_candidate_family_phylogenetics/run_18274798/inputs/bivalvia/OG0000237.sequence_map.tsv	file	11001	2026-08-06T17:15:39.232816+00:00	2c78f26d23bd94e9cb5e395d45c5d2fba76e01317666d3afddff53c62c2edad9	
step10_candidate_family_phylogenetics/run_18274798/inputs/bivalvia/OG0000238.faa	file	5141	2026-08-06T17:15:39.229310+00:00	4e9bea2c39c6bf86c3c07883118d4d9325626b1176409e67cbea5e95a5d370c2	
step10_candidate_family_phylogenetics/run_18274798/inputs/bivalvia/OG0000238.sequence_map.tsv	file	6292	2026-08-06T17:15:39.229642+00:00	f6d609b68392dade46c94d287b9dab0522d2cc2f4db0fba15ffeb95c16aa5eab	
step10_candidate_family_phylogenetics/run_18274798/inputs/bivalvia/OG0000244.faa	file	8915	2026-08-06T17:15:39.222389+00:00	922a74945246baf4214c093713c522ed747494feaf1ede3bd3e4c137e7ec9064	
step10_candidate_family_phylogenetics/run_18274798/inputs/bivalvia/OG0000244.sequence_map.tsv	file	4786	2026-08-06T17:15:39.222696+00:00	c79b5e1a078e916fa61cb622c649875f4ceffe61d5926ee9e13675ed9f40ffc4	
step10_candidate_family_phylogenetics/run_18274798/inputs/bivalvia/OG0000261.faa	file	4614	2026-08-06T17:15:39.223206+00:00	869b3183c8affa5c3e716be913f204a055fad15aa89978d8d14cdb0122c2e26d	
step10_candidate_family_phylogenetics/run_18274798/inputs/bivalvia/OG0000261.sequence_map.tsv	file	4149	2026-08-06T17:15:39.223503+00:00	620e30f8681ae3c8faf136e3098a0c27f9ef299d07e82f5690120c872f52d67b	
step10_candidate_family_phylogenetics/run_18274798/inputs/bivalvia/OG0000303.faa	file	6628	2026-08-06T17:15:39.227596+00:00	f3aa005329587027e0eb84f65096aee3a7002c8e214cf77978dfa07a46d7c80e	
step10_candidate_family_phylogenetics/run_18274798/inputs/bivalvia/OG0000303.sequence_map.tsv	file	5041	2026-08-06T17:15:39.227901+00:00	6a5083341843797b19da69b460e8f9ebd99cedc203105c8f2f27a5b0fe75c7da	
step10_candidate_family_phylogenetics/run_18274798/inputs/bivalvia/OG0000323.faa	file	5277	2026-08-06T17:15:39.224113+00:00	24c85df5b245c28945e4662088aabc448312afce2b34e5af6f55a4213f00a3d9	
step10_candidate_family_phylogenetics/run_18274798/inputs/bivalvia/OG0000323.sequence_map.tsv	file	4020	2026-08-06T17:15:39.224402+00:00	e4ce219aafdb62742a42603503770da5f24734a0e7b4f9957e541d6f46ac46f5	
step10_candidate_family_phylogenetics/run_18274798/inputs/bivalvia/OG0000330.faa	file	3437	2026-08-06T17:15:39.231174+00:00	cadcb657c00574794e9b00012fd2aa5a81a056f094ce0b034fac2c3ffe25cbb5	
step10_candidate_family_phylogenetics/run_18274798/inputs/bivalvia/OG0000330.sequence_map.tsv	file	4199	2026-08-06T17:15:39.231461+00:00	c38c8136948821e67a1676597b875baa486e8da6baf84459afa39936e56f25e3	
step10_candidate_family_phylogenetics/run_18274798/inputs/bivalvia/OG0000374.faa	file	18642	2026-08-06T17:15:39.229987+00:00	67a64dd1f9612ace6312931246b6d13c02851fcb5f4b7e6fbeda9d22ab64720e	
step10_candidate_family_phylogenetics/run_18274798/inputs/bivalvia/OG0000374.sequence_map.tsv	file	5479	2026-08-06T17:15:39.230315+00:00	1d42ab0e614e92bbec33872081e42e5155458c8091251cd6df9a091ccc738982	
step10_candidate_family_phylogenetics/run_18274798/inputs/bivalvia/OG0000376.faa	file	3885	2026-08-06T17:15:39.230558+00:00	ca32f1e465c050b0f8473a622e3bd2238fb3299817b7c4adefae5534621d28f0	
step10_candidate_family_phylogenetics/run_18274798/inputs/bivalvia/OG0000376.sequence_map.tsv	file	3718	2026-08-06T17:15:39.230808+00:00	244b84192c7390e9f59cb0118a5a6dd08d28ee59aa3ac5c4ba32c56b0fc37c9b	
step10_candidate_family_phylogenetics/run_18274798/inputs/bivalvia/OG0000377.faa	file	3730	2026-08-06T17:15:39.228700+00:00	7f0ac2a84273a388768bb1e8a7a3c06dc902841c68ddbac5c31aa119fb33f132	
step10_candidate_family_phylogenetics/run_18274798/inputs/bivalvia/OG0000377.sequence_map.tsv	file	4188	2026-08-06T17:15:39.228989+00:00	c56f89399743df8023a81ebb981a0afd254634ea7edda156ec4169852487e8b8	
step10_candidate_family_phylogenetics/run_18274798/inputs/bivalvia/OG0000403.faa	file	12590	2026-08-06T17:15:39.234451+00:00	b71618b9fd0dac2339672f441598adab3e5803ab064626f393adc6125d4f3dc5	
step10_candidate_family_phylogenetics/run_18274798/inputs/bivalvia/OG0000403.sequence_map.tsv	file	6851	2026-08-06T17:15:39.234805+00:00	6445d69302e72061acd3ed2f2950e379cc4af58772bbd22c6f18052ee5778882	
step10_candidate_family_phylogenetics/run_18274798/inputs/bivalvia/OG0000404.faa	file	5703	2026-08-06T17:15:39.231705+00:00	2d3ee4639df421c608974f17d51ce722354ede5a56574de8f80e0de959fd8964	
step10_candidate_family_phylogenetics/run_18274798/inputs/bivalvia/OG0000404.sequence_map.tsv	file	3057	2026-08-06T17:15:39.231937+00:00	7ed918082bef4187a6e2b59da9a3e9af3cc0f472a14d46d2865036d7d4f7667c	
step10_candidate_family_phylogenetics/run_18274798/inputs/bivalvia/OG0000450.faa	file	10583	2026-08-06T17:15:39.233174+00:00	c68b775c9e4575a0ef0f94daa71e42f8022d129ab3006f836ce0b7215b0bb77d	
step10_candidate_family_phylogenetics/run_18274798/inputs/bivalvia/OG0000450.sequence_map.tsv	file	6955	2026-08-06T17:15:39.233534+00:00	01f8c9cd9df09cb861f4c0ad3c7b35c28f5f54d12fe6b94ce6d0bf12a5437eaa	
step10_candidate_family_phylogenetics/run_18274798/inputs/bivalvia/OG0000498.faa	file	7812	2026-08-06T17:15:39.228191+00:00	4015a6c9c96832d10f750d3819e45cfe23dae91762eeacfe2953b2c87cd9cea8	
step10_candidate_family_phylogenetics/run_18274798/inputs/bivalvia/OG0000498.sequence_map.tsv	file	3938	2026-08-06T17:15:39.228453+00:00	9d688a72fc285f4912b0114e2f39b8a72bbd77b7f83d4e2aa3c8ebdb561b9535	
step10_candidate_family_phylogenetics/run_18274798/inputs/bivalvia/OG0000752.faa	file	8598	2026-08-06T17:15:39.233815+00:00	7f36298f17b46fa610ae5ba07551347ae6db99f15f1edf145f869911edb351f5	
step10_candidate_family_phylogenetics/run_18274798/inputs/bivalvia/OG0000752.sequence_map.tsv	file	4022	2026-08-06T17:15:39.234105+00:00	5b3682f2fd685eb8676407063ed503378dd9e2f39f6fabba200cbd6fe60975d1	
step10_candidate_family_phylogenetics/run_18274798/inputs/bivalvia/OG0000943.faa	file	5953	2026-08-06T17:15:39.235074+00:00	bef05868ce1295d30334e628b195d0808c9b3ddf794b6b07cd0a2b4def137ab9	
step10_candidate_family_phylogenetics/run_18274798/inputs/bivalvia/OG0000943.sequence_map.tsv	file	3292	2026-08-06T17:15:39.235317+00:00	1375305a892cd02f346f7773ee4762880e9738217dc79e3d03464a36a96ff2cc	
step10_candidate_family_phylogenetics/run_18274798/inputs/bivalvia/OG0001001.faa	file	14246	2026-08-06T17:15:39.235584+00:00	28a94a9625830046d3761a805494277c25e4c8db1be5949102d0c300415df9cd	
step10_candidate_family_phylogenetics/run_18274798/inputs/bivalvia/OG0001001.sequence_map.tsv	file	2580	2026-08-06T17:15:39.235810+00:00	d638044427070c4e170b38d894f027e63e0c4b527c3356dc848173f5fd513ccd	
step10_candidate_family_phylogenetics/run_18274798/inputs/gastropoda/OG0000065.faa	file	10526	2026-08-06T17:15:39.807256+00:00	dda0e41109639a5ba258b0692a26cab23561a10c0732de1253f5f984349d7ab8	
step10_candidate_family_phylogenetics/run_18274798/inputs/gastropoda/OG0000065.sequence_map.tsv	file	6667	2026-08-06T17:15:39.807622+00:00	eb5bfdcce6ab5c3999a2086e0730f6cb7be43b37c546b941a049a75ea0561016	
step10_candidate_family_phylogenetics/run_18274798/inputs/gastropoda/OG0000074.faa	file	2038	2026-08-06T17:15:39.826352+00:00	f39b0b19387b7d3fa7f43357304eab815ac3cc68db909b57e8a902aca5c03b06	
step10_candidate_family_phylogenetics/run_18274798/inputs/gastropoda/OG0000074.sequence_map.tsv	file	1055	2026-08-06T17:15:39.827564+00:00	4fec32f019e461fa2fccf4f073dad493f7ef28072c285a9683965c75c5d2d64b	
step10_candidate_family_phylogenetics/run_18274798/inputs/gastropoda/OG0000075.faa	file	24979	2026-08-06T17:15:39.829223+00:00	3232f5a22a74144f3d5a98b2ca659deebf5435cf7be7eb4f1e810031ea588a42	
step10_candidate_family_phylogenetics/run_18274798/inputs/gastropoda/OG0000075.sequence_map.tsv	file	13081	2026-08-06T17:15:39.830976+00:00	fbf1806a4306598c7c922d9203794cecbf0fd790f0967c8a04a005fb475a3758	
step10_candidate_family_phylogenetics/run_18274798/inputs/gastropoda/OG0000088.faa	file	14957	2026-08-06T17:15:39.803151+00:00	c33965291d415543b504cfcff4b04532a26a5d58c2fdc354f9d71b81abc403b8	
step10_candidate_family_phylogenetics/run_18274798/inputs/gastropoda/OG0000088.sequence_map.tsv	file	8532	2026-08-06T17:15:39.803575+00:00	0fa9382e332cc0f29e6ab7ed3536a4e651abb383a30218ccb4734cb4e8ba29c0	
step10_candidate_family_phylogenetics/run_18274798/inputs/gastropoda/OG0000091.faa	file	20528	2026-08-06T17:15:39.805137+00:00	d7bd31a325783e705eb910dae1f0270fffa01ea0a32ff38f718b501aa6d2d938	
step10_candidate_family_phylogenetics/run_18274798/inputs/gastropoda/OG0000091.sequence_map.tsv	file	5638	2026-08-06T17:15:39.805480+00:00	f7dafc8dc14217a5f2c0543ae7caab11b4ad46d18fb4d732defa2c070df4fbdb	
step10_candidate_family_phylogenetics/run_18274798/inputs/gastropoda/OG0000096.faa	file	26015	2026-08-06T17:15:39.797317+00:00	ebdd30270b8594191aad5ad751894b9fdaf193245dfe9aef32a51c5dfb7a386f	
step10_candidate_family_phylogenetics/run_18274798/inputs/gastropoda/OG0000096.sequence_map.tsv	file	7051	2026-08-06T17:15:39.797981+00:00	a5254bddf26fbb7ba51b5f1db0403ee53ae20f57bb4edd4f76d8a2d398d9e484	
step10_candidate_family_phylogenetics/run_18274798/inputs/gastropoda/OG0000104.faa	file	8066	2026-08-06T17:15:39.810502+00:00	374a2fe5d884968a376626ecc68947e4b4b45ff0c7178c8f4fd2310ccc8f16aa	
step10_candidate_family_phylogenetics/run_18274798/inputs/gastropoda/OG0000104.sequence_map.tsv	file	4572	2026-08-06T17:15:39.810815+00:00	9dde7bf2b2a3bea15a228072589c96b3058b64c59902efb6b3ed60291c9e174c	
step10_candidate_family_phylogenetics/run_18274798/inputs/gastropoda/OG0000107.faa	file	26256	2026-08-06T17:15:39.800965+00:00	20b9fb22cc225ba089b8b1a3e0764fde9b28bb349adc47e8647af1d7ff3b7132	
step10_candidate_family_phylogenetics/run_18274798/inputs/gastropoda/OG0000107.sequence_map.tsv	file	8738	2026-08-06T17:15:39.801416+00:00	61dbc273a189c919d362731f15e078d1616f48476a507d56228f7a5582e7f5a8	
step10_candidate_family_phylogenetics/run_18274798/inputs/gastropoda/OG0000111.faa	file	10580	2026-08-06T17:15:39.817582+00:00	5cfdee2ae6b85da74d888e38722724e8f825837ef71a49bf2cd3fc6ae6caa254	
step10_candidate_family_phylogenetics/run_18274798/inputs/gastropoda/OG0000111.sequence_map.tsv	file	3889	2026-08-06T17:15:39.818980+00:00	7053fcd3664b32358fb6c4546daab18da7deffc815208ba177972e29857a8243	
step10_candidate_family_phylogenetics/run_18274798/inputs/gastropoda/OG0000113.faa	file	7732	2026-08-06T17:15:39.798990+00:00	5049c55ec529e78d94de823eb85d9627f54cfd75e37f67d61174d789c64a9c56	
step10_candidate_family_phylogenetics/run_18274798/inputs/gastropoda/OG0000113.sequence_map.tsv	file	4706	2026-08-06T17:15:39.799308+00:00	8fb89dc70b9a50ea73ee48e2639f41ca19cb9dd52b42915c0bbd187946b0e04c	
step10_candidate_family_phylogenetics/run_18274798/inputs/gastropoda/OG0000117.faa	file	15955	2026-08-06T17:15:39.806499+00:00	a4cd8d84aa46428604175b86420f5b1f65f9b3e43ddfa25478f97c4b96e2f8f0	
step10_candidate_family_phylogenetics/run_18274798/inputs/gastropoda/OG0000117.sequence_map.tsv	file	5872	2026-08-06T17:15:39.806856+00:00	c63fc6ae1c6bc7156ff4cd9afc2f8ee97c42c443290e0fcd20a7fd67580097b2	
step10_candidate_family_phylogenetics/run_18274798/inputs/gastropoda/OG0000121.faa	file	7658	2026-08-06T17:15:39.802395+00:00	4339ac4e3288482613fbdb6a4e13fd79f8a91a00ab1063216c2269229d1a05df	
step10_candidate_family_phylogenetics/run_18274798/inputs/gastropoda/OG0000121.sequence_map.tsv	file	4961	2026-08-06T17:15:39.802725+00:00	8a598fe72b4f1ad62a15b689bf21588f3b9ffaa72ce84bdcd04fa3ddbe579c92	
step10_candidate_family_phylogenetics/run_18274798/inputs/gastropoda/OG0000122.faa	file	33177	2026-08-06T17:15:39.832613+00:00	3f115a5839cbdc5558e4d7ade2de05ed7a565fd27b7761c823c31cefb56310f8	
step10_candidate_family_phylogenetics/run_18274798/inputs/gastropoda/OG0000122.sequence_map.tsv	file	9332	2026-08-06T17:15:39.834157+00:00	cb4be2792665654d89552e1a0fe0ece25a1c8d174fce4ccf8635d412d13d6460	
step10_candidate_family_phylogenetics/run_18274798/inputs/gastropoda/OG0000123.faa	file	8503	2026-08-06T17:15:39.801749+00:00	9ce312613aca5591a4bbb5b4595454fa7ead3becff56edf092cf1ceb842b7c9f	
step10_candidate_family_phylogenetics/run_18274798/inputs/gastropoda/OG0000123.sequence_map.tsv	file	4167	2026-08-06T17:15:39.802065+00:00	6c232ad45216cd6f6ba5d39fcc69b75a6b14ecc80602b581217ba46b85c7d70b	
step10_candidate_family_phylogenetics/run_18274798/inputs/gastropoda/OG0000124.faa	file	8966	2026-08-06T17:15:39.807957+00:00	7e329e0d3257d11f6826ff8f459d7e0a6d5a8d14e3dec29952c4ac222f9f926a	
step10_candidate_family_phylogenetics/run_18274798/inputs/gastropoda/OG0000124.sequence_map.tsv	file	5038	2026-08-06T17:15:39.808284+00:00	8fe579ff18ed8e5f68be8e2c5042b3ba3492ff8e35dfc16f83d35c2aeef968f4	
step10_candidate_family_phylogenetics/run_18274798/inputs/gastropoda/OG0000126.faa	file	11839	2026-08-06T17:15:39.803915+00:00	f8477864182ae1e6756a99cd5aeb3b0cef614f4a6a6fe177a2185085d4908109	
step10_candidate_family_phylogenetics/run_18274798/inputs/gastropoda/OG0000126.sequence_map.tsv	file	4430	2026-08-06T17:15:39.804230+00:00	49edf861e1762ac2d4526a48c29a7a1eb0f792f1ffa31962e0ea21510e324529	
step10_candidate_family_phylogenetics/run_18274798/inputs/gastropoda/OG0000132.faa	file	21457	2026-08-06T17:15:39.805816+00:00	d5d8892e7e7331880a8d69a5e4471d61b9e5866a0ff9e316e3a6bb60ebf8c3f0	
step10_candidate_family_phylogenetics/run_18274798/inputs/gastropoda/OG0000132.sequence_map.tsv	file	3848	2026-08-06T17:15:39.806112+00:00	7c573a77ac8499b0725a0005f0c35014a2b7df838d66eee9abd5f3d3c27fc3d3	
step10_candidate_family_phylogenetics/run_18274798/inputs/gastropoda/OG0000134.faa	file	4352	2026-08-06T17:15:39.824045+00:00	43c80dea71f019036ea9c5b342d0864b9efcfedf727b2168eb966d962627b81c	
step10_candidate_family_phylogenetics/run_18274798/inputs/gastropoda/OG0000134.sequence_map.tsv	file	2717	2026-08-06T17:15:39.825213+00:00	91ab60f6e125c7299e46e54907f2da463a7b2680f21fd2e245257c06e9bd9a36	
step10_candidate_family_phylogenetics/run_18274798/inputs/gastropoda/OG0000136.faa	file	10746	2026-08-06T17:15:39.799649+00:00	5fea8c7b1300cada135e3d25a622408d3858ecf7d38c83bb2f88f6f79e28da2f	
step10_candidate_family_phylogenetics/run_18274798/inputs/gastropoda/OG0000136.sequence_map.tsv	file	4757	2026-08-06T17:15:39.799963+00:00	e86aa628c15551d8173f1723c53780adc967bbb0c2daec4d271f5f269d3b80ae	
step10_candidate_family_phylogenetics/run_18274798/inputs/gastropoda/OG0000141.faa	file	4484	2026-08-06T17:15:39.804497+00:00	7704cc1d5c6cdaf7bded96f9df11b5c0dbecec807bde8c2c5423e15b8d5d50ba	
step10_candidate_family_phylogenetics/run_18274798/inputs/gastropoda/OG0000141.sequence_map.tsv	file	3294	2026-08-06T17:15:39.804741+00:00	6fafae7713005b882d20e4c9a68093cca887f8a77bfab8782b2f3797ab819ac8	
step10_candidate_family_phylogenetics/run_18274798/inputs/gastropoda/OG0000142.faa	file	13088	2026-08-06T17:15:39.811147+00:00	992400152aec4c4e3445accfe0b1f922f48bfc5828e05a04f64694c22c5d53f9	
step10_candidate_family_phylogenetics/run_18274798/inputs/gastropoda/OG0000142.sequence_map.tsv	file	4049	2026-08-06T17:15:39.812987+00:00	5488a520723408727e48b92ca034d4aec3b10516f45e9a3e94214eedc44127db	
step10_candidate_family_phylogenetics/run_18274798/inputs/gastropoda/OG0000159.faa	file	6691	2026-08-06T17:15:39.809837+00:00	2faa3afaee38c9f3f54c5a5730068b606576267b569a54e2f53feff14900c0c9	
step10_candidate_family_phylogenetics/run_18274798/inputs/gastropoda/OG0000159.sequence_map.tsv	file	4829	2026-08-06T17:15:39.810178+00:00	0d48486b77b3bb5b77db4bbcf68891c1ed2582f345c32e38660cfef85e1619aa	
step10_candidate_family_phylogenetics/run_18274798/inputs/gastropoda/OG0000162.faa	file	5095	2026-08-06T17:15:39.798325+00:00	7cd8db3a4ef0d685306629f80e0d0e7e2365e0440d66b7951a7dd1fba4963ab6	
step10_candidate_family_phylogenetics/run_18274798/inputs/gastropoda/OG0000162.sequence_map.tsv	file	4246	2026-08-06T17:15:39.798652+00:00	2a88bf7d7c593902dc5c32a9263fadd0fab37df7f0be4b707b6fb82c60c4a8f4	
step10_candidate_family_phylogenetics/run_18274798/inputs/gastropoda/OG0000165.faa	file	25980	2026-08-06T17:15:39.814596+00:00	0017e8142542f8bb4e42ab5aae8daa6941516ec4002d8f42186b0d76301fd434	
step10_candidate_family_phylogenetics/run_18274798/inputs/gastropoda/OG0000165.sequence_map.tsv	file	4238	2026-08-06T17:15:39.816015+00:00	9b62a01393124babe92911b3a8693aeb83d574ea685357630492e9348058f815	
step10_candidate_family_phylogenetics/run_18274798/inputs/gastropoda/OG0000214.faa	file	13278	2026-08-06T17:15:39.808637+00:00	73867e96cd6b88827417cd1c6ff1b1a2e49144ea67bac46f93525074472c4c45	
step10_candidate_family_phylogenetics/run_18274798/inputs/gastropoda/OG0000214.sequence_map.tsv	file	4494	2026-08-06T17:15:39.808952+00:00	79fd6a14b4d276210dfec1b69378cc2e3b651c5624b96dd4eb6ab0b00f29e604	
step10_candidate_family_phylogenetics/run_18274798/inputs/gastropoda/OG0000221.faa	file	7167	2026-08-06T17:15:39.809262+00:00	2eb61e2ff0a0c1c35a94322ad5840449449eab60ec943865f439840bade484d8	
step10_candidate_family_phylogenetics/run_18274798/inputs/gastropoda/OG0000221.sequence_map.tsv	file	3420	2026-08-06T17:15:39.809518+00:00	ad30fdd45b25705bf3326f5e3329a3a9ed397fed62b4b0b8978dc4fc9777698d	
step10_candidate_family_phylogenetics/run_18274798/inputs/gastropoda/OG0000231.faa	file	5494	2026-08-06T17:15:39.820367+00:00	e45ae54f9001ce0c1df79a6b59d47fd5cc67ab403587f427999c1c9255cd74ca	
step10_candidate_family_phylogenetics/run_18274798/inputs/gastropoda/OG0000231.sequence_map.tsv	file	2815	2026-08-06T17:15:39.822592+00:00	daf21c2c4f69f61a203b31d9cfcf7a68a2cdd60ed0576bff0f08d944e7b06411	
step10_candidate_family_phylogenetics/run_18274798/inputs/gastropoda/OG0000264.faa	file	27143	2026-08-06T17:15:39.835847+00:00	89c475b2f530121adf8d5a84055b3a5464fd36e316e12a15ba4cc008f0fbf868	
step10_candidate_family_phylogenetics/run_18274798/inputs/gastropoda/OG0000264.sequence_map.tsv	file	8499	2026-08-06T17:15:39.837208+00:00	72598383b7c7bacfb05f0311916d513046465c7efcecf58d9e8888b0d726b77d	
step10_candidate_family_phylogenetics/run_18274798/inputs/gastropoda/OG0000307.faa	file	38268	2026-08-06T17:15:39.838852+00:00	ac898f19ebf4a9656b48b00ab331afc39501aec81664fea3b3d08e317cace62d	
step10_candidate_family_phylogenetics/run_18274798/inputs/gastropoda/OG0000307.sequence_map.tsv	file	5945	2026-08-06T17:15:39.840464+00:00	6a361d2baeee0031a6ce9397c37a66a4946474481789abb0547e21a3162d281f	
step10_candidate_family_phylogenetics/run_18274798/inputs/gastropoda/OG0000320.faa	file	45403	2026-08-06T17:15:39.841940+00:00	2e33872309804a766ace118a000d439bf5765c1df5fea01117f799fcb84bab7b	
step10_candidate_family_phylogenetics/run_18274798/inputs/gastropoda/OG0000320.sequence_map.tsv	file	5955	2026-08-06T17:15:39.843412+00:00	ec969faa5d74b6891c83d04c839612bb8d5c246e381d33c788fba6e8a4fd5a35	
step10_candidate_family_phylogenetics/run_18274798/result_manifest.tsv	file	66039	2026-08-06T18:25:40.303388+00:00	d07c68b77e6a797c349680e261ec2adb180fbf39252dadce8cd8e36f3b0a9e1a	
step10_candidate_family_phylogenetics/run_18274798/selected_bivalvia.tsv	file	17573	2026-08-06T17:15:39.240059+00:00	d489f7ae202d40c47d36a9c6f1c890688cd59fc7021f376ba3b987a157da7e67	
step10_candidate_family_phylogenetics/run_18274798/selected_gastropoda.tsv	file	19598	2026-08-06T17:15:39.851032+00:00	e537f1faa94391dad3605341a128e1dcd6bbba2bcd94fc886dc8fd5cc21bfb75	
step10_candidate_family_phylogenetics/run_18274798/selection_summary.tsv	file	242	2026-08-06T17:15:39.875410+00:00	ead90581c80db817393c7c3c355a4ca55f0018e500d676d865b6f69005979809	
step10_candidate_family_phylogenetics/run_18274798/step10_summary.tsv	file	152	2026-08-06T18:25:39.889507+00:00	e60ca8d3f2450a579e7f60887c315ec3b6151787cd49b55b464e907d4927d8e8	
step10_candidate_family_phylogenetics/run_18274798/trees/bivalvia/OG0000080/COMPLETE	file	27	2026-08-06T18:03:53.143988+00:00	1fecf50f36263796c0c1868f34fddb557f7162ad8820ce6a7531220c30c8e049	
step10_candidate_family_phylogenetics/run_18274798/trees/bivalvia/OG0000080/SUPPORT_MODE	file	20	2026-08-06T18:03:53.142795+00:00	e0e15824ca92202c34b8cb97bbd9579641d13bb5b772586ef14fdd2a190b6c6c	
step10_candidate_family_phylogenetics/run_18274798/trees/bivalvia/OG0000080/TREE_PREFIX	file	162	2026-08-06T18:03:53.142035+00:00	dae3c2bf00fc37eddabae00df8739f600b643a9a440690c802ec6f9f1f2b0645	
step10_candidate_family_phylogenetics/run_18274798/trees/bivalvia/OG0000080/aligned.faa	file	56876	2026-08-06T17:44:03.592049+00:00	a54cd688eab330475144dc718a77359a2fc72a6412371d0265284bdfea1d1473	
step10_candidate_family_phylogenetics/run_18274798/trees/bivalvia/OG0000080/gene_tree_supported.bionj	file	6506	2026-08-06T17:45:06.391401+00:00	7ccb62023a0b47f2001572ea89d6d58c20ec4c4f535af972eea83be5e0d6c976	
step10_candidate_family_phylogenetics/run_18274798/trees/bivalvia/OG0000080/gene_tree_supported.ckp.gz	file	185750	2026-08-06T18:03:53.132643+00:00	dbc53c34329590a9035544501c8e55d640930cba8ac9cd56163c7e1e13789adf	
step10_candidate_family_phylogenetics/run_18274798/trees/bivalvia/OG0000080/gene_tree_supported.contree	file	6824	2026-08-06T18:03:53.078707+00:00	50e13ef45234ee6ca0a45f08fe401263fe673a669d28f1c36e3584c8f6ec83fb	
step10_candidate_family_phylogenetics/run_18274798/trees/bivalvia/OG0000080/gene_tree_supported.iqtree	file	46686	2026-08-06T18:03:53.117445+00:00	375d8181ae279d112a1082c0c61e940e706b6c7ccd63ddf392790639ada0ab8c	
step10_candidate_family_phylogenetics/run_18274798/trees/bivalvia/OG0000080/gene_tree_supported.log	file	23683	2026-08-06T18:03:53.138454+00:00	c88065d48eb29b2530bacd537749eb669be80fd1ff6fbcae7991d1c662cc7ea5	
step10_candidate_family_phylogenetics/run_18274798/trees/bivalvia/OG0000080/gene_tree_supported.mldist	file	63387	2026-08-06T17:45:06.387919+00:00	3dcb3d384755bb23fe889c26894b7d48bd3b7bfd68747d86ecf57c4f29e066a2	
step10_candidate_family_phylogenetics/run_18274798/trees/bivalvia/OG0000080/gene_tree_supported.model.gz	file	6664	2026-08-06T17:45:03.639400+00:00	17c6a65489a08e94659ccfa9b567fc08454d198a6dde7c5e10c37d50ded6a294	
step10_candidate_family_phylogenetics/run_18274798/trees/bivalvia/OG0000080/gene_tree_supported.splits.nex	file	31706	2026-08-06T18:03:51.886284+00:00	f078085d222de0d6d3edbf4143c90e4e838dc9431ecfe1b133a8e47195a51f0c	
step10_candidate_family_phylogenetics/run_18274798/trees/bivalvia/OG0000080/gene_tree_supported.treefile	file	7158	2026-08-06T18:03:53.081005+00:00	6bca037a3aa883ce6e82a549ff442f74089b68b848d5751ab913a5ac1b80d73d	
step10_candidate_family_phylogenetics/run_18274798/trees/bivalvia/OG0000080/iqtree_supported.stderr	file	0	2026-08-06T17:44:03.713607+00:00	e3b0c44298fc1c149afbf4c8996fb92427ae41e4649b934ca495991b7852b855	
step10_candidate_family_phylogenetics/run_18274798/trees/bivalvia/OG0000080/iqtree_supported.stdout	file	23683	2026-08-06T18:03:53.138437+00:00	c88065d48eb29b2530bacd537749eb669be80fd1ff6fbcae7991d1c662cc7ea5	
step10_candidate_family_phylogenetics/run_18274798/trees/bivalvia/OG0000080/mafft.log	file	26131	2026-08-06T17:44:03.587516+00:00	5282be3907193fa134c5c1367b77cb36e3b56c3adb502f3e279e5936343b1faa	
step10_candidate_family_phylogenetics/run_18274798/trees/bivalvia/OG0000080/task_metadata.tsv	file	79	2026-08-06T18:03:53.143533+00:00	106f3d81b56f5fe6fe3e044d364b936cc4953e9d432a921cdee5c357b085c1ea	
step10_candidate_family_phylogenetics/run_18274798/trees/bivalvia/OG0000080/trimal.log	file	0	2026-08-06T17:44:03.595287+00:00	e3b0c44298fc1c149afbf4c8996fb92427ae41e4649b934ca495991b7852b855	
step10_candidate_family_phylogenetics/run_18274798/trees/bivalvia/OG0000080/trimmed.faa	file	43196	2026-08-06T17:44:03.706972+00:00	c1e25cd37cc3c60d637fa9c2f3f9090fdce37faf1e18c13845c60fff0e2d439a	
step10_candidate_family_phylogenetics/run_18274798/trees/bivalvia/OG0000109/COMPLETE	file	27	2026-08-06T17:40:39.634776+00:00	1fecf50f36263796c0c1868f34fddb557f7162ad8820ce6a7531220c30c8e049	
step10_candidate_family_phylogenetics/run_18274798/trees/bivalvia/OG0000109/SUPPORT_MODE	file	20	2026-08-06T17:40:39.633839+00:00	e0e15824ca92202c34b8cb97bbd9579641d13bb5b772586ef14fdd2a190b6c6c	
step10_candidate_family_phylogenetics/run_18274798/trees/bivalvia/OG0000109/TREE_PREFIX	file	162	2026-08-06T17:40:39.633307+00:00	29a8a922ea6e12f4e4bbd6167c703d1a3a541e0b913da4333bf84b5906704f42	
step10_candidate_family_phylogenetics/run_18274798/trees/bivalvia/OG0000109/aligned.faa	file	35481	2026-08-06T17:39:01.635235+00:00	adbd0231bd67c6883e2e1fd4e12c035bf850c9c3e8de0242f0aefeb42b97e11f	
step10_candidate_family_phylogenetics/run_18274798/trees/bivalvia/OG0000109/gene_tree_supported.bionj	file	4859	2026-08-06T17:39:20.766149+00:00	36ee79aafa99ca76ec2a15f689291ba6f4830511bfcf8706282b5092beba9807	
step10_candidate_family_phylogenetics/run_18274798/trees/bivalvia/OG0000109/gene_tree_supported.ckp.gz	file	119931	2026-08-06T17:40:39.627010+00:00	692c7f169fee4da391d57b60f38feb139da6e8e3bed96327da9fd8d72b0b5a71	
step10_candidate_family_phylogenetics/run_18274798/trees/bivalvia/OG0000109/gene_tree_supported.contree	file	5219	2026-08-06T17:40:39.598486+00:00	0b0c69e63b7f851c0cde765f33852835d9aaedb304a83e28e61a28236ca3d681	
step10_candidate_family_phylogenetics/run_18274798/trees/bivalvia/OG0000109/gene_tree_supported.iqtree	file	41478	2026-08-06T17:40:39.618571+00:00	1a7a5d5fb16fd630abf4972b6932a6eb009bfd2c3447c01d11c9f353e33d6c04	
step10_candidate_family_phylogenetics/run_18274798/trees/bivalvia/OG0000109/gene_tree_supported.log	file	18262	2026-08-06T17:40:39.628964+00:00	0bce255454775896d5aa28ecb5cfb5ad34fc906643822e67c21255e78e9f16f0	
step10_candidate_family_phylogenetics/run_18274798/trees/bivalvia/OG0000109/gene_tree_supported.mldist	file	46998	2026-08-06T17:39:20.766500+00:00	11070fc6fbdeff6f334d9cac1b8313703c154f5c8480c21a219a237fe122687d	
step10_candidate_family_phylogenetics/run_18274798/trees/bivalvia/OG0000109/gene_tree_supported.model.gz	file	5871	2026-08-06T17:39:18.730970+00:00	5d1c47c12d1818e67aa0e95c2750ae2078ca06edb4d838c2de21def7887c552c	
step10_candidate_family_phylogenetics/run_18274798/trees/bivalvia/OG0000109/gene_tree_supported.splits.nex	file	34335	2026-08-06T17:40:39.466680+00:00	58e513fbec55b54c8156d0ef7feec0473bd4df5dc62ab6b848e0273f285ea324	
step10_candidate_family_phylogenetics/run_18274798/trees/bivalvia/OG0000109/gene_tree_supported.treefile	file	5510	2026-08-06T17:40:39.600539+00:00	5e832a61f8df92733a6462dcafd36f88af560b23f21babd914dd639b9b920a1d	
step10_candidate_family_phylogenetics/run_18274798/trees/bivalvia/OG0000109/iqtree_supported.stderr	file	0	2026-08-06T17:39:01.657703+00:00	e3b0c44298fc1c149afbf4c8996fb92427ae41e4649b934ca495991b7852b855	
step10_candidate_family_phylogenetics/run_18274798/trees/bivalvia/OG0000109/iqtree_supported.stdout	file	18262	2026-08-06T17:40:39.628955+00:00	0bce255454775896d5aa28ecb5cfb5ad34fc906643822e67c21255e78e9f16f0	
step10_candidate_family_phylogenetics/run_18274798/trees/bivalvia/OG0000109/mafft.log	file	41489	2026-08-06T17:39:01.631334+00:00	df443292802909a14860fd11f73418aa8bb9b837da8d32c57a687962f8e922e5	
step10_candidate_family_phylogenetics/run_18274798/trees/bivalvia/OG0000109/task_metadata.tsv	file	79	2026-08-06T17:40:39.634326+00:00	b4a56167b3a92299beb103f9cf541bc313dacbb69a7f9f0fc06173e4bbda8092	
step10_candidate_family_phylogenetics/run_18274798/trees/bivalvia/OG0000109/trimal.log	file	0	2026-08-06T17:39:01.637598+00:00	e3b0c44298fc1c149afbf4c8996fb92427ae41e4649b934ca495991b7852b855	
step10_candidate_family_phylogenetics/run_18274798/trees/bivalvia/OG0000109/trimmed.faa	file	10066	2026-08-06T17:39:01.651773+00:00	6d2324f83aef86ef2be0865626bd2d714fba412c4666cf39a68c122c92ac0bb6	
step10_candidate_family_phylogenetics/run_18274798/trees/bivalvia/OG0000120/COMPLETE	file	27	2026-08-06T17:39:45.888960+00:00	1fecf50f36263796c0c1868f34fddb557f7162ad8820ce6a7531220c30c8e049	
step10_candidate_family_phylogenetics/run_18274798/trees/bivalvia/OG0000120/SUPPORT_MODE	file	20	2026-08-06T17:39:45.888282+00:00	e0e15824ca92202c34b8cb97bbd9579641d13bb5b772586ef14fdd2a190b6c6c	
step10_candidate_family_phylogenetics/run_18274798/trees/bivalvia/OG0000120/TREE_PREFIX	file	162	2026-08-06T17:39:45.887771+00:00	adec29eb1d23dd1607c95fa77a6646929b02f902ad3d24c25ba3ac14e20b9569	
step10_candidate_family_phylogenetics/run_18274798/trees/bivalvia/OG0000120/aligned.faa	file	15601	2026-08-06T17:39:00.428535+00:00	bf3a6d2640492cac2ff825e511f00ebe294d43ab20fa1cd27b9af593c5daac34	
step10_candidate_family_phylogenetics/run_18274798/trees/bivalvia/OG0000120/gene_tree_supported.bionj	file	3508	2026-08-06T17:39:04.774160+00:00	9635751743511b8e1210165897b3dc9d70bdcedc53f8aad178da8ab66087c02c	
step10_candidate_family_phylogenetics/run_18274798/trees/bivalvia/OG0000120/gene_tree_supported.ckp.gz	file	98497	2026-08-06T17:39:45.882990+00:00	49665c788067936c730b5dadd2ecd1701ad658575b9be4c687364b3409c6e065	
step10_candidate_family_phylogenetics/run_18274798/trees/bivalvia/OG0000120/gene_tree_supported.contree	file	3696	2026-08-06T17:39:45.857033+00:00	d0e982d14e7fe35fdc13e0549f8581d1bf26f1d106f749fb0af524ec084148aa	
step10_candidate_family_phylogenetics/run_18274798/trees/bivalvia/OG0000120/gene_tree_supported.iqtree	file	31364	2026-08-06T17:39:45.875470+00:00	56bcf48551cf7299dd9b94ce6e1c758345727a0c705eb53ea5bf2429aec8e64c	
step10_candidate_family_phylogenetics/run_18274798/trees/bivalvia/OG0000120/gene_tree_supported.log	file	22650	2026-08-06T17:39:45.885357+00:00	e3794a10dcc871c21da6754d74a81add2f7afb242d773e57c3e950468de64612	
step10_candidate_family_phylogenetics/run_18274798/trees/bivalvia/OG0000120/gene_tree_supported.mldist	file	17904	2026-08-06T17:39:04.774238+00:00	796f8740a8110089faaf691a23dc76f17046853cab00331b14ddbe8e8400a061	
step10_candidate_family_phylogenetics/run_18274798/trees/bivalvia/OG0000120/gene_tree_supported.model.gz	file	4750	2026-08-06T17:39:04.647967+00:00	8ac67bbf96503e7b30689be8c9cb59ae0f9550ef1c5df4cf684007b0e38c2b32	
step10_candidate_family_phylogenetics/run_18274798/trees/bivalvia/OG0000120/gene_tree_supported.splits.nex	file	28751	2026-08-06T17:39:45.787112+00:00	99c41cb6fc602614f5353044eecaf8bbd649240f43d10d44aeb4f38d1af5ad68	
step10_candidate_family_phylogenetics/run_18274798/trees/bivalvia/OG0000120/gene_tree_supported.treefile	file	3842	2026-08-06T17:39:45.857608+00:00	10c700d7f655f2e28b2733f05796f8722f84afffdeb791da3681e18dc5a17bef	
step10_candidate_family_phylogenetics/run_18274798/trees/bivalvia/OG0000120/iqtree_supported.stderr	file	0	2026-08-06T17:39:00.444432+00:00	e3b0c44298fc1c149afbf4c8996fb92427ae41e4649b934ca495991b7852b855	
step10_candidate_family_phylogenetics/run_18274798/trees/bivalvia/OG0000120/iqtree_supported.stdout	file	22650	2026-08-06T17:39:45.885345+00:00	e3794a10dcc871c21da6754d74a81add2f7afb242d773e57c3e950468de64612	
step10_candidate_family_phylogenetics/run_18274798/trees/bivalvia/OG0000120/mafft.log	file	48637	2026-08-06T17:39:00.424800+00:00	f71eb4bee6822098738ad44119c3f05d7e9b627eb8d9b80c4f7d9f6762527a00	
step10_candidate_family_phylogenetics/run_18274798/trees/bivalvia/OG0000120/task_metadata.tsv	file	79	2026-08-06T17:39:45.888690+00:00	53122486106a777d2d9088995388aec47d3fcfa689a832b1c90778afc8d115f6	
step10_candidate_family_phylogenetics/run_18274798/trees/bivalvia/OG0000120/trimal.log	file	0	2026-08-06T17:39:00.431845+00:00	e3b0c44298fc1c149afbf4c8996fb92427ae41e4649b934ca495991b7852b855	
step10_candidate_family_phylogenetics/run_18274798/trees/bivalvia/OG0000120/trimmed.faa	file	4837	2026-08-06T17:39:00.438772+00:00	7472eecfb9520fdd2e8ad679658ea5bbb2a60b14023aaa3a2ad16f41de65defb	
step10_candidate_family_phylogenetics/run_18274798/trees/bivalvia/OG0000140/COMPLETE	file	27	2026-08-06T17:19:43.412496+00:00	1fecf50f36263796c0c1868f34fddb557f7162ad8820ce6a7531220c30c8e049	
step10_candidate_family_phylogenetics/run_18274798/trees/bivalvia/OG0000140/SUPPORT_MODE	file	20	2026-08-06T17:19:43.411881+00:00	e0e15824ca92202c34b8cb97bbd9579641d13bb5b772586ef14fdd2a190b6c6c	
step10_candidate_family_phylogenetics/run_18274798/trees/bivalvia/OG0000140/TREE_PREFIX	file	162	2026-08-06T17:19:43.411544+00:00	d996e7041da0480f82b25084f0c664b727a6def73a716a30da28ab97e95ed37c	
step10_candidate_family_phylogenetics/run_18274798/trees/bivalvia/OG0000140/aligned.faa	file	12367	2026-08-06T17:18:59.450090+00:00	5efef306aa8dc5991cbd89a2a9bc11b94226f6a24e2680397aa62b53c9685edb	
step10_candidate_family_phylogenetics/run_18274798/trees/bivalvia/OG0000140/gene_tree_supported.bionj	file	1659	2026-08-06T17:19:08.017047+00:00	f1aa5827bb30a4c07cca4d682e82ace8833ec768ea65217275e3d3142b74eb49	
step10_candidate_family_phylogenetics/run_18274798/trees/bivalvia/OG0000140/gene_tree_supported.ckp.gz	file	53940	2026-08-06T17:19:43.405436+00:00	7f48658607c54855cbd903db8c2195cfa4faf51aa8e06e58c2e6768d7d8c4eee	
step10_candidate_family_phylogenetics/run_18274798/trees/bivalvia/OG0000140/gene_tree_supported.contree	file	1794	2026-08-06T17:19:43.388012+00:00	8c600b22ba862025c8a87107e6aa17e00966b9cef63e59ed54936e04e982fa94	
step10_candidate_family_phylogenetics/run_18274798/trees/bivalvia/OG0000140/gene_tree_supported.iqtree	file	22606	2026-08-06T17:19:43.399664+00:00	5bc4a6ec5783a36294fb49149b30faf417f37f6dcb8709b31180b61e0f8916bc	
step10_candidate_family_phylogenetics/run_18274798/trees/bivalvia/OG0000140/gene_tree_supported.log	file	12844	2026-08-06T17:19:43.407286+00:00	cf0f549660d4fedb780dcada30ed5c841b2fc0e38ae0a9bbd2ec68af45159e7b	
step10_candidate_family_phylogenetics/run_18274798/trees/bivalvia/OG0000140/gene_tree_supported.mldist	file	8003	2026-08-06T17:19:08.017322+00:00	a1cff1dc85b377848f2f9a5c83ecd36605899a5eeffd61bd5027b6e57f74c2a8	
step10_candidate_family_phylogenetics/run_18274798/trees/bivalvia/OG0000140/gene_tree_supported.model.gz	file	3579	2026-08-06T17:19:07.855275+00:00	55c2ff5e9097872ea0d4b10bc53156ba2d0b79dce37546ea77b4bcdb78325ebf	
step10_candidate_family_phylogenetics/run_18274798/trees/bivalvia/OG0000140/gene_tree_supported.splits.nex	file	9214	2026-08-06T17:19:43.327027+00:00	057c58771b07493f02999594a8d0462682c83115a4957f7603838d18c1edab7f	
step10_candidate_family_phylogenetics/run_18274798/trees/bivalvia/OG0000140/gene_tree_supported.treefile	file	1897	2026-08-06T17:19:43.388449+00:00	c37b88edfe1e0412699e8a35ec3912980d6c71f56a6194473cb0523639a9c7c8	
step10_candidate_family_phylogenetics/run_18274798/trees/bivalvia/OG0000140/iqtree_supported.stderr	file	0	2026-08-06T17:18:59.480443+00:00	e3b0c44298fc1c149afbf4c8996fb92427ae41e4649b934ca495991b7852b855	
step10_candidate_family_phylogenetics/run_18274798/trees/bivalvia/OG0000140/iqtree_supported.stdout	file	12844	2026-08-06T17:19:43.407271+00:00	cf0f549660d4fedb780dcada30ed5c841b2fc0e38ae0a9bbd2ec68af45159e7b	
step10_candidate_family_phylogenetics/run_18274798/trees/bivalvia/OG0000140/mafft.log	file	27246	2026-08-06T17:18:59.446419+00:00	cb2d904da85a2a0437227ab5cdde56e91e2fc5db59d7ea97b836813808cfbe95	
step10_candidate_family_phylogenetics/run_18274798/trees/bivalvia/OG0000140/task_metadata.tsv	file	78	2026-08-06T17:19:43.412274+00:00	8c58eb7f8ccfa7731e90527df9acc88959cfaeea09fe2477a7e639eb2db2999b	
step10_candidate_family_phylogenetics/run_18274798/trees/bivalvia/OG0000140/trimal.log	file	0	2026-08-06T17:18:59.452548+00:00	e3b0c44298fc1c149afbf4c8996fb92427ae41e4649b934ca495991b7852b855	
step10_candidate_family_phylogenetics/run_18274798/trees/bivalvia/OG0000140/trimmed.faa	file	6917	2026-08-06T17:18:59.474951+00:00	ba60974693ca007facfcc3a7a00efee005f7cf61134350520b21c6b36301ebc7	
step10_candidate_family_phylogenetics/run_18274798/trees/bivalvia/OG0000149/COMPLETE	file	27	2026-08-06T17:19:29.510696+00:00	1fecf50f36263796c0c1868f34fddb557f7162ad8820ce6a7531220c30c8e049	
step10_candidate_family_phylogenetics/run_18274798/trees/bivalvia/OG0000149/SUPPORT_MODE	file	20	2026-08-06T17:19:29.509021+00:00	e0e15824ca92202c34b8cb97bbd9579641d13bb5b772586ef14fdd2a190b6c6c	
step10_candidate_family_phylogenetics/run_18274798/trees/bivalvia/OG0000149/TREE_PREFIX	file	162	2026-08-06T17:19:29.507746+00:00	de4f1a24fd241622936d007181a79c1b9cb23d501f3b14b3d78bfd973651f98c	
step10_candidate_family_phylogenetics/run_18274798/trees/bivalvia/OG0000149/aligned.faa	file	10791	2026-08-06T17:18:59.236593+00:00	34eea2ffd2d1c59cbadab2ec8d39b5122bcbe8bbe737bf0b2a8e946c23837663	
step10_candidate_family_phylogenetics/run_18274798/trees/bivalvia/OG0000149/gene_tree_supported.bionj	file	1712	2026-08-06T17:19:04.320172+00:00	22b1fc1f1ed65a242ce576bb0a8cf712118615b324526166dc7b8772c581e741	
step10_candidate_family_phylogenetics/run_18274798/trees/bivalvia/OG0000149/gene_tree_supported.ckp.gz	file	42825	2026-08-06T17:19:29.504001+00:00	ccc4cb432c406c927c2a81e1ebc3a9962b93f68c70be5659b6b827a523ce340c	
step10_candidate_family_phylogenetics/run_18274798/trees/bivalvia/OG0000149/gene_tree_supported.contree	file	1795	2026-08-06T17:19:29.489113+00:00	547cdc2a5747d19758c360ea5bd4e42087a9170c50067bc09b76252e6747cd78	
step10_candidate_family_phylogenetics/run_18274798/trees/bivalvia/OG0000149/gene_tree_supported.iqtree	file	23357	2026-08-06T17:19:29.499489+00:00	e28eccaf137cc9bb2a926719b87096aeca8383ef17ff56e3a9d89529ea0ab012	
step10_candidate_family_phylogenetics/run_18274798/trees/bivalvia/OG0000149/gene_tree_supported.log	file	12514	2026-08-06T17:19:29.505427+00:00	5ab0bae975515db31522062f45c48c79dbf451bb0878b1dcd43a003ac4fb9469	
step10_candidate_family_phylogenetics/run_18274798/trees/bivalvia/OG0000149/gene_tree_supported.mldist	file	8078	2026-08-06T17:19:04.319965+00:00	65eeae1d0842d248e3d28925d5cf6449b08f3b627b04062d2dd4cbfbdfb0114e	
step10_candidate_family_phylogenetics/run_18274798/trees/bivalvia/OG0000149/gene_tree_supported.model.gz	file	2894	2026-08-06T17:19:04.215908+00:00	58038e78c5789a869b2da83cbab7aee2bcd9d56468c2e1f9895be3d67b24b0c6	
step10_candidate_family_phylogenetics/run_18274798/trees/bivalvia/OG0000149/gene_tree_supported.splits.nex	file	4727	2026-08-06T17:19:29.407091+00:00	9c1b7a8f6984d3b92c414febc8a522c7459493613bdfe4be68f8498201c0e231	
step10_candidate_family_phylogenetics/run_18274798/trees/bivalvia/OG0000149/gene_tree_supported.treefile	file	1888	2026-08-06T17:19:29.489591+00:00	533ade73114f72a6b7b191972739b94a0e47ae3589e554a7db5e4f56b7a2e695	
step10_candidate_family_phylogenetics/run_18274798/trees/bivalvia/OG0000149/iqtree_supported.stderr	file	0	2026-08-06T17:18:59.284319+00:00	e3b0c44298fc1c149afbf4c8996fb92427ae41e4649b934ca495991b7852b855	
step10_candidate_family_phylogenetics/run_18274798/trees/bivalvia/OG0000149/iqtree_supported.stdout	file	12514	2026-08-06T17:19:29.505415+00:00	5ab0bae975515db31522062f45c48c79dbf451bb0878b1dcd43a003ac4fb9469	
step10_candidate_family_phylogenetics/run_18274798/trees/bivalvia/OG0000149/mafft.log	file	9064	2026-08-06T17:18:59.231382+00:00	c2fd50057bb34a4922ce837e522be4e3032da032e295777e99f51f486424cbfb	
step10_candidate_family_phylogenetics/run_18274798/trees/bivalvia/OG0000149/task_metadata.tsv	file	78	2026-08-06T17:19:29.509977+00:00	b13366b674244d63e12f448a72d7db3bf63ff2863914eb60247c74c35597ac12	
step10_candidate_family_phylogenetics/run_18274798/trees/bivalvia/OG0000149/trimal.log	file	0	2026-08-06T17:18:59.239709+00:00	e3b0c44298fc1c149afbf4c8996fb92427ae41e4649b934ca495991b7852b855	
step10_candidate_family_phylogenetics/run_18274798/trees/bivalvia/OG0000149/trimmed.faa	file	9141	2026-08-06T17:18:59.278473+00:00	fb4f77685dd9076b8c0f550b8a867f0ee93a96f688c61f012371f62502622f97	
step10_candidate_family_phylogenetics/run_18274798/trees/bivalvia/OG0000150/COMPLETE	file	27	2026-08-06T17:19:25.472131+00:00	1fecf50f36263796c0c1868f34fddb557f7162ad8820ce6a7531220c30c8e049	
step10_candidate_family_phylogenetics/run_18274798/trees/bivalvia/OG0000150/SUPPORT_MODE	file	20	2026-08-06T17:19:25.471496+00:00	e0e15824ca92202c34b8cb97bbd9579641d13bb5b772586ef14fdd2a190b6c6c	
step10_candidate_family_phylogenetics/run_18274798/trees/bivalvia/OG0000150/TREE_PREFIX	file	162	2026-08-06T17:19:25.471127+00:00	a9d9e01278444086bea47fb4886623e59c93f4645ae8ee45d402bf1dc584d790	
step10_candidate_family_phylogenetics/run_18274798/trees/bivalvia/OG0000150/aligned.faa	file	8314	2026-08-06T17:18:59.236587+00:00	d0b0af38d6a7e62980cab05d0cd9016038be2a5a3b5d4e63545c0947efd9ad3b	
step10_candidate_family_phylogenetics/run_18274798/trees/bivalvia/OG0000150/gene_tree_supported.bionj	file	1109	2026-08-06T17:18:59.862280+00:00	4794472a834c3d33e1df485763f81a0a4a6e723100a11593d078cb2ad9a31cb0	
step10_candidate_family_phylogenetics/run_18274798/trees/bivalvia/OG0000150/gene_tree_supported.ckp.gz	file	107114	2026-08-06T17:19:25.462792+00:00	b53c0fdcb64df0d207ef457e1a0167c27006dc00f51dfe26d9f4464f8ed77833	
step10_candidate_family_phylogenetics/run_18274798/trees/bivalvia/OG0000150/gene_tree_supported.contree	file	1491	2026-08-06T17:19:25.419624+00:00	2efd930df1752fd35e2bf4587acd2b828d30f96ec464494363ec484df46363f9	
step10_candidate_family_phylogenetics/run_18274798/trees/bivalvia/OG0000150/gene_tree_supported.iqtree	file	20198	2026-08-06T17:19:25.451799+00:00	79c83335b952704d48a79fa0d62d0563e10c76202ae4a87fce9048dcd4d925ae	
step10_candidate_family_phylogenetics/run_18274798/trees/bivalvia/OG0000150/gene_tree_supported.log	file	29327	2026-08-06T17:19:25.469253+00:00	2167a8ceb9564d14ccc936cf2da1d721b47e2a4a7d470706480f693e80aa11a8	
step10_candidate_family_phylogenetics/run_18274798/trees/bivalvia/OG0000150/gene_tree_supported.mldist	file	4049	2026-08-06T17:18:59.861388+00:00	34c63a64eabefc38cba2858a32559d42e8aa8ebf7e4520718b3ed302365b6218	
step10_candidate_family_phylogenetics/run_18274798/trees/bivalvia/OG0000150/gene_tree_supported.model.gz	file	2241	2026-08-06T17:18:59.831332+00:00	16f1dbbd4c90437c6a8b0389fc868bf5dc9d0aa44f9f6f0cb40c1ade3d2ead99	
step10_candidate_family_phylogenetics/run_18274798/trees/bivalvia/OG0000150/gene_tree_supported.splits.nex	file	11721	2026-08-06T17:19:25.178815+00:00	6225bbad8fe2dc352ddc7de7b8b256a40c72ac7ec2011a216c0d54773a453b61	
step10_candidate_family_phylogenetics/run_18274798/trees/bivalvia/OG0000150/gene_tree_supported.treefile	file	1522	2026-08-06T17:19:25.452254+00:00	9071fa0efec7982e709109fb3f1768b4b6e4e7e211adabff3cc16b8055874e2b	
step10_candidate_family_phylogenetics/run_18274798/trees/bivalvia/OG0000150/gene_tree_supported.uniqueseq.phy	file	1893	2026-08-06T17:18:59.404660+00:00	ba7ef7779ef35b8020610bcc2cc9299410c922851cddb05d732eecb42e5dca61	
step10_candidate_family_phylogenetics/run_18274798/trees/bivalvia/OG0000150/iqtree_supported.stderr	file	0	2026-08-06T17:18:59.292739+00:00	e3b0c44298fc1c149afbf4c8996fb92427ae41e4649b934ca495991b7852b855	
step10_candidate_family_phylogenetics/run_18274798/trees/bivalvia/OG0000150/iqtree_supported.stdout	file	29327	2026-08-06T17:19:25.469235+00:00	2167a8ceb9564d14ccc936cf2da1d721b47e2a4a7d470706480f693e80aa11a8	
step10_candidate_family_phylogenetics/run_18274798/trees/bivalvia/OG0000150/mafft.log	file	6974	2026-08-06T17:18:59.230926+00:00	c3593853c6c976f4a84e125856888da80242b499a8c494d823b5e194e5134eca	
step10_candidate_family_phylogenetics/run_18274798/trees/bivalvia/OG0000150/task_metadata.tsv	file	78	2026-08-06T17:19:25.471821+00:00	c985f5c4de768e68386fb4635b5bd2f9ea6f33e563256a51a86b03b03c5a6801	
step10_candidate_family_phylogenetics/run_18274798/trees/bivalvia/OG0000150/trimal.log	file	119	2026-08-06T17:18:59.286824+00:00	52eee155724a87c4d17c7ae9d2cf6b66f05827d4bd6743785c6122a55f522cc2	
step10_candidate_family_phylogenetics/run_18274798/trees/bivalvia/OG0000150/trimmed.faa	file	1878	2026-08-06T17:18:59.287436+00:00	4c6391d46a8b66600a66bd54e2c26bb5b7f0d4cefc748e06248fd93fc6c8d5cf	
step10_candidate_family_phylogenetics/run_18274798/trees/bivalvia/OG0000156/COMPLETE	file	27	2026-08-06T17:24:19.647854+00:00	1fecf50f36263796c0c1868f34fddb557f7162ad8820ce6a7531220c30c8e049	
step10_candidate_family_phylogenetics/run_18274798/trees/bivalvia/OG0000156/SUPPORT_MODE	file	20	2026-08-06T17:24:19.647253+00:00	e0e15824ca92202c34b8cb97bbd9579641d13bb5b772586ef14fdd2a190b6c6c	
step10_candidate_family_phylogenetics/run_18274798/trees/bivalvia/OG0000156/TREE_PREFIX	file	162	2026-08-06T17:24:19.646873+00:00	fb879090b9a3c541b4560cfd46ce214fed58c079964a7cdb5ace0045fc0512d2	
step10_candidate_family_phylogenetics/run_18274798/trees/bivalvia/OG0000156/aligned.faa	file	6634	2026-08-06T17:23:59.406029+00:00	af99f1a38c95e91a188b0e20299fe1f3b6ab8bca25a9c1c47b904e695ef7cdf2	
step10_candidate_family_phylogenetics/run_18274798/trees/bivalvia/OG0000156/gene_tree_supported.bionj	file	1309	2026-08-06T17:24:00.831693+00:00	df086e253234e76925ab81d4052c1170abcf6d09d42d38a404a545bb9b668bbc	
step10_candidate_family_phylogenetics/run_18274798/trees/bivalvia/OG0000156/gene_tree_supported.ckp.gz	file	59211	2026-08-06T17:24:19.642690+00:00	744872ad5b37a5b71b4c47c9f7af52dc151b8ee16a87ba7dbd7a4624b4e28326	
step10_candidate_family_phylogenetics/run_18274798/trees/bivalvia/OG0000156/gene_tree_supported.contree	file	1522	2026-08-06T17:24:19.620155+00:00	4624fb08fad6ae7d6e3969ef065aeb9b4c324f6adecde28e55df4bdd467f3a25	
step10_candidate_family_phylogenetics/run_18274798/trees/bivalvia/OG0000156/gene_tree_supported.iqtree	file	19258	2026-08-06T17:24:19.637152+00:00	973f447a81a1e9646421b5f327c7a33aa60beefe19ded40ce8b2c4d278647a2c	
step10_candidate_family_phylogenetics/run_18274798/trees/bivalvia/OG0000156/gene_tree_supported.log	file	23042	2026-08-06T17:24:19.645053+00:00	beb661eef1787abbdf490cde09477d83891331d2e02d8b28150d0dce864eec61	
step10_candidate_family_phylogenetics/run_18274798/trees/bivalvia/OG0000156/gene_tree_supported.mldist	file	5363	2026-08-06T17:24:00.832044+00:00	51af9a21992d9043cb8956c5f051b34a01fa01120a9e22c18066cb3eba176ac7	
step10_candidate_family_phylogenetics/run_18274798/trees/bivalvia/OG0000156/gene_tree_supported.model.gz	file	3104	2026-08-06T17:24:00.797319+00:00	f9b81e7c86345cfdffd773d2989fd3c9b424bfcb0ea4dc1009262f8955a848f8	
step10_candidate_family_phylogenetics/run_18274798/trees/bivalvia/OG0000156/gene_tree_supported.splits.nex	file	6015	2026-08-06T17:24:19.589767+00:00	d45a6e5e1751c8dcd74e038ef7425b27a9c56855d391822fadc47da0673fd8b2	
step10_candidate_family_phylogenetics/run_18274798/trees/bivalvia/OG0000156/gene_tree_supported.treefile	file	1587	2026-08-06T17:24:19.637676+00:00	10f0fe7dc733e965df8ee4a20ef6a43d8864707eb57d0fd40c480f1878bf4a4d	
step10_candidate_family_phylogenetics/run_18274798/trees/bivalvia/OG0000156/gene_tree_supported.uniqueseq.phy	file	2366	2026-08-06T17:23:59.624931+00:00	ab8b851375d538d8fe68bd0bf2ccd7b35a9bbc2e8575e7cdf985c3f6c0a5b538	
step10_candidate_family_phylogenetics/run_18274798/trees/bivalvia/OG0000156/iqtree_supported.stderr	file	0	2026-08-06T17:23:59.614966+00:00	e3b0c44298fc1c149afbf4c8996fb92427ae41e4649b934ca495991b7852b855	
step10_candidate_family_phylogenetics/run_18274798/trees/bivalvia/OG0000156/iqtree_supported.stdout	file	23042	2026-08-06T17:24:19.645039+00:00	beb661eef1787abbdf490cde09477d83891331d2e02d8b28150d0dce864eec61	
step10_candidate_family_phylogenetics/run_18274798/trees/bivalvia/OG0000156/mafft.log	file	15240	2026-08-06T17:23:59.402866+00:00	abab3d0ee0636c0e4c022c45d3ff6325274731078d4e0ec7cd991a4a4646c6cd	
step10_candidate_family_phylogenetics/run_18274798/trees/bivalvia/OG0000156/task_metadata.tsv	file	78	2026-08-06T17:24:19.647616+00:00	9377d17dbdcd5423423aa4e74fcf93dbe4f86f71585ddcc4e66b01ee0eb4cb0c	
step10_candidate_family_phylogenetics/run_18274798/trees/bivalvia/OG0000156/trimal.log	file	0	2026-08-06T17:23:59.408636+00:00	e3b0c44298fc1c149afbf4c8996fb92427ae41e4649b934ca495991b7852b855	
step10_candidate_family_phylogenetics/run_18274798/trees/bivalvia/OG0000156/trimmed.faa	file	2058	2026-08-06T17:23:59.609882+00:00	5522be6ec7d22328483b78a0b2d7a430ffd4b7a3499bdf41fb6480b3a52abd24	
step10_candidate_family_phylogenetics/run_18274798/trees/bivalvia/OG0000163/COMPLETE	file	27	2026-08-06T17:27:19.666113+00:00	1fecf50f36263796c0c1868f34fddb557f7162ad8820ce6a7531220c30c8e049	
step10_candidate_family_phylogenetics/run_18274798/trees/bivalvia/OG0000163/SUPPORT_MODE	file	20	2026-08-06T17:27:19.664638+00:00	e0e15824ca92202c34b8cb97bbd9579641d13bb5b772586ef14fdd2a190b6c6c	
step10_candidate_family_phylogenetics/run_18274798/trees/bivalvia/OG0000163/TREE_PREFIX	file	162	2026-08-06T17:27:19.663934+00:00	fb185b00376f6ba91e434a17d5bc533311c37c0bbda5d35ed0df52eb8c76e0f6	
step10_candidate_family_phylogenetics/run_18274798/trees/bivalvia/OG0000163/TRIM_FALLBACK	file	70	2026-08-06T17:23:59.491057+00:00	b8f895d37a918cc5c47326d96812f1c592fbede774d759565a9bb9b1ccf78db4	
step10_candidate_family_phylogenetics/run_18274798/trees/bivalvia/OG0000163/aligned.faa	file	10144	2026-08-06T17:23:59.405266+00:00	c31e7b303b9c205eb155b34b99d94f72941072d39d8fd5d2e22863f1ccaed7e0	
step10_candidate_family_phylogenetics/run_18274798/trees/bivalvia/OG0000163/gene_tree_supported.bionj	file	2213	2026-08-06T17:24:12.041221+00:00	8886611be60924fcf78e1b1e49ec8677bed58058b2aed047c9ea7ca5c96122cb	
step10_candidate_family_phylogenetics/run_18274798/trees/bivalvia/OG0000163/gene_tree_supported.ckp.gz	file	96602	2026-08-06T17:27:19.657816+00:00	a7e5fd747e89a2dde614421d5529c328198ec5e735ab4f8061f7cc8a4987752c	
step10_candidate_family_phylogenetics/run_18274798/trees/bivalvia/OG0000163/gene_tree_supported.contree	file	2346	2026-08-06T17:27:19.625642+00:00	2a19e2513b11859b92876471c14188d0fc3a0c7bd116b2dcf7ac1bfd047ca885	
step10_candidate_family_phylogenetics/run_18274798/trees/bivalvia/OG0000163/gene_tree_supported.iqtree	file	23259	2026-08-06T17:27:19.648895+00:00	84f7b3db9f480f383d157465fddca2f14655c0ab7ba3dd856b4cd792ffcbdcca	
step10_candidate_family_phylogenetics/run_18274798/trees/bivalvia/OG0000163/gene_tree_supported.log	file	15710	2026-08-06T17:27:19.661575+00:00	8e1dc488b4cabc2f141652a490687658a12b3fba75b997311b4e863647f01416	
step10_candidate_family_phylogenetics/run_18274798/trees/bivalvia/OG0000163/gene_tree_supported.mldist	file	8028	2026-08-06T17:24:12.041022+00:00	c869e0e3641d55cda0056f7ee4b04512a0ec8eb7b4488bb490239d495a9cb5c0	
step10_candidate_family_phylogenetics/run_18274798/trees/bivalvia/OG0000163/gene_tree_supported.model.gz	file	3310	2026-08-06T17:24:11.816356+00:00	d42dfff32de30ce55fe781ff120a53370e57632fe5b4ed7296f7cd63e6805b27	
step10_candidate_family_phylogenetics/run_18274798/trees/bivalvia/OG0000163/gene_tree_supported.splits.nex	file	18457	2026-08-06T17:27:19.412077+00:00	6e10e0a96e4632928ed776155f902707ec81c2f84c39411d0e77aed5367a63a1	
step10_candidate_family_phylogenetics/run_18274798/trees/bivalvia/OG0000163/gene_tree_supported.treefile	file	2442	2026-08-06T17:27:19.626111+00:00	450063f9e3d3ec86ab0bd17edbd3f6e1b6fe612f10abbaac74f7979eeea0a301	
step10_candidate_family_phylogenetics/run_18274798/trees/bivalvia/OG0000163/iqtree_supported.stderr	file	0	2026-08-06T17:23:59.492525+00:00	e3b0c44298fc1c149afbf4c8996fb92427ae41e4649b934ca495991b7852b855	
step10_candidate_family_phylogenetics/run_18274798/trees/bivalvia/OG0000163/iqtree_supported.stdout	file	15710	2026-08-06T17:27:19.661561+00:00	8e1dc488b4cabc2f141652a490687658a12b3fba75b997311b4e863647f01416	
step10_candidate_family_phylogenetics/run_18274798/trees/bivalvia/OG0000163/mafft.log	file	23990	2026-08-06T17:23:59.401798+00:00	d8bb743efe7c17f1930823d0f800b55a60fccf09337bb5b9aac578745849966f	
step10_candidate_family_phylogenetics/run_18274798/trees/bivalvia/OG0000163/task_metadata.tsv	file	78	2026-08-06T17:27:19.665596+00:00	6339f76e879c6bb69781b2a144d715220015d1ae7125ae21afa8b05d996dd28d	
step10_candidate_family_phylogenetics/run_18274798/trees/bivalvia/OG0000163/trimal.log	file	0	2026-08-06T17:23:59.462994+00:00	e3b0c44298fc1c149afbf4c8996fb92427ae41e4649b934ca495991b7852b855	
step10_candidate_family_phylogenetics/run_18274798/trees/bivalvia/OG0000163/trimmed.faa	file	10144	2026-08-06T17:23:59.490130+00:00	c31e7b303b9c205eb155b34b99d94f72941072d39d8fd5d2e22863f1ccaed7e0	
step10_candidate_family_phylogenetics/run_18274798/trees/bivalvia/OG0000174/COMPLETE	file	27	2026-08-06T17:24:12.239249+00:00	1fecf50f36263796c0c1868f34fddb557f7162ad8820ce6a7531220c30c8e049	
step10_candidate_family_phylogenetics/run_18274798/trees/bivalvia/OG0000174/SUPPORT_MODE	file	20	2026-08-06T17:24:12.238699+00:00	e0e15824ca92202c34b8cb97bbd9579641d13bb5b772586ef14fdd2a190b6c6c	
step10_candidate_family_phylogenetics/run_18274798/trees/bivalvia/OG0000174/TREE_PREFIX	file	162	2026-08-06T17:24:12.238363+00:00	14f1dab5752f63faef029bfae5047ec8caff2597814b34d8627fba8b25d76f6b	
step10_candidate_family_phylogenetics/run_18274798/trees/bivalvia/OG0000174/aligned.faa	file	7402	2026-08-06T17:23:59.413219+00:00	33f9bfc13cea038814b09926d2a337b966f0e1a5d37b5cb2063dc499966379db	
step10_candidate_family_phylogenetics/run_18274798/trees/bivalvia/OG0000174/gene_tree_supported.bionj	file	1737	2026-08-06T17:24:02.587412+00:00	c89a88b94e34c36be61fef24d54ecf3dbf2faeea55c84dce60752641625761c8	
step10_candidate_family_phylogenetics/run_18274798/trees/bivalvia/OG0000174/gene_tree_supported.ckp.gz	file	56506	2026-08-06T17:24:12.235260+00:00	c6f94bca55e2dca0de64a6b980a364f935f94151f2c2ac9b3a2198c0ecadc8d9	
step10_candidate_family_phylogenetics/run_18274798/trees/bivalvia/OG0000174/gene_tree_supported.contree	file	1868	2026-08-06T17:24:12.218897+00:00	b71b6620045bcf1236ce638264e2affd619a4162b67d1cab1ff20ace28184cb5	
step10_candidate_family_phylogenetics/run_18274798/trees/bivalvia/OG0000174/gene_tree_supported.iqtree	file	22913	2026-08-06T17:24:12.230197+00:00	6f7e482401d378dfab5a303676af00f68f529685d129a0788273692c339357d7	
step10_candidate_family_phylogenetics/run_18274798/trees/bivalvia/OG0000174/gene_tree_supported.log	file	20260	2026-08-06T17:24:12.236702+00:00	9cbfab9f2e17b0d918b45fc76562c9aa3bdd8548037fbd5e0f6e53d573fa1e83	
step10_candidate_family_phylogenetics/run_18274798/trees/bivalvia/OG0000174/gene_tree_supported.mldist	file	8661	2026-08-06T17:24:02.585672+00:00	dcfd9b5230b21310fb9b7baae04660b387a47617d29d9daad1f533cfa28d1420	
step10_candidate_family_phylogenetics/run_18274798/trees/bivalvia/OG0000174/gene_tree_supported.model.gz	file	3938	2026-08-06T17:24:02.514132+00:00	63208bb9f6e346bc76a725beae144781dfe49a8ef5ae3e22ce52fb62ae5f5942	
step10_candidate_family_phylogenetics/run_18274798/trees/bivalvia/OG0000174/gene_tree_supported.splits.nex	file	10593	2026-08-06T17:24:12.173741+00:00	0391f95cc8760c89150ae342e1ceb0f94487a0362f74abae1a0fe3d508d10abe	
step10_candidate_family_phylogenetics/run_18274798/trees/bivalvia/OG0000174/gene_tree_supported.treefile	file	1977	2026-08-06T17:24:12.219324+00:00	299230cd6ab2787abd26d2488cee0b07e673740aa1921c1f2b420812c1ce8582	
step10_candidate_family_phylogenetics/run_18274798/trees/bivalvia/OG0000174/iqtree_supported.stderr	file	0	2026-08-06T17:23:59.615293+00:00	e3b0c44298fc1c149afbf4c8996fb92427ae41e4649b934ca495991b7852b855	
step10_candidate_family_phylogenetics/run_18274798/trees/bivalvia/OG0000174/iqtree_supported.stdout	file	20260	2026-08-06T17:24:12.236692+00:00	9cbfab9f2e17b0d918b45fc76562c9aa3bdd8548037fbd5e0f6e53d573fa1e83	
step10_candidate_family_phylogenetics/run_18274798/trees/bivalvia/OG0000174/mafft.log	file	10601	2026-08-06T17:23:59.410267+00:00	2c5a4a27f0b11fe2bff8ce6f116a68cb0c7b135c40139868e4a49c8c4aaf4a44	
step10_candidate_family_phylogenetics/run_18274798/trees/bivalvia/OG0000174/task_metadata.tsv	file	78	2026-08-06T17:24:12.239034+00:00	0d1415d010c0f4403efdba4a60f66d552e4fe3463ab11fe78157242e77a670ba	
step10_candidate_family_phylogenetics/run_18274798/trees/bivalvia/OG0000174/trimal.log	file	0	2026-08-06T17:23:59.415660+00:00	e3b0c44298fc1c149afbf4c8996fb92427ae41e4649b934ca495991b7852b855	
step10_candidate_family_phylogenetics/run_18274798/trees/bivalvia/OG0000174/trimmed.faa	file	2462	2026-08-06T17:23:59.610605+00:00	ef81dfd9218a628f9de6cf4489c48e6ec468fa7f9961ee8f398ba61fca235f17	
step10_candidate_family_phylogenetics/run_18274798/trees/bivalvia/OG0000189/COMPLETE	file	27	2026-08-06T17:29:05.216259+00:00	1fecf50f36263796c0c1868f34fddb557f7162ad8820ce6a7531220c30c8e049	
step10_candidate_family_phylogenetics/run_18274798/trees/bivalvia/OG0000189/SUPPORT_MODE	file	20	2026-08-06T17:29:05.211302+00:00	e0e15824ca92202c34b8cb97bbd9579641d13bb5b772586ef14fdd2a190b6c6c	
step10_candidate_family_phylogenetics/run_18274798/trees/bivalvia/OG0000189/TREE_PREFIX	file	162	2026-08-06T17:29:05.195571+00:00	241b858c8e4258ccccacacc7cf546291ea4df3a95839c258eb5dddd7e9685cee	
step10_candidate_family_phylogenetics/run_18274798/trees/bivalvia/OG0000189/aligned.faa	file	6593	2026-08-06T17:29:00.146630+00:00	f3803cafc1a2b3130d279d0985dede9fb6ee548858e426206aa1263938a01e70	
step10_candidate_family_phylogenetics/run_18274798/trees/bivalvia/OG0000189/gene_tree_supported.bionj	file	1738	2026-08-06T17:29:01.064765+00:00	8c751c6f8f0b631c83785a252aaafa8095e53fb780d9258337411e9af1387f3d	
step10_candidate_family_phylogenetics/run_18274798/trees/bivalvia/OG0000189/gene_tree_supported.ckp.gz	file	44125	2026-08-06T17:29:05.192213+00:00	60432e80bd1ca4a015f738fc96dfe6a48076ce0a8415426df66e23e9c500a875	
step10_candidate_family_phylogenetics/run_18274798/trees/bivalvia/OG0000189/gene_tree_supported.contree	file	1821	2026-08-06T17:29:05.162715+00:00	faa9e0a2c355e39ff44a20f13fbbd8df7a09f9a0a2b8b918216c7d7a4682492c	
step10_candidate_family_phylogenetics/run_18274798/trees/bivalvia/OG0000189/gene_tree_supported.iqtree	file	23875	2026-08-06T17:29:05.185060+00:00	7b7e372d512052bda5458dde4b510001a98b1338eb15d2aa567df78f2a54c029	
step10_candidate_family_phylogenetics/run_18274798/trees/bivalvia/OG0000189/gene_tree_supported.log	file	18377	2026-08-06T17:29:05.193337+00:00	390ef751e9fa5436833a27475b9f5ac5646288278c062110abfb24b7f58e0a9a	
step10_candidate_family_phylogenetics/run_18274798/trees/bivalvia/OG0000189/gene_tree_supported.mldist	file	8028	2026-08-06T17:29:01.064319+00:00	af15f258c63ef9d874b91fe58477f8156508292a365d9bd022a67e8905f966ff	
step10_candidate_family_phylogenetics/run_18274798/trees/bivalvia/OG0000189/gene_tree_supported.model.gz	file	2640	2026-08-06T17:29:01.031526+00:00	3335de0638a2690873558847a40a3d937ce6e9d394b8183991d213608c887b7d	
step10_candidate_family_phylogenetics/run_18274798/trees/bivalvia/OG0000189/gene_tree_supported.splits.nex	file	7569	2026-08-06T17:29:05.130820+00:00	0961e4ae79e93d3fa1e7eec56e84cf1e0b20d16884012270190932982ae04087	
step10_candidate_family_phylogenetics/run_18274798/trees/bivalvia/OG0000189/gene_tree_supported.treefile	file	1900	2026-08-06T17:29:05.163138+00:00	e046e7188c0ce32f1f8c88938a37204bd6d0c30239fdac8f429d71aba781d2f5	
step10_candidate_family_phylogenetics/run_18274798/trees/bivalvia/OG0000189/iqtree_supported.stderr	file	0	2026-08-06T17:29:00.180920+00:00	e3b0c44298fc1c149afbf4c8996fb92427ae41e4649b934ca495991b7852b855	
step10_candidate_family_phylogenetics/run_18274798/trees/bivalvia/OG0000189/iqtree_supported.stdout	file	18377	2026-08-06T17:29:05.193327+00:00	390ef751e9fa5436833a27475b9f5ac5646288278c062110abfb24b7f58e0a9a	
step10_candidate_family_phylogenetics/run_18274798/trees/bivalvia/OG0000189/mafft.log	file	6770	2026-08-06T17:29:00.141354+00:00	be8d88a33e67c739115fc1f33bbddba6e6bf372a7e37d5b5e81c26f28f3a578c	
step10_candidate_family_phylogenetics/run_18274798/trees/bivalvia/OG0000189/task_metadata.tsv	file	78	2026-08-06T17:29:05.215672+00:00	65f38417d4ce9a1e0aba43de175273d8b8b41540fe45534fcbc13e1e55bde56b	
step10_candidate_family_phylogenetics/run_18274798/trees/bivalvia/OG0000189/trimal.log	file	0	2026-08-06T17:29:00.150467+00:00	e3b0c44298fc1c149afbf4c8996fb92427ae41e4649b934ca495991b7852b855	
step10_candidate_family_phylogenetics/run_18274798/trees/bivalvia/OG0000189/trimmed.faa	file	2393	2026-08-06T17:29:00.175093+00:00	3307cdce1bafc2f7fb358b96ed8ccb26a567a2f55bea658ebbc71335f4d31125	
step10_candidate_family_phylogenetics/run_18274798/trees/bivalvia/OG0000193/COMPLETE	file	27	2026-08-06T17:29:14.398175+00:00	1fecf50f36263796c0c1868f34fddb557f7162ad8820ce6a7531220c30c8e049	
step10_candidate_family_phylogenetics/run_18274798/trees/bivalvia/OG0000193/SUPPORT_MODE	file	20	2026-08-06T17:29:14.396991+00:00	e0e15824ca92202c34b8cb97bbd9579641d13bb5b772586ef14fdd2a190b6c6c	
step10_candidate_family_phylogenetics/run_18274798/trees/bivalvia/OG0000193/TREE_PREFIX	file	162	2026-08-06T17:29:14.396204+00:00	a10608cb1fa2a9c9217f91a5dab73e612632d0db17a94ed7829237a83ea1565c	
step10_candidate_family_phylogenetics/run_18274798/trees/bivalvia/OG0000193/aligned.faa	file	6199	2026-08-06T17:28:59.373788+00:00	008e93b25b2893ec2332485174e51092670ff28b66469acb671d9edc4f3234a5	
step10_candidate_family_phylogenetics/run_18274798/trees/bivalvia/OG0000193/gene_tree_supported.bionj	file	1284	2026-08-06T17:29:00.237975+00:00	fac82b861e71354645f022dc4f46e896e606b08764c09ec3427150d98c3435e7	
step10_candidate_family_phylogenetics/run_18274798/trees/bivalvia/OG0000193/gene_tree_supported.ckp.gz	file	62147	2026-08-06T17:29:14.391868+00:00	8199fa376e8fd5538eebc0f3f54a2b5ce3a41580c0b3ab6b7c4d2a5a1564ec9b	
step10_candidate_family_phylogenetics/run_18274798/trees/bivalvia/OG0000193/gene_tree_supported.contree	file	1524	2026-08-06T17:29:14.370776+00:00	280013a1af0989a9b14b21d947e9e6f629ffd330d3884384f75b33269b29a6cf	
step10_candidate_family_phylogenetics/run_18274798/trees/bivalvia/OG0000193/gene_tree_supported.iqtree	file	20283	2026-08-06T17:29:14.385889+00:00	6a919a714e20574936214582d2b000bf7336d1a033c6c1134e1ba72df7ed2b14	
step10_candidate_family_phylogenetics/run_18274798/trees/bivalvia/OG0000193/gene_tree_supported.log	file	22391	2026-08-06T17:29:14.394140+00:00	3147c5538586a9a0861aa863e297c1d60f277dbdaeea985cc5e7853a6eb7fd7c	
step10_candidate_family_phylogenetics/run_18274798/trees/bivalvia/OG0000193/gene_tree_supported.mldist	file	5363	2026-08-06T17:29:00.237887+00:00	78f8051dcf28d88fd1a0504624ddc8fd3f5b9ea6c7200783e1fc85cacae2c8a7	
step10_candidate_family_phylogenetics/run_18274798/trees/bivalvia/OG0000193/gene_tree_supported.model.gz	file	2474	2026-08-06T17:29:00.207204+00:00	b6f1d048a3ce9adcca1f6852fcf3f8ac7b4c86b222fe01876404945544a64858	
step10_candidate_family_phylogenetics/run_18274798/trees/bivalvia/OG0000193/gene_tree_supported.splits.nex	file	8153	2026-08-06T17:29:14.343972+00:00	cd431287496d88dccb49f548af10736e349bbfbfffc46969399d54463d706f81	
step10_candidate_family_phylogenetics/run_18274798/trees/bivalvia/OG0000193/gene_tree_supported.treefile	file	1576	2026-08-06T17:29:14.386299+00:00	dadbf4828318896cf3e63e6e9a184bbb0d44c83c8e2194aa4cc9cc235a5742b7	
step10_candidate_family_phylogenetics/run_18274798/trees/bivalvia/OG0000193/gene_tree_supported.uniqueseq.phy	file	2066	2026-08-06T17:28:59.536069+00:00	22dcf9b6d99b7905a9ce0d0465ec680d54cc097a664a8dfe4896a7e375f2ab4b	
step10_candidate_family_phylogenetics/run_18274798/trees/bivalvia/OG0000193/iqtree_supported.stderr	file	0	2026-08-06T17:28:59.456851+00:00	e3b0c44298fc1c149afbf4c8996fb92427ae41e4649b934ca495991b7852b855	
step10_candidate_family_phylogenetics/run_18274798/trees/bivalvia/OG0000193/iqtree_supported.stdout	file	22391	2026-08-06T17:29:14.394124+00:00	3147c5538586a9a0861aa863e297c1d60f277dbdaeea985cc5e7853a6eb7fd7c	
step10_candidate_family_phylogenetics/run_18274798/trees/bivalvia/OG0000193/mafft.log	file	9807	2026-08-06T17:28:59.370972+00:00	6e8b1d74002ff82c482b31583e4318f4819bdc8480deb19dc50ac86547429052	
step10_candidate_family_phylogenetics/run_18274798/trees/bivalvia/OG0000193/task_metadata.tsv	file	78	2026-08-06T17:29:14.397745+00:00	ab226894167f679b602039a6487cfab321abfd310c3834555c75aa6de98ddbad	
step10_candidate_family_phylogenetics/run_18274798/trees/bivalvia/OG0000193/trimal.log	file	92	2026-08-06T17:28:59.448937+00:00	a224add73240b54ee359531721944f1ec4cba69608ea19e414c3afcf59ece614	
step10_candidate_family_phylogenetics/run_18274798/trees/bivalvia/OG0000193/trimmed.faa	file	1730	2026-08-06T17:28:59.450489+00:00	cb1805f655dcf90cfcc9d503a35d53b056837088f170ea9ffd3a960c1b0a3d52	
step10_candidate_family_phylogenetics/run_18274798/trees/bivalvia/OG0000200/COMPLETE	file	27	2026-08-06T17:34:46.543503+00:00	1fecf50f36263796c0c1868f34fddb557f7162ad8820ce6a7531220c30c8e049	
step10_candidate_family_phylogenetics/run_18274798/trees/bivalvia/OG0000200/SUPPORT_MODE	file	20	2026-08-06T17:34:46.541895+00:00	e0e15824ca92202c34b8cb97bbd9579641d13bb5b772586ef14fdd2a190b6c6c	
step10_candidate_family_phylogenetics/run_18274798/trees/bivalvia/OG0000200/TREE_PREFIX	file	162	2026-08-06T17:34:46.540817+00:00	b25a2e9baa94610bcd024387bfec8adfc53c53258d2647b35d267c72140b2821	
step10_candidate_family_phylogenetics/run_18274798/trees/bivalvia/OG0000200/aligned.faa	file	25013	2026-08-06T17:34:00.399325+00:00	652efb4e8e35b03e4b99a068cb2f53582a9999d9256ee405641064c552a16366	
step10_candidate_family_phylogenetics/run_18274798/trees/bivalvia/OG0000200/gene_tree_supported.bionj	file	2153	2026-08-06T17:34:10.314868+00:00	90b8710378159d02ba5757a35ef9b26b409721f5a1be3d473e4e58a4e319b679	
step10_candidate_family_phylogenetics/run_18274798/trees/bivalvia/OG0000200/gene_tree_supported.ckp.gz	file	54095	2026-08-06T17:34:46.536410+00:00	a2ea7dfbb2bf69e61d39ef605e0beebd1a2280436d2a60a80b9c94c7d1be17af	
step10_candidate_family_phylogenetics/run_18274798/trees/bivalvia/OG0000200/gene_tree_supported.contree	file	2287	2026-08-06T17:34:46.521089+00:00	5e502c847c5876027a57a3f208a2829a3e3cb8ab60aa317d9ac8b35215af3278	
step10_candidate_family_phylogenetics/run_18274798/trees/bivalvia/OG0000200/gene_tree_supported.iqtree	file	22054	2026-08-06T17:34:46.531576+00:00	bf6260cd8c298fbd04f8d2b3d8db3ed831b0d26a87e45adb379d6b7291a0a1f5	
step10_candidate_family_phylogenetics/run_18274798/trees/bivalvia/OG0000200/gene_tree_supported.log	file	12917	2026-08-06T17:34:46.537982+00:00	a2907623a9af3963f9e37c4529b47eb58c07404d5e0a5a78f85e287e1d1ead71	
step10_candidate_family_phylogenetics/run_18274798/trees/bivalvia/OG0000200/gene_tree_supported.mldist	file	11223	2026-08-06T17:34:10.307330+00:00	220d453994ce92415c0bb6d9bb6b50b685e875e82f56cd3568e9f1a6358fe972	
step10_candidate_family_phylogenetics/run_18274798/trees/bivalvia/OG0000200/gene_tree_supported.model.gz	file	3562	2026-08-06T17:34:10.087018+00:00	48a1cdef4635f87d7cb593309679efdb8be98d3de2730a857aa300a264eb50b5	
step10_candidate_family_phylogenetics/run_18274798/trees/bivalvia/OG0000200/gene_tree_supported.splits.nex	file	7154	2026-08-06T17:34:46.382486+00:00	4a25a5ab760beac859242e38a3e24b9b6d52c8c84eb8fcab4da40c5064432e2a	
step10_candidate_family_phylogenetics/run_18274798/trees/bivalvia/OG0000200/gene_tree_supported.treefile	file	2409	2026-08-06T17:34:46.521626+00:00	0ca59fd37b5499321806af182886e126161d52d9d0e52040d35d4d8ad09ebfbe	
step10_candidate_family_phylogenetics/run_18274798/trees/bivalvia/OG0000200/iqtree_supported.stderr	file	0	2026-08-06T17:34:00.417623+00:00	e3b0c44298fc1c149afbf4c8996fb92427ae41e4649b934ca495991b7852b855	
step10_candidate_family_phylogenetics/run_18274798/trees/bivalvia/OG0000200/iqtree_supported.stdout	file	12917	2026-08-06T17:34:46.537970+00:00	a2907623a9af3963f9e37c4529b47eb58c07404d5e0a5a78f85e287e1d1ead71	
step10_candidate_family_phylogenetics/run_18274798/trees/bivalvia/OG0000200/mafft.log	file	13841	2026-08-06T17:34:00.395446+00:00	d2603bc857bb623affa15fb8a5a6ffa001f92b0916d75fec8e6ca761ece1e453	
step10_candidate_family_phylogenetics/run_18274798/trees/bivalvia/OG0000200/task_metadata.tsv	file	79	2026-08-06T17:34:46.542838+00:00	9992c0d868cb62e0e4188c100a9e9de90fb2a402cdd8c2e94d5010f9770b4a2d	
step10_candidate_family_phylogenetics/run_18274798/trees/bivalvia/OG0000200/trimal.log	file	0	2026-08-06T17:34:00.402675+00:00	e3b0c44298fc1c149afbf4c8996fb92427ae41e4649b934ca495991b7852b855	
step10_candidate_family_phylogenetics/run_18274798/trees/bivalvia/OG0000200/trimmed.faa	file	22823	2026-08-06T17:34:00.411265+00:00	30a4c496ac07b2d994224abd761e476f9e26e8c51b03855c18e4f20bcfac57cb	
step10_candidate_family_phylogenetics/run_18274798/trees/bivalvia/OG0000236/COMPLETE	file	27	2026-08-06T17:29:33.508937+00:00	1fecf50f36263796c0c1868f34fddb557f7162ad8820ce6a7531220c30c8e049	
step10_candidate_family_phylogenetics/run_18274798/trees/bivalvia/OG0000236/SUPPORT_MODE	file	20	2026-08-06T17:29:33.508274+00:00	e0e15824ca92202c34b8cb97bbd9579641d13bb5b772586ef14fdd2a190b6c6c	
step10_candidate_family_phylogenetics/run_18274798/trees/bivalvia/OG0000236/TREE_PREFIX	file	162	2026-08-06T17:29:33.507918+00:00	b812983cc083f3548e291478e76c2e604f7668257537e2bc3bf4f2afc54817e6	
step10_candidate_family_phylogenetics/run_18274798/trees/bivalvia/OG0000236/aligned.faa	file	35506	2026-08-06T17:29:01.123011+00:00	5696868674d726538e9ffd764c0f206bbf8a009da9c92179c2c392a53b9cffbd	
step10_candidate_family_phylogenetics/run_18274798/trees/bivalvia/OG0000236/gene_tree_supported.bionj	file	1741	2026-08-06T17:29:14.717350+00:00	0d12b773c92edf7beefe1486f6436bf0a38ab3c4b2ea49750f0fe1057bb85ac8	
step10_candidate_family_phylogenetics/run_18274798/trees/bivalvia/OG0000236/gene_tree_supported.ckp.gz	file	39989	2026-08-06T17:29:33.502950+00:00	4973020ec719ee4b8eac34d0c1088b32e5815d7196e53dad3407a2b2186aeffe	
step10_candidate_family_phylogenetics/run_18274798/trees/bivalvia/OG0000236/gene_tree_supported.contree	file	1872	2026-08-06T17:29:33.490509+00:00	67f3587e46a60fcdedfdadc90156060f9abaa1be6aa30e8fa7d13da8de84dfb7	
step10_candidate_family_phylogenetics/run_18274798/trees/bivalvia/OG0000236/gene_tree_supported.iqtree	file	24146	2026-08-06T17:29:33.499684+00:00	cedb76e0c259c79a3d2ae5b57544a7fd2ffc2979cc2134a02562211be0587168	
step10_candidate_family_phylogenetics/run_18274798/trees/bivalvia/OG0000236/gene_tree_supported.log	file	11711	2026-08-06T17:29:33.504160+00:00	fda06e02a4c8a13a8a489a14f0d19445973573b3df4f042c605211219e0cc62a	
step10_candidate_family_phylogenetics/run_18274798/trees/bivalvia/OG0000236/gene_tree_supported.mldist	file	8531	2026-08-06T17:29:14.717736+00:00	4d1d4eb78502238f722d45e816b6e7b0a58b7d217ddea5d438f7e6bc8b9baa0a	
step10_candidate_family_phylogenetics/run_18274798/trees/bivalvia/OG0000236/gene_tree_supported.model.gz	file	3595	2026-08-06T17:29:14.544317+00:00	2f29ab7f4842401fa299dbf144ce1167317163717bd7d4cb6766b3fd0840cd07	
step10_candidate_family_phylogenetics/run_18274798/trees/bivalvia/OG0000236/gene_tree_supported.splits.nex	file	4761	2026-08-06T17:29:33.411247+00:00	715e93fe42a11fbb31e22340cb80e833f942687d26758ed4db6b48f93a5cc079	
step10_candidate_family_phylogenetics/run_18274798/trees/bivalvia/OG0000236/gene_tree_supported.treefile	file	1980	2026-08-06T17:29:33.490978+00:00	707ad8440df9d30ca199a19eb8d7ec8c0c9fa87412ece37cdb286a70d3c2b1fe	
step10_candidate_family_phylogenetics/run_18274798/trees/bivalvia/OG0000236/iqtree_supported.stderr	file	0	2026-08-06T17:29:01.170838+00:00	e3b0c44298fc1c149afbf4c8996fb92427ae41e4649b934ca495991b7852b855	
step10_candidate_family_phylogenetics/run_18274798/trees/bivalvia/OG0000236/iqtree_supported.stdout	file	11711	2026-08-06T17:29:33.504151+00:00	fda06e02a4c8a13a8a489a14f0d19445973573b3df4f042c605211219e0cc62a	
step10_candidate_family_phylogenetics/run_18274798/trees/bivalvia/OG0000236/mafft.log	file	16164	2026-08-06T17:29:01.119029+00:00	b4f430ae6af4fc873e422241fb88952bec2549fdfea47c89fcfca751b48135fd	
step10_candidate_family_phylogenetics/run_18274798/trees/bivalvia/OG0000236/task_metadata.tsv	file	78	2026-08-06T17:29:33.508707+00:00	dd845327909c1ae8ac87734b26d82fed87045612942ee0977e04d5c924ee5efd	
step10_candidate_family_phylogenetics/run_18274798/trees/bivalvia/OG0000236/trimal.log	file	0	2026-08-06T17:29:01.125913+00:00	e3b0c44298fc1c149afbf4c8996fb92427ae41e4649b934ca495991b7852b855	
step10_candidate_family_phylogenetics/run_18274798/trees/bivalvia/OG0000236/trimmed.faa	file	8440	2026-08-06T17:29:01.165117+00:00	8c843170cc4d62b8093c61bc970a7c1706a44afee04c15e4c9d8ab2b45c05b0e	
step10_candidate_family_phylogenetics/run_18274798/trees/bivalvia/OG0000237/COMPLETE	file	27	2026-08-06T18:05:13.027297+00:00	1fecf50f36263796c0c1868f34fddb557f7162ad8820ce6a7531220c30c8e049	
step10_candidate_family_phylogenetics/run_18274798/trees/bivalvia/OG0000237/SUPPORT_MODE	file	20	2026-08-06T18:05:13.025646+00:00	e0e15824ca92202c34b8cb97bbd9579641d13bb5b772586ef14fdd2a190b6c6c	
step10_candidate_family_phylogenetics/run_18274798/trees/bivalvia/OG0000237/TREE_PREFIX	file	162	2026-08-06T18:05:13.024317+00:00	b088137b34cbff3eafad173f7c2fca6f22fda357d4c0459fd416015ba85e5a9f	
step10_candidate_family_phylogenetics/run_18274798/trees/bivalvia/OG0000237/aligned.faa	file	17366	2026-08-06T18:04:03.341728+00:00	cfd9717eeb09f201f193c3a075a23a9478aa8375aaa510e0ae631a45e3805e26	
step10_candidate_family_phylogenetics/run_18274798/trees/bivalvia/OG0000237/gene_tree_supported.bionj	file	4303	2026-08-06T18:04:19.462446+00:00	23ab02f0365477b10b23347efa51e59dac0f51a2555cfe32d96109a60eafda3a	
step10_candidate_family_phylogenetics/run_18274798/trees/bivalvia/OG0000237/gene_tree_supported.ckp.gz	file	80229	2026-08-06T18:05:13.002122+00:00	1bbbf2ba22f8bfe456e3cc1bd82b3992c44327111bbc01f423673afb626c2e57	
step10_candidate_family_phylogenetics/run_18274798/trees/bivalvia/OG0000237/gene_tree_supported.contree	file	4630	2026-08-06T18:05:12.980937+00:00	b89eed9a805983f3d711acc0f2d25c8c1a59386b56f92b3e717fa7a59bc0e32a	
step10_candidate_family_phylogenetics/run_18274798/trees/bivalvia/OG0000237/gene_tree_supported.iqtree	file	39575	2026-08-06T18:05:12.995261+00:00	b5f302a9250b600b46b16197a152c710833a50c151ff1a041283dd8d2caa1351	
step10_candidate_family_phylogenetics/run_18274798/trees/bivalvia/OG0000237/gene_tree_supported.log	file	16165	2026-08-06T18:05:13.003771+00:00	7226ce9ba3fd610c1c684122f9ecc085d0e147d521c6a21268da6e3b5396195f	
step10_candidate_family_phylogenetics/run_18274798/trees/bivalvia/OG0000237/gene_tree_supported.mldist	file	37645	2026-08-06T18:04:19.462715+00:00	679fd494919ded21da17ebf3de58f6d8cc940fc30ebad98acd59ea88630e3851	
step10_candidate_family_phylogenetics/run_18274798/trees/bivalvia/OG0000237/gene_tree_supported.model.gz	file	5523	2026-08-06T18:04:17.227318+00:00	65cc6690df5ff3b8c0f65895ac7e7236edef810555cc9d1ebb10c47beb1413e3	
step10_candidate_family_phylogenetics/run_18274798/trees/bivalvia/OG0000237/gene_tree_supported.splits.nex	file	16014	2026-08-06T18:05:12.856416+00:00	9e9ab336e46aff16a32dba6d3fdd27283be71d4ef9f3e1fa25174535433145f6	
step10_candidate_family_phylogenetics/run_18274798/trees/bivalvia/OG0000237/gene_tree_supported.treefile	file	4878	2026-08-06T18:05:12.983224+00:00	fce7cbf769cdbea918a512d385e8c69f51d5419395ecb798e2c250cca5f1a25f	
step10_candidate_family_phylogenetics/run_18274798/trees/bivalvia/OG0000237/iqtree_supported.stderr	file	0	2026-08-06T18:04:03.378591+00:00	e3b0c44298fc1c149afbf4c8996fb92427ae41e4649b934ca495991b7852b855	
step10_candidate_family_phylogenetics/run_18274798/trees/bivalvia/OG0000237/iqtree_supported.stdout	file	16165	2026-08-06T18:05:13.003758+00:00	7226ce9ba3fd610c1c684122f9ecc085d0e147d521c6a21268da6e3b5396195f	
step10_candidate_family_phylogenetics/run_18274798/trees/bivalvia/OG0000237/mafft.log	file	47033	2026-08-06T18:04:03.337860+00:00	dce15501a1f861c6605f3e744fb06d8bb2f4f9e1094ab9e1013922a1e3f28352	
step10_candidate_family_phylogenetics/run_18274798/trees/bivalvia/OG0000237/task_metadata.tsv	file	79	2026-08-06T18:05:13.026491+00:00	5ee1744a304d6322587ff5e05294b4ee89f51408407a91c0c4221f0e5f03e6db	
step10_candidate_family_phylogenetics/run_18274798/trees/bivalvia/OG0000237/trimal.log	file	0	2026-08-06T18:04:03.344847+00:00	e3b0c44298fc1c149afbf4c8996fb92427ae41e4649b934ca495991b7852b855	
step10_candidate_family_phylogenetics/run_18274798/trees/bivalvia/OG0000237/trimmed.faa	file	8840	2026-08-06T18:04:03.372361+00:00	fef3eeeb50ed0257c59aaaac99501a7b5b7cb61086bb28b9b7daf776907fbdbb	
step10_candidate_family_phylogenetics/run_18274798/trees/bivalvia/OG0000238/COMPLETE	file	27	2026-08-06T17:50:07.014872+00:00	1fecf50f36263796c0c1868f34fddb557f7162ad8820ce6a7531220c30c8e049	
step10_candidate_family_phylogenetics/run_18274798/trees/bivalvia/OG0000238/SUPPORT_MODE	file	20	2026-08-06T17:50:07.014313+00:00	e0e15824ca92202c34b8cb97bbd9579641d13bb5b772586ef14fdd2a190b6c6c	
step10_candidate_family_phylogenetics/run_18274798/trees/bivalvia/OG0000238/TREE_PREFIX	file	162	2026-08-06T17:50:07.013881+00:00	d0146b066a96d40793dde6aa1fd9ccd7725d7705eee5ceaf843d3315af671750	
step10_candidate_family_phylogenetics/run_18274798/trees/bivalvia/OG0000238/TRIM_FALLBACK	file	70	2026-08-06T17:49:02.142828+00:00	b8f895d37a918cc5c47326d96812f1c592fbede774d759565a9bb9b1ccf78db4	
step10_candidate_family_phylogenetics/run_18274798/trees/bivalvia/OG0000238/aligned.faa	file	15889	2026-08-06T17:49:02.126870+00:00	9fd283496012a56c10728d15cc40817640bba5905baee5d5751a182de8eb5a47	
step10_candidate_family_phylogenetics/run_18274798/trees/bivalvia/OG0000238/gene_tree_supported.bionj	file	2517	2026-08-06T17:49:09.852572+00:00	7a47371731234dcc1127eb869dc8fa2fad0ea25a10f65ef015c2e30dc1ba1ab7	
step10_candidate_family_phylogenetics/run_18274798/trees/bivalvia/OG0000238/gene_tree_supported.ckp.gz	file	57180	2026-08-06T17:50:07.009916+00:00	5c0d7362ce2ccdf528d1dac2cf47ea7277ad1551bf92c1c5238448a40b666778	
step10_candidate_family_phylogenetics/run_18274798/trees/bivalvia/OG0000238/gene_tree_supported.contree	file	2685	2026-08-06T17:50:06.995240+00:00	8317345cfef19382bdf9dd10135e5e706f116025a04048a52b9413029fd95f72	
step10_candidate_family_phylogenetics/run_18274798/trees/bivalvia/OG0000238/gene_tree_supported.iqtree	file	24813	2026-08-06T17:50:07.005092+00:00	193171938cd7de2a37db2343fa38e74b441d6768ce5c68505cf2b99e3a4e1408	
step10_candidate_family_phylogenetics/run_18274798/trees/bivalvia/OG0000238/gene_tree_supported.log	file	12931	2026-08-06T17:50:07.011326+00:00	641296dd7847dc3c4467dbe044e4f18315169b0236360fc13bef923b12e21518	
step10_candidate_family_phylogenetics/run_18274798/trees/bivalvia/OG0000238/gene_tree_supported.mldist	file	13909	2026-08-06T17:49:09.702720+00:00	dd524e2592dc041a91b047a1725d7351283f9620c4bbdfbf9b11eb08d045d09a	
step10_candidate_family_phylogenetics/run_18274798/trees/bivalvia/OG0000238/gene_tree_supported.model.gz	file	3329	2026-08-06T17:49:08.745080+00:00	e8a5f24f1cbeb739bd5ebf0de74874c00d2377462163869dbcdf60d5ccf4f842	
step10_candidate_family_phylogenetics/run_18274798/trees/bivalvia/OG0000238/gene_tree_supported.splits.nex	file	7974	2026-08-06T17:50:06.884587+00:00	2935dd8e680f69a5a8c4d8b3e9da2bd6b17d6b2af5ca974310259b673c911fdd	
step10_candidate_family_phylogenetics/run_18274798/trees/bivalvia/OG0000238/gene_tree_supported.treefile	file	2818	2026-08-06T17:50:06.995743+00:00	2306ed797484a9e6b2f1b880ef22725ba893cb01d587239880b9424683536131	
step10_candidate_family_phylogenetics/run_18274798/trees/bivalvia/OG0000238/iqtree_supported.stderr	file	0	2026-08-06T17:49:02.144625+00:00	e3b0c44298fc1c149afbf4c8996fb92427ae41e4649b934ca495991b7852b855	
step10_candidate_family_phylogenetics/run_18274798/trees/bivalvia/OG0000238/iqtree_supported.stdout	file	12931	2026-08-06T17:50:07.011312+00:00	641296dd7847dc3c4467dbe044e4f18315169b0236360fc13bef923b12e21518	
step10_candidate_family_phylogenetics/run_18274798/trees/bivalvia/OG0000238/mafft.log	file	23292	2026-08-06T17:49:02.123214+00:00	21628e41f818e0f7b8908429580b3b4326c189589c2336066af58f7c65e1f9ed	
step10_candidate_family_phylogenetics/run_18274798/trees/bivalvia/OG0000238/task_metadata.tsv	file	79	2026-08-06T17:50:07.014651+00:00	2f5145d3c9516aa8123d20a0f0313a93dcbea81613eee1308b41f3ac35bcd182	
step10_candidate_family_phylogenetics/run_18274798/trees/bivalvia/OG0000238/trimal.log	file	0	2026-08-06T17:49:02.130474+00:00	e3b0c44298fc1c149afbf4c8996fb92427ae41e4649b934ca495991b7852b855	
step10_candidate_family_phylogenetics/run_18274798/trees/bivalvia/OG0000238/trimmed.faa	file	15889	2026-08-06T17:49:02.141683+00:00	9fd283496012a56c10728d15cc40817640bba5905baee5d5751a182de8eb5a47	
step10_candidate_family_phylogenetics/run_18274798/trees/bivalvia/OG0000244/COMPLETE	file	27	2026-08-06T17:34:38.798628+00:00	1fecf50f36263796c0c1868f34fddb557f7162ad8820ce6a7531220c30c8e049	
step10_candidate_family_phylogenetics/run_18274798/trees/bivalvia/OG0000244/SUPPORT_MODE	file	20	2026-08-06T17:34:38.797624+00:00	e0e15824ca92202c34b8cb97bbd9579641d13bb5b772586ef14fdd2a190b6c6c	
step10_candidate_family_phylogenetics/run_18274798/trees/bivalvia/OG0000244/TREE_PREFIX	file	162	2026-08-06T17:34:38.796791+00:00	9ca8fe7c6120761e631ac8994c938bacc1cb8c67ae29c961574c685868e83fb9	
step10_candidate_family_phylogenetics/run_18274798/trees/bivalvia/OG0000244/aligned.faa	file	38902	2026-08-06T17:34:03.666966+00:00	6c352d343bb1f7b6325a4c2032a92b95a99aa95b2703eef26d33d5f63929466e	
step10_candidate_family_phylogenetics/run_18274798/trees/bivalvia/OG0000244/gene_tree_supported.bionj	file	1874	2026-08-06T17:34:07.369508+00:00	2ff4297c4fde312ca5a315cfaf69ef6272e73c34ff3d9344ec8b5f2fc702004a	
step10_candidate_family_phylogenetics/run_18274798/trees/bivalvia/OG0000244/gene_tree_supported.ckp.gz	file	60811	2026-08-06T17:34:38.792828+00:00	b322e4c4a4e4a0201a5892b6c614bf90b62beab335a6a53af17335a48d5c796d	
step10_candidate_family_phylogenetics/run_18274798/trees/bivalvia/OG0000244/gene_tree_supported.contree	file	2034	2026-08-06T17:34:38.776980+00:00	3a44c6b96e4fdf43bd1d4542c9380be8fdf488634242c1142ecd3497eff97d11	
step10_candidate_family_phylogenetics/run_18274798/trees/bivalvia/OG0000244/gene_tree_supported.iqtree	file	21574	2026-08-06T17:34:38.788183+00:00	fff797bf62e017fb547cd83d9530098c680a2ce97176c69f7f830ff4451e0afa	
step10_candidate_family_phylogenetics/run_18274798/trees/bivalvia/OG0000244/gene_tree_supported.log	file	13504	2026-08-06T17:34:38.794235+00:00	51032d520024cf72064034267a8e6ef4ba8019d46f990fcc67b20cc923945698	
step10_candidate_family_phylogenetics/run_18274798/trees/bivalvia/OG0000244/gene_tree_supported.mldist	file	9887	2026-08-06T17:34:07.369916+00:00	8182dd292d0a52a3e180eda4d1de01fc3d8b8b743fa3772d90b65edaf0eed7a2	
step10_candidate_family_phylogenetics/run_18274798/trees/bivalvia/OG0000244/gene_tree_supported.model.gz	file	3649	2026-08-06T17:34:06.770418+00:00	37e8ec56355b130b0c46c1f412be55330a26c3915fe4e92b1be52de74d45d69b	
step10_candidate_family_phylogenetics/run_18274798/trees/bivalvia/OG0000244/gene_tree_supported.splits.nex	file	15238	2026-08-06T17:34:38.684246+00:00	3b89579ffc03fd78cf165a0f0f2ccd47d3de3e9b40adff83145babdfa09f2460	
step10_candidate_family_phylogenetics/run_18274798/trees/bivalvia/OG0000244/gene_tree_supported.treefile	file	2145	2026-08-06T17:34:38.777416+00:00	9d351ead0088059e7bf2c8c78764de74c31e51ea94c7d37f68698b10944a939c	
step10_candidate_family_phylogenetics/run_18274798/trees/bivalvia/OG0000244/iqtree_supported.stderr	file	0	2026-08-06T17:34:03.684192+00:00	e3b0c44298fc1c149afbf4c8996fb92427ae41e4649b934ca495991b7852b855	
step10_candidate_family_phylogenetics/run_18274798/trees/bivalvia/OG0000244/iqtree_supported.stdout	file	13504	2026-08-06T17:34:38.794223+00:00	51032d520024cf72064034267a8e6ef4ba8019d46f990fcc67b20cc923945698	
step10_candidate_family_phylogenetics/run_18274798/trees/bivalvia/OG0000244/mafft.log	file	41420	2026-08-06T17:34:03.663551+00:00	d819e75099fb412885a16a064042ff1ba730e0761b43a017702f1510d899b23d	
step10_candidate_family_phylogenetics/run_18274798/trees/bivalvia/OG0000244/task_metadata.tsv	file	79	2026-08-06T17:34:38.798258+00:00	97aff3a4d037623923e39a96289ca379669f40d27d4d84060fd2f147194c417f	
step10_candidate_family_phylogenetics/run_18274798/trees/bivalvia/OG0000244/trimal.log	file	0	2026-08-06T17:34:03.669680+00:00	e3b0c44298fc1c149afbf4c8996fb92427ae41e4649b934ca495991b7852b855	
step10_candidate_family_phylogenetics/run_18274798/trees/bivalvia/OG0000244/trimmed.faa	file	4210	2026-08-06T17:34:03.678818+00:00	9b9dd1f4dd8a6e255975d966cca00465e9de0311066e3d3e739d4e8a9ea74aee	
step10_candidate_family_phylogenetics/run_18274798/trees/bivalvia/OG0000261/COMPLETE	file	27	2026-08-06T17:35:36.629321+00:00	1fecf50f36263796c0c1868f34fddb557f7162ad8820ce6a7531220c30c8e049	
step10_candidate_family_phylogenetics/run_18274798/trees/bivalvia/OG0000261/SUPPORT_MODE	file	20	2026-08-06T17:35:36.628551+00:00	e0e15824ca92202c34b8cb97bbd9579641d13bb5b772586ef14fdd2a190b6c6c	
step10_candidate_family_phylogenetics/run_18274798/trees/bivalvia/OG0000261/TREE_PREFIX	file	162	2026-08-06T17:35:36.628062+00:00	4601022508aadd813d2ffd5c5f638e6f9143eb24d1f093c49e2f73d3f0326702	
step10_candidate_family_phylogenetics/run_18274798/trees/bivalvia/OG0000261/TRIM_FALLBACK	file	70	2026-08-06T17:34:00.497985+00:00	b8f895d37a918cc5c47326d96812f1c592fbede774d759565a9bb9b1ccf78db4	
step10_candidate_family_phylogenetics/run_18274798/trees/bivalvia/OG0000261/aligned.faa	file	18533	2026-08-06T17:34:00.448380+00:00	c793fcab804a02d0e93fa7bafffa5d5a8ef360c96124e7b07a56b7e71a22e51d	
step10_candidate_family_phylogenetics/run_18274798/trees/bivalvia/OG0000261/gene_tree_supported.bionj	file	1657	2026-08-06T17:34:17.699985+00:00	b98ceab425ebf1bf3ac2f9f63057f6cf32aef09cc873d486eed25383615845c4	
step10_candidate_family_phylogenetics/run_18274798/trees/bivalvia/OG0000261/gene_tree_supported.ckp.gz	file	48975	2026-08-06T17:35:36.624207+00:00	d404f7f9508d3259562b57b26d9acd4e7270d4df10cb64a9ee6614c39cc07aea	
step10_candidate_family_phylogenetics/run_18274798/trees/bivalvia/OG0000261/gene_tree_supported.contree	file	1759	2026-08-06T17:35:36.610454+00:00	ee3d737af1f12a665f2b2094471c6fcbc00a3c40fbeec5dc2839423625862537	
step10_candidate_family_phylogenetics/run_18274798/trees/bivalvia/OG0000261/gene_tree_supported.iqtree	file	21837	2026-08-06T17:35:36.620011+00:00	d20c84290d4323f54bf36fc5c7b4b4ae6d28f1c336df811e0b33ce4bfd7c5f2f	
step10_candidate_family_phylogenetics/run_18274798/trees/bivalvia/OG0000261/gene_tree_supported.log	file	12282	2026-08-06T17:35:36.625676+00:00	4080ca9b0bdd1dd0c7e5d4754bfa34d645662c101f69b13715cd7dbfbeba1581	
step10_candidate_family_phylogenetics/run_18274798/trees/bivalvia/OG0000261/gene_tree_supported.mldist	file	7515	2026-08-06T17:34:17.700468+00:00	90119b16dc3c837d1e00090f851bf3e49250bfdfb845b714146b49f86579e54e	
step10_candidate_family_phylogenetics/run_18274798/trees/bivalvia/OG0000261/gene_tree_supported.model.gz	file	3097	2026-08-06T17:34:17.245106+00:00	5feb754710a9e35220b5a34876f6aa8c1ecbad213135660097730afa2529f685	
step10_candidate_family_phylogenetics/run_18274798/trees/bivalvia/OG0000261/gene_tree_supported.splits.nex	file	7431	2026-08-06T17:35:36.464936+00:00	6f580a314ca9e6e3a53a4bf8c9d2677ae70b95fa526fc802e10080c8bbf85b7b	
step10_candidate_family_phylogenetics/run_18274798/trees/bivalvia/OG0000261/gene_tree_supported.treefile	file	1855	2026-08-06T17:35:36.610855+00:00	f747ab17b62cf025e38d0b41c37b55adb86413d2f62deb0a77f9e605ce58ca4a	
step10_candidate_family_phylogenetics/run_18274798/trees/bivalvia/OG0000261/iqtree_supported.stderr	file	0	2026-08-06T17:34:00.498894+00:00	e3b0c44298fc1c149afbf4c8996fb92427ae41e4649b934ca495991b7852b855	
step10_candidate_family_phylogenetics/run_18274798/trees/bivalvia/OG0000261/iqtree_supported.stdout	file	12282	2026-08-06T17:35:36.625663+00:00	4080ca9b0bdd1dd0c7e5d4754bfa34d645662c101f69b13715cd7dbfbeba1581	
step10_candidate_family_phylogenetics/run_18274798/trees/bivalvia/OG0000261/mafft.log	file	13707	2026-08-06T17:34:00.445103+00:00	3dfd76a551f0995b8921524f5bfc9b5b0a72690bc3ca5363cbae3023371232b8	
step10_candidate_family_phylogenetics/run_18274798/trees/bivalvia/OG0000261/task_metadata.tsv	file	79	2026-08-06T17:35:36.629025+00:00	18da4b11439a316a29faf24bb0ba27aac4c49c778cb7925c8c50386fafc84a79	
step10_candidate_family_phylogenetics/run_18274798/trees/bivalvia/OG0000261/trimal.log	file	0	2026-08-06T17:34:00.450958+00:00	e3b0c44298fc1c149afbf4c8996fb92427ae41e4649b934ca495991b7852b855	
step10_candidate_family_phylogenetics/run_18274798/trees/bivalvia/OG0000261/trimmed.faa	file	18533	2026-08-06T17:34:00.497358+00:00	c793fcab804a02d0e93fa7bafffa5d5a8ef360c96124e7b07a56b7e71a22e51d	
step10_candidate_family_phylogenetics/run_18274798/trees/bivalvia/OG0000303/COMPLETE	file	27	2026-08-06T17:44:18.533521+00:00	1fecf50f36263796c0c1868f34fddb557f7162ad8820ce6a7531220c30c8e049	
step10_candidate_family_phylogenetics/run_18274798/trees/bivalvia/OG0000303/SUPPORT_MODE	file	20	2026-08-06T17:44:18.532208+00:00	e0e15824ca92202c34b8cb97bbd9579641d13bb5b772586ef14fdd2a190b6c6c	
step10_candidate_family_phylogenetics/run_18274798/trees/bivalvia/OG0000303/TREE_PREFIX	file	162	2026-08-06T17:44:18.531778+00:00	01e6f5f802ce56a6a0d6aa70b49f6fbb0214936c56a305c0344c3afdc867527e	
step10_candidate_family_phylogenetics/run_18274798/trees/bivalvia/OG0000303/aligned.faa	file	13588	2026-08-06T17:44:02.668473+00:00	4e80261c6bf5d6ff014b5a4416eb157c75da3e4d7d14efdeb765b347337ebf86	
step10_candidate_family_phylogenetics/run_18274798/trees/bivalvia/OG0000303/gene_tree_supported.bionj	file	1694	2026-08-06T17:44:05.824991+00:00	22f282a5561a0cba5a73a92fb6c2844529359064e458601cd3b68d2e4c489634	
step10_candidate_family_phylogenetics/run_18274798/trees/bivalvia/OG0000303/gene_tree_supported.ckp.gz	file	38434	2026-08-06T17:44:18.528678+00:00	d3e71a7ec803529ae94a9c84326a5cf1cd8ac10b6430553b35a2e92582466bcc	
step10_candidate_family_phylogenetics/run_18274798/trees/bivalvia/OG0000303/gene_tree_supported.contree	file	1824	2026-08-06T17:44:18.516535+00:00	1b863b5d38eac4ae8e13c1d3f1cfeac77ac4f6ec12e56e20091af4e846c8f706	
step10_candidate_family_phylogenetics/run_18274798/trees/bivalvia/OG0000303/gene_tree_supported.iqtree	file	21363	2026-08-06T17:44:18.525064+00:00	87c1ace2ae9d8e52e9a908af3ff87f09fd409e077d868ba6af4765cab47cca24	
step10_candidate_family_phylogenetics/run_18274798/trees/bivalvia/OG0000303/gene_tree_supported.log	file	11243	2026-08-06T17:44:18.529698+00:00	d0f596e00b6976c6acdbd8b12268ef8ab99c279f9f0a7450bfc250f7db2ffd38	
step10_candidate_family_phylogenetics/run_18274798/trees/bivalvia/OG0000303/gene_tree_supported.mldist	file	5483	2026-08-06T17:44:05.824892+00:00	0a37f76da7ea11b1ce13ccb835ca2f367cd5b1c657613a710a40bd2f100b6063	
step10_candidate_family_phylogenetics/run_18274798/trees/bivalvia/OG0000303/gene_tree_supported.model.gz	file	2983	2026-08-06T17:44:05.751468+00:00	0ee626984532b3cd58acd5800a9b6fccfd8c3b6ec19ebe3e480a7ba64a82547e	
step10_candidate_family_phylogenetics/run_18274798/trees/bivalvia/OG0000303/gene_tree_supported.splits.nex	file	5356	2026-08-06T17:44:18.466595+00:00	3e507c013369b9560f570e36bab49136ddd3959a790aaf27c229f77eda49288f	
step10_candidate_family_phylogenetics/run_18274798/trees/bivalvia/OG0000303/gene_tree_supported.treefile	file	1901	2026-08-06T17:44:18.516926+00:00	768aa644ac4fe424c8a0003310165c0baa7a4cbb57d9cd025af3452a6bbe2561	
step10_candidate_family_phylogenetics/run_18274798/trees/bivalvia/OG0000303/iqtree_supported.stderr	file	0	2026-08-06T17:44:02.681263+00:00	e3b0c44298fc1c149afbf4c8996fb92427ae41e4649b934ca495991b7852b855	
step10_candidate_family_phylogenetics/run_18274798/trees/bivalvia/OG0000303/iqtree_supported.stdout	file	11243	2026-08-06T17:44:18.529689+00:00	d0f596e00b6976c6acdbd8b12268ef8ab99c279f9f0a7450bfc250f7db2ffd38	
step10_candidate_family_phylogenetics/run_18274798/trees/bivalvia/OG0000303/mafft.log	file	27766	2026-08-06T17:44:02.664856+00:00	e256d5c21668a1c671caa5506a660f64785cac566f559a79ce7632a470273b91	
step10_candidate_family_phylogenetics/run_18274798/trees/bivalvia/OG0000303/task_metadata.tsv	file	79	2026-08-06T17:44:18.533221+00:00	016b446920edf2b29f4ddb7f68545256f26c2a4d4b21435896bfe05fe7fd5413	
step10_candidate_family_phylogenetics/run_18274798/trees/bivalvia/OG0000303/trimal.log	file	0	2026-08-06T17:44:02.671387+00:00	e3b0c44298fc1c149afbf4c8996fb92427ae41e4649b934ca495991b7852b855	
step10_candidate_family_phylogenetics/run_18274798/trees/bivalvia/OG0000303/trimmed.faa	file	3788	2026-08-06T17:44:02.676087+00:00	63dc9a5329b4e4993b8b934009be0355bdd5df34c1532a1f2bd0e0d7f27eb8c6	
step10_candidate_family_phylogenetics/run_18274798/trees/bivalvia/OG0000323/COMPLETE	file	27	2026-08-06T17:39:22.238590+00:00	1fecf50f36263796c0c1868f34fddb557f7162ad8820ce6a7531220c30c8e049	
step10_candidate_family_phylogenetics/run_18274798/trees/bivalvia/OG0000323/SUPPORT_MODE	file	20	2026-08-06T17:39:22.237541+00:00	e0e15824ca92202c34b8cb97bbd9579641d13bb5b772586ef14fdd2a190b6c6c	
step10_candidate_family_phylogenetics/run_18274798/trees/bivalvia/OG0000323/TREE_PREFIX	file	162	2026-08-06T17:39:22.236880+00:00	9ee26b6c370f90fdab5730b52d84ed1845d81f83150fed51d28301a917c0cdf8	
step10_candidate_family_phylogenetics/run_18274798/trees/bivalvia/OG0000323/aligned.faa	file	11150	2026-08-06T17:39:03.927728+00:00	d3a161307831898ae48c9017858a70e16911168c0d9670e0a94a293ed2571714	
step10_candidate_family_phylogenetics/run_18274798/trees/bivalvia/OG0000323/gene_tree_supported.bionj	file	1441	2026-08-06T17:39:06.024382+00:00	f2fda82c96d56cd669d7d97f4e81a413785d7586b95d996b774c76e51ab106d3	
step10_candidate_family_phylogenetics/run_18274798/trees/bivalvia/OG0000323/gene_tree_supported.ckp.gz	file	45482	2026-08-06T17:39:22.233657+00:00	e8e1ee732e9b7abbccbf44867dd782eecf9e51e77ffad514c979529b8a67deb8	
step10_candidate_family_phylogenetics/run_18274798/trees/bivalvia/OG0000323/gene_tree_supported.contree	file	1531	2026-08-06T17:39:22.219083+00:00	09ca418cdc26b1ae766aa64c452c9638a2f8e312a08e63c488ca4fa9419c4ce1	
step10_candidate_family_phylogenetics/run_18274798/trees/bivalvia/OG0000323/gene_tree_supported.iqtree	file	19006	2026-08-06T17:39:22.229487+00:00	2a3688a6356de6cc9cc71a141c90fcb3947a017e1aadbcd56403688f1e7853b4	
step10_candidate_family_phylogenetics/run_18274798/trees/bivalvia/OG0000323/gene_tree_supported.log	file	11879	2026-08-06T17:39:22.234967+00:00	6faa716e6ece6307b333c5fb76600128beaffc62dfa65d8178783e6d3c1d9a18	
step10_candidate_family_phylogenetics/run_18274798/trees/bivalvia/OG0000323/gene_tree_supported.mldist	file	4134	2026-08-06T17:39:06.023039+00:00	8c02eb49a23089b878817ec7a57d04686cabd366d709e92eb4d9eb173deebc17	
step10_candidate_family_phylogenetics/run_18274798/trees/bivalvia/OG0000323/gene_tree_supported.model.gz	file	2891	2026-08-06T17:39:05.951610+00:00	249a089a6a490798512a3998bb75c2f7e8b6108e8b701ebd5a9cdea8bf20eb6a	
step10_candidate_family_phylogenetics/run_18274798/trees/bivalvia/OG0000323/gene_tree_supported.splits.nex	file	6347	2026-08-06T17:39:22.177561+00:00	e37fd5fcc645543fce1034d0b53b4f224c55644762d90e10918dd45fa440c778	
step10_candidate_family_phylogenetics/run_18274798/trees/bivalvia/OG0000323/gene_tree_supported.treefile	file	1602	2026-08-06T17:39:22.219441+00:00	26dcebf2793b480ce0575c866971273a44399ef944ccd095c53a0bfb673ba29a	
step10_candidate_family_phylogenetics/run_18274798/trees/bivalvia/OG0000323/iqtree_supported.stderr	file	0	2026-08-06T17:39:04.082556+00:00	e3b0c44298fc1c149afbf4c8996fb92427ae41e4649b934ca495991b7852b855	
step10_candidate_family_phylogenetics/run_18274798/trees/bivalvia/OG0000323/iqtree_supported.stdout	file	11879	2026-08-06T17:39:22.234956+00:00	6faa716e6ece6307b333c5fb76600128beaffc62dfa65d8178783e6d3c1d9a18	
step10_candidate_family_phylogenetics/run_18274798/trees/bivalvia/OG0000323/mafft.log	file	13052	2026-08-06T17:39:03.924705+00:00	394f957759293c9543da8938cf10beb73c757700278906d95d9af8f669372cff	
step10_candidate_family_phylogenetics/run_18274798/trees/bivalvia/OG0000323/task_metadata.tsv	file	79	2026-08-06T17:39:22.238175+00:00	950121480bb34b0ed274a184c9b25312ed1142c24785e31040cdce7518d58baf	
step10_candidate_family_phylogenetics/run_18274798/trees/bivalvia/OG0000323/trimal.log	file	0	2026-08-06T17:39:03.931433+00:00	e3b0c44298fc1c149afbf4c8996fb92427ae41e4649b934ca495991b7852b855	
step10_candidate_family_phylogenetics/run_18274798/trees/bivalvia/OG0000323/trimmed.faa	file	3245	2026-08-06T17:39:04.075226+00:00	0adb46775dccee95ce93e5d305e2c618d5a3484339759f5772988d7b04134343	
step10_candidate_family_phylogenetics/run_18274798/trees/bivalvia/OG0000330/COMPLETE	file	27	2026-08-06T17:59:10.803690+00:00	1fecf50f36263796c0c1868f34fddb557f7162ad8820ce6a7531220c30c8e049	
step10_candidate_family_phylogenetics/run_18274798/trees/bivalvia/OG0000330/SUPPORT_MODE	file	20	2026-08-06T17:59:10.802916+00:00	e0e15824ca92202c34b8cb97bbd9579641d13bb5b772586ef14fdd2a190b6c6c	
step10_candidate_family_phylogenetics/run_18274798/trees/bivalvia/OG0000330/TREE_PREFIX	file	162	2026-08-06T17:59:10.802376+00:00	1317af05a5cef3df0c24157037561183b7b54380550ee9b93c02360711b337ea	
step10_candidate_family_phylogenetics/run_18274798/trees/bivalvia/OG0000330/aligned.faa	file	7848	2026-08-06T17:59:02.626004+00:00	d0a89d2a845157c819d1603204e6ad4aa3dc8feeaa2930d0e28396239b5a0df5	
step10_candidate_family_phylogenetics/run_18274798/trees/bivalvia/OG0000330/gene_tree_supported.bionj	file	1623	2026-08-06T17:59:03.786748+00:00	551f578222105800ef7003ffdb07d16f23ebcb7f5a78f612b72902f0c7e9ceb2	
step10_candidate_family_phylogenetics/run_18274798/trees/bivalvia/OG0000330/gene_tree_supported.ckp.gz	file	51081	2026-08-06T17:59:10.799600+00:00	9c6706de4f2f7a0829665de6fe3ea80d77e6c2c1feedacfae0da7fc0da7b9c4e	
step10_candidate_family_phylogenetics/run_18274798/trees/bivalvia/OG0000330/gene_tree_supported.contree	file	1731	2026-08-06T17:59:10.785306+00:00	c45aeb8e3e9e25328e93d2688be80fb276323a79e2947368e8e83cefeb16c229	
step10_candidate_family_phylogenetics/run_18274798/trees/bivalvia/OG0000330/gene_tree_supported.iqtree	file	21392	2026-08-06T17:59:10.794912+00:00	0930c43a9e11f8124fd8a0522bfe68c3022c6e769ca29e674b45d8b2d5fb4a0c	
step10_candidate_family_phylogenetics/run_18274798/trees/bivalvia/OG0000330/gene_tree_supported.log	file	18912	2026-08-06T17:59:10.800603+00:00	2e15d05963dcb49ee7a577459f608af448af6f00e5f1bd9fa3a35bc16c22a2e7	
step10_candidate_family_phylogenetics/run_18274798/trees/bivalvia/OG0000330/gene_tree_supported.mldist	file	7587	2026-08-06T17:59:03.786611+00:00	48359826b018447cd024d3d4bf7b616dfa2267a08710be181f11881350e2d7e4	
step10_candidate_family_phylogenetics/run_18274798/trees/bivalvia/OG0000330/gene_tree_supported.model.gz	file	3117	2026-08-06T17:59:03.754088+00:00	4246f8824a27a8fe692392328fd6d374b7f2f966306db83e156cd6059ca27ce5	
step10_candidate_family_phylogenetics/run_18274798/trees/bivalvia/OG0000330/gene_tree_supported.splits.nex	file	7310	2026-08-06T17:59:10.753428+00:00	e49e15ace6a7ff23dd0a53b23e32902994f54db17f4a28cd1b805535c14d8e0c	
step10_candidate_family_phylogenetics/run_18274798/trees/bivalvia/OG0000330/gene_tree_supported.treefile	file	1823	2026-08-06T17:59:10.785718+00:00	717ae3521963a2eaa1644d519365088ca468f19afbc9b770871f70d6a9962b43	
step10_candidate_family_phylogenetics/run_18274798/trees/bivalvia/OG0000330/iqtree_supported.stderr	file	0	2026-08-06T17:59:02.637514+00:00	e3b0c44298fc1c149afbf4c8996fb92427ae41e4649b934ca495991b7852b855	
step10_candidate_family_phylogenetics/run_18274798/trees/bivalvia/OG0000330/iqtree_supported.stdout	file	18912	2026-08-06T17:59:10.800595+00:00	2e15d05963dcb49ee7a577459f608af448af6f00e5f1bd9fa3a35bc16c22a2e7	
step10_candidate_family_phylogenetics/run_18274798/trees/bivalvia/OG0000330/mafft.log	file	7827	2026-08-06T17:59:02.622910+00:00	f0defc4e0bdf74731ab5c18425668f7260e08d3533c0b4926cd37ad9399cb41f	
step10_candidate_family_phylogenetics/run_18274798/trees/bivalvia/OG0000330/task_metadata.tsv	file	79	2026-08-06T17:59:10.803330+00:00	ba3ffaea09e5bf9650642f03d0eafb178f4260c2f544713a6096b64f71224c87	
step10_candidate_family_phylogenetics/run_18274798/trees/bivalvia/OG0000330/trimal.log	file	92	2026-08-06T17:59:02.631741+00:00	b986a99998783b98bdee6efe007836b1e2e6d842af9dc1a7c0c4f372211fc81b	
step10_candidate_family_phylogenetics/run_18274798/trees/bivalvia/OG0000330/trimmed.faa	file	2115	2026-08-06T17:59:02.632733+00:00	fe31d75b2646116d79a098ad604e6362fb26b59a32276270ae440623b65f2fdc	
step10_candidate_family_phylogenetics/run_18274798/trees/bivalvia/OG0000374/COMPLETE	file	27	2026-08-06T17:56:30.350924+00:00	1fecf50f36263796c0c1868f34fddb557f7162ad8820ce6a7531220c30c8e049	
step10_candidate_family_phylogenetics/run_18274798/trees/bivalvia/OG0000374/SUPPORT_MODE	file	20	2026-08-06T17:56:30.349824+00:00	e0e15824ca92202c34b8cb97bbd9579641d13bb5b772586ef14fdd2a190b6c6c	
step10_candidate_family_phylogenetics/run_18274798/trees/bivalvia/OG0000374/TREE_PREFIX	file	162	2026-08-06T17:56:30.348695+00:00	4d5d3113b4c45df3c63c16cca08a4aac3d5a7dc12f03ccdd076580482c610ecb	
step10_candidate_family_phylogenetics/run_18274798/trees/bivalvia/OG0000374/aligned.faa	file	47309	2026-08-06T17:54:04.948528+00:00	22ab84f432038065dced0e36f9571cc55ac4087014da001256f6460ed3f96da1	
step10_candidate_family_phylogenetics/run_18274798/trees/bivalvia/OG0000374/gene_tree_supported.bionj	file	2058	2026-08-06T17:54:23.561625+00:00	3209fd810702966eb4709df41ae28f8e9da73201e0ee9601dccd9783fcaa8887	
step10_candidate_family_phylogenetics/run_18274798/trees/bivalvia/OG0000374/gene_tree_supported.ckp.gz	file	52851	2026-08-06T17:56:30.344438+00:00	d5b0dd3f17cb2e45e1737a46a792b7c602d3b0f2572783362ed8cc3266adff84	
step10_candidate_family_phylogenetics/run_18274798/trees/bivalvia/OG0000374/gene_tree_supported.contree	file	2169	2026-08-06T17:56:30.329220+00:00	6a6766e03d4967e9bfcb19b1ee48c771a4e554ed6eb9de6afc3e4e143bec231a	
step10_candidate_family_phylogenetics/run_18274798/trees/bivalvia/OG0000374/gene_tree_supported.iqtree	file	23254	2026-08-06T17:56:30.339655+00:00	00aa521344012193586f6e3d9f1dd36ec50c5140bc3011ab680d07c141b6a102	
step10_candidate_family_phylogenetics/run_18274798/trees/bivalvia/OG0000374/gene_tree_supported.log	file	12427	2026-08-06T17:56:30.346154+00:00	491e1ccbd60058b74f862790a1f20e67165e3403f3536f8d8917f691dc7d0588	
step10_candidate_family_phylogenetics/run_18274798/trees/bivalvia/OG0000374/gene_tree_supported.mldist	file	10559	2026-08-06T17:54:23.561523+00:00	71740596258ea63bf03af7bc9c590ed90d32c9a5d58bda91ee7ce229986b8cfe	
step10_candidate_family_phylogenetics/run_18274798/trees/bivalvia/OG0000374/gene_tree_supported.model.gz	file	3504	2026-08-06T17:54:22.924927+00:00	0e8d13f814e7f9601e60d76dcd2eefe725044439d389d02a1ccc57f1d29451ce	
step10_candidate_family_phylogenetics/run_18274798/trees/bivalvia/OG0000374/gene_tree_supported.splits.nex	file	10328	2026-08-06T17:56:29.961518+00:00	b6c60737b48a553d034b05b5abd1d74917c0e8cab61e82e48a056ef768048969	
step10_candidate_family_phylogenetics/run_18274798/trees/bivalvia/OG0000374/gene_tree_supported.treefile	file	2274	2026-08-06T17:56:30.329699+00:00	10b0a1315cb09a1135c1ce2677de07c929507f3eb31ddd67fa190388bc68d281	
step10_candidate_family_phylogenetics/run_18274798/trees/bivalvia/OG0000374/iqtree_supported.stderr	file	0	2026-08-06T17:54:04.969046+00:00	e3b0c44298fc1c149afbf4c8996fb92427ae41e4649b934ca495991b7852b855	
step10_candidate_family_phylogenetics/run_18274798/trees/bivalvia/OG0000374/iqtree_supported.stdout	file	12427	2026-08-06T17:56:30.346144+00:00	491e1ccbd60058b74f862790a1f20e67165e3403f3536f8d8917f691dc7d0588	
step10_candidate_family_phylogenetics/run_18274798/trees/bivalvia/OG0000374/mafft.log	file	10007	2026-08-06T17:54:04.945095+00:00	246208e4d3c50e0e2623653573203b0aa3ddbabe4fb532f7b63a121f29f41d18	
step10_candidate_family_phylogenetics/run_18274798/trees/bivalvia/OG0000374/task_metadata.tsv	file	79	2026-08-06T17:56:30.350313+00:00	49aabb106e42bae37fb07e10bf0be839f0bb56bb2ba67b6a2e4780389b344b13	
step10_candidate_family_phylogenetics/run_18274798/trees/bivalvia/OG0000374/trimal.log	file	0	2026-08-06T17:54:04.950803+00:00	e3b0c44298fc1c149afbf4c8996fb92427ae41e4649b934ca495991b7852b855	
step10_candidate_family_phylogenetics/run_18274798/trees/bivalvia/OG0000374/trimmed.faa	file	31910	2026-08-06T17:54:04.963332+00:00	9bc143e2a32e010fce4b683318e74cae1b8b255c33a395971a74c623752bc788	
step10_candidate_family_phylogenetics/run_18274798/trees/bivalvia/OG0000376/COMPLETE	file	27	2026-08-06T17:54:50.524547+00:00	1fecf50f36263796c0c1868f34fddb557f7162ad8820ce6a7531220c30c8e049	
step10_candidate_family_phylogenetics/run_18274798/trees/bivalvia/OG0000376/SUPPORT_MODE	file	20	2026-08-06T17:54:50.523690+00:00	e0e15824ca92202c34b8cb97bbd9579641d13bb5b772586ef14fdd2a190b6c6c	
step10_candidate_family_phylogenetics/run_18274798/trees/bivalvia/OG0000376/TREE_PREFIX	file	162	2026-08-06T17:54:50.523291+00:00	fa191425d91f71137d0c1b062aaa2a3fd1e3d013b14f82771e4a586968043e36	
step10_candidate_family_phylogenetics/run_18274798/trees/bivalvia/OG0000376/TRIM_FALLBACK	file	70	2026-08-06T17:54:02.714455+00:00	b8f895d37a918cc5c47326d96812f1c592fbede774d759565a9bb9b1ccf78db4	
step10_candidate_family_phylogenetics/run_18274798/trees/bivalvia/OG0000376/aligned.faa	file	9473	2026-08-06T17:54:02.655293+00:00	6ada98f75819c9c5d11150fd06400673eab5ae2798f641db8eb52a9bafc6601a	
step10_candidate_family_phylogenetics/run_18274798/trees/bivalvia/OG0000376/gene_tree_supported.bionj	file	1511	2026-08-06T17:54:10.077085+00:00	044d9939f39aa4793967273bacd3bb42aee362e95264734db898e9dbef95f96e	
step10_candidate_family_phylogenetics/run_18274798/trees/bivalvia/OG0000376/gene_tree_supported.ckp.gz	file	46754	2026-08-06T17:54:50.516818+00:00	17012a30e9de68269b6bd555297b4c7cf6e80b161c19a2be6e627d9cfabed3ca	
step10_candidate_family_phylogenetics/run_18274798/trees/bivalvia/OG0000376/gene_tree_supported.contree	file	1606	2026-08-06T17:54:50.500974+00:00	77782577b7dbff486f6290803fa663bd9aec13855c06a68c300163fc83193492	
step10_candidate_family_phylogenetics/run_18274798/trees/bivalvia/OG0000376/gene_tree_supported.iqtree	file	19958	2026-08-06T17:54:50.512252+00:00	39634957ba18cddb7bd0e999d5e555d35e56afa9bcfa1afdf52a3bb8d11629ba	
step10_candidate_family_phylogenetics/run_18274798/trees/bivalvia/OG0000376/gene_tree_supported.log	file	11613	2026-08-06T17:54:50.518612+00:00	83d1f8569506a270bb99aabd886c435a4ab0ca42e830eca59b1ce1fd5052d15d	
step10_candidate_family_phylogenetics/run_18274798/trees/bivalvia/OG0000376/gene_tree_supported.mldist	file	6811	2026-08-06T17:54:10.076555+00:00	82a795e3acd3c142452171bc3b6a515c3acab03d49d5825b9f6661ec5f1ebf4c	
step10_candidate_family_phylogenetics/run_18274798/trees/bivalvia/OG0000376/gene_tree_supported.model.gz	file	2735	2026-08-06T17:54:09.884243+00:00	3244af0845cc95786ee15431a9b76db74ca8360d7e0551647bc779662f0e87ef	
step10_candidate_family_phylogenetics/run_18274798/trees/bivalvia/OG0000376/gene_tree_supported.splits.nex	file	6714	2026-08-06T17:54:50.401266+00:00	708da5baaf83e7863c56816c9c7fce0d65c2099db4f281254dad778912efe383	
step10_candidate_family_phylogenetics/run_18274798/trees/bivalvia/OG0000376/gene_tree_supported.treefile	file	1689	2026-08-06T17:54:50.501431+00:00	9f19821c0cb94894cb61e36d58272905f5e178df2f56fa38c65cf695eb4ba15c	
step10_candidate_family_phylogenetics/run_18274798/trees/bivalvia/OG0000376/iqtree_supported.stderr	file	0	2026-08-06T17:54:02.715699+00:00	e3b0c44298fc1c149afbf4c8996fb92427ae41e4649b934ca495991b7852b855	
step10_candidate_family_phylogenetics/run_18274798/trees/bivalvia/OG0000376/iqtree_supported.stdout	file	11613	2026-08-06T17:54:50.518597+00:00	83d1f8569506a270bb99aabd886c435a4ab0ca42e830eca59b1ce1fd5052d15d	
step10_candidate_family_phylogenetics/run_18274798/trees/bivalvia/OG0000376/mafft.log	file	14705	2026-08-06T17:54:02.652176+00:00	af1b6aac23779be388278cd38b095693c84bedf639eaa5416d8ad2d8e6df3ab2	
step10_candidate_family_phylogenetics/run_18274798/trees/bivalvia/OG0000376/task_metadata.tsv	file	79	2026-08-06T17:54:50.524264+00:00	4b02246be6bd34e3377b36b4063ea6a3b585e21be5df467e354ae4f2bcc4554c	
step10_candidate_family_phylogenetics/run_18274798/trees/bivalvia/OG0000376/trimal.log	file	0	2026-08-06T17:54:02.658973+00:00	e3b0c44298fc1c149afbf4c8996fb92427ae41e4649b934ca495991b7852b855	
step10_candidate_family_phylogenetics/run_18274798/trees/bivalvia/OG0000376/trimmed.faa	file	9473	2026-08-06T17:54:02.709495+00:00	6ada98f75819c9c5d11150fd06400673eab5ae2798f641db8eb52a9bafc6601a	
step10_candidate_family_phylogenetics/run_18274798/trees/bivalvia/OG0000377/COMPLETE	file	27	2026-08-06T17:49:20.771328+00:00	1fecf50f36263796c0c1868f34fddb557f7162ad8820ce6a7531220c30c8e049	
step10_candidate_family_phylogenetics/run_18274798/trees/bivalvia/OG0000377/SUPPORT_MODE	file	20	2026-08-06T17:49:20.769615+00:00	e0e15824ca92202c34b8cb97bbd9579641d13bb5b772586ef14fdd2a190b6c6c	
step10_candidate_family_phylogenetics/run_18274798/trees/bivalvia/OG0000377/TREE_PREFIX	file	162	2026-08-06T17:49:20.769161+00:00	2a0686c44574d09cb5f68b1a9fc1058a3eeae606d69ed7a418fcf2d10666980a	
step10_candidate_family_phylogenetics/run_18274798/trees/bivalvia/OG0000377/aligned.faa	file	8343	2026-08-06T17:49:02.372045+00:00	b2e3babf85f04e2871a53123d932f7c16b348dd6129e9c4f4f37c28e226e10d2	
step10_candidate_family_phylogenetics/run_18274798/trees/bivalvia/OG0000377/gene_tree_supported.bionj	file	1678	2026-08-06T17:49:03.640486+00:00	c0b86f3449e950af3be4b43ba9d8b5cb83a11345689a2ac31c4c7065393d7006	
step10_candidate_family_phylogenetics/run_18274798/trees/bivalvia/OG0000377/gene_tree_supported.ckp.gz	file	77892	2026-08-06T17:49:20.764601+00:00	6d333000e8a54361a875e26433bce97a0d0b04ff20e55c6a486ec5178676228c	
step10_candidate_family_phylogenetics/run_18274798/trees/bivalvia/OG0000377/gene_tree_supported.contree	file	1796	2026-08-06T17:49:20.738816+00:00	06a50db58f94b9b32cbf15c77542a342c64ab70c5f672f6714d867154958a5f5	
step10_candidate_family_phylogenetics/run_18274798/trees/bivalvia/OG0000377/gene_tree_supported.iqtree	file	21944	2026-08-06T17:49:20.757036+00:00	3be979cc84c277ccd772e999023c11859dc9b5f35a44bd1c4007792be8fccd2e	
step10_candidate_family_phylogenetics/run_18274798/trees/bivalvia/OG0000377/gene_tree_supported.log	file	21979	2026-08-06T17:49:20.767036+00:00	36f94093292d4de64fb6c4e0c1d5af25a428ed0e84546d97027911ec26581a96	
step10_candidate_family_phylogenetics/run_18274798/trees/bivalvia/OG0000377/gene_tree_supported.mldist	file	8103	2026-08-06T17:49:03.640281+00:00	61b31b1913ad34d5cd2de556d7c4989658a6fb7ba588323f1f01884eac3b61a5	
step10_candidate_family_phylogenetics/run_18274798/trees/bivalvia/OG0000377/gene_tree_supported.model.gz	file	2786	2026-08-06T17:49:03.607790+00:00	a2dd6ef6f8b7cbd839e9f0a20c78b817640a2d5aa946b675e91fdf95b192cb0d	
step10_candidate_family_phylogenetics/run_18274798/trees/bivalvia/OG0000377/gene_tree_supported.splits.nex	file	13258	2026-08-06T17:49:20.707149+00:00	ac0697f924ca2fbbc461260ce01da00ce407d162712345038323841354583ac4	
step10_candidate_family_phylogenetics/run_18274798/trees/bivalvia/OG0000377/gene_tree_supported.treefile	file	1868	2026-08-06T17:49:20.739244+00:00	28d4bd959fae35b02e21a52ea40628e27ecfd0fe0ac324741b18c5faf84e49c6	
step10_candidate_family_phylogenetics/run_18274798/trees/bivalvia/OG0000377/iqtree_supported.stderr	file	0	2026-08-06T17:49:02.420068+00:00	e3b0c44298fc1c149afbf4c8996fb92427ae41e4649b934ca495991b7852b855	
step10_candidate_family_phylogenetics/run_18274798/trees/bivalvia/OG0000377/iqtree_supported.stdout	file	21979	2026-08-06T17:49:20.767022+00:00	36f94093292d4de64fb6c4e0c1d5af25a428ed0e84546d97027911ec26581a96	
step10_candidate_family_phylogenetics/run_18274798/trees/bivalvia/OG0000377/mafft.log	file	11214	2026-08-06T17:49:02.369203+00:00	1993af7731f9b2e3e324217920e9e7a2c35a012a95a3de9a37ca326491f98001	
step10_candidate_family_phylogenetics/run_18274798/trees/bivalvia/OG0000377/task_metadata.tsv	file	79	2026-08-06T17:49:20.770681+00:00	30cec197cfbc57a425d010a5014f453cc37da2700873bc3a8f2fe276052e9791	
step10_candidate_family_phylogenetics/run_18274798/trees/bivalvia/OG0000377/trimal.log	file	0	2026-08-06T17:49:02.374357+00:00	e3b0c44298fc1c149afbf4c8996fb92427ae41e4649b934ca495991b7852b855	
step10_candidate_family_phylogenetics/run_18274798/trees/bivalvia/OG0000377/trimmed.faa	file	2243	2026-08-06T17:49:02.414329+00:00	22e5bca8310217516a3c8dc714d3bc5b9f9481c68f8a2b8978d9c554eebd44f9	
step10_candidate_family_phylogenetics/run_18274798/trees/bivalvia/OG0000403/COMPLETE	file	27	2026-08-06T18:10:03.651330+00:00	1fecf50f36263796c0c1868f34fddb557f7162ad8820ce6a7531220c30c8e049	
step10_candidate_family_phylogenetics/run_18274798/trees/bivalvia/OG0000403/SUPPORT_MODE	file	20	2026-08-06T18:10:03.649923+00:00	e0e15824ca92202c34b8cb97bbd9579641d13bb5b772586ef14fdd2a190b6c6c	
step10_candidate_family_phylogenetics/run_18274798/trees/bivalvia/OG0000403/TREE_PREFIX	file	162	2026-08-06T18:10:03.648928+00:00	b51710e961ad11e45e8115c207f785380d3793efa09e9e66cddee25167f42b7f	
step10_candidate_family_phylogenetics/run_18274798/trees/bivalvia/OG0000403/aligned.faa	file	48388	2026-08-06T18:09:06.988703+00:00	2a37dae14f57f52a47aaa3d5b266b13963c0c4e4c4ecdbd4a7b73201db541611	
step10_candidate_family_phylogenetics/run_18274798/trees/bivalvia/OG0000403/gene_tree_supported.bionj	file	2647	2026-08-06T18:09:20.100593+00:00	b486c56cdc59c2019bc5bdb2150a691e16fce0a29e00f69beb735e6ff62f326c	
step10_candidate_family_phylogenetics/run_18274798/trees/bivalvia/OG0000403/gene_tree_supported.ckp.gz	file	63117	2026-08-06T18:10:03.642933+00:00	45f5aee86788b65194ce22963605cd55a28e10dee3d5a9508488eb7b2a7311b9	
step10_candidate_family_phylogenetics/run_18274798/trees/bivalvia/OG0000403/gene_tree_supported.contree	file	2841	2026-08-06T18:10:03.621147+00:00	8a9719a4a3bb35f081d90a38863abe2a491a6c237426dbff00413725a97baf1b	
step10_candidate_family_phylogenetics/run_18274798/trees/bivalvia/OG0000403/gene_tree_supported.iqtree	file	25351	2026-08-06T18:10:03.636020+00:00	413eac57f5fc26c1a28e2e8ef260c6450e21d1616a81f981b8f2b5a0f6c110c6	
step10_candidate_family_phylogenetics/run_18274798/trees/bivalvia/OG0000403/gene_tree_supported.log	file	13500	2026-08-06T18:10:03.644944+00:00	0fe53ab1ffc65c74e0899031882bb13b3bce9c0a17a5f6739e730ce4fdf9be77	
step10_candidate_family_phylogenetics/run_18274798/trees/bivalvia/OG0000403/gene_tree_supported.mldist	file	15483	2026-08-06T18:09:20.100309+00:00	6caefdfd6bcb35d24bd41bf75bad5f2b74a9822d60eecfa55c5916d1c35e421b	
step10_candidate_family_phylogenetics/run_18274798/trees/bivalvia/OG0000403/gene_tree_supported.model.gz	file	4258	2026-08-06T18:09:19.892781+00:00	2754ac12a80ce3724c8943a57226d8a55a9f89e59853ea033a5f9fb9e0411c53	
step10_candidate_family_phylogenetics/run_18274798/trees/bivalvia/OG0000403/gene_tree_supported.splits.nex	file	11972	2026-08-06T18:10:03.437155+00:00	735ff5ff92a0c2a15cfc80eda5c17940a175a3caff476bee65cdeff3910e6d2d	
step10_candidate_family_phylogenetics/run_18274798/trees/bivalvia/OG0000403/gene_tree_supported.treefile	file	2994	2026-08-06T18:10:03.621976+00:00	9f62ccca57fd7e1ad1f01ddcfd065524b78933e75bc5568c95c90b77480cc3a7	
step10_candidate_family_phylogenetics/run_18274798/trees/bivalvia/OG0000403/iqtree_supported.stderr	file	0	2026-08-06T18:09:07.022458+00:00	e3b0c44298fc1c149afbf4c8996fb92427ae41e4649b934ca495991b7852b855	
step10_candidate_family_phylogenetics/run_18274798/trees/bivalvia/OG0000403/iqtree_supported.stdout	file	13500	2026-08-06T18:10:03.644924+00:00	0fe53ab1ffc65c74e0899031882bb13b3bce9c0a17a5f6739e730ce4fdf9be77	
step10_candidate_family_phylogenetics/run_18274798/trees/bivalvia/OG0000403/mafft.log	file	34529	2026-08-06T18:09:06.983246+00:00	06e3fde1a095bf725b2dbc82b44b869ad026fe2062796947b6e58c2bb81fbef4	
step10_candidate_family_phylogenetics/run_18274798/trees/bivalvia/OG0000403/task_metadata.tsv	file	79	2026-08-06T18:10:03.650739+00:00	898084ca8186507567a0327b5ef7cf909d32a32bbdda0bcd2764c261108df18a	
step10_candidate_family_phylogenetics/run_18274798/trees/bivalvia/OG0000403/trimal.log	file	0	2026-08-06T18:09:06.993000+00:00	e3b0c44298fc1c149afbf4c8996fb92427ae41e4649b934ca495991b7852b855	
step10_candidate_family_phylogenetics/run_18274798/trees/bivalvia/OG0000403/trimmed.faa	file	6556	2026-08-06T18:09:07.009828+00:00	7f09db864393059e99195d8f08ae1bb9e904634a2122ee779b47af9326c84fc9	
step10_candidate_family_phylogenetics/run_18274798/trees/bivalvia/OG0000404/COMPLETE	file	27	2026-08-06T17:59:17.524443+00:00	1fecf50f36263796c0c1868f34fddb557f7162ad8820ce6a7531220c30c8e049	
step10_candidate_family_phylogenetics/run_18274798/trees/bivalvia/OG0000404/SUPPORT_MODE	file	20	2026-08-06T17:59:17.523570+00:00	e0e15824ca92202c34b8cb97bbd9579641d13bb5b772586ef14fdd2a190b6c6c	
step10_candidate_family_phylogenetics/run_18274798/trees/bivalvia/OG0000404/TREE_PREFIX	file	162	2026-08-06T17:59:17.523171+00:00	c17195f4874e1a5423c4cf13282331039e212b18881c7042a52557f82130bd80	
step10_candidate_family_phylogenetics/run_18274798/trees/bivalvia/OG0000404/aligned.faa	file	9699	2026-08-06T17:59:02.945076+00:00	f1a68d933dd67adee449f9fd87721b4c5a9ca6897a4958c40d71f8d5b9138d18	
step10_candidate_family_phylogenetics/run_18274798/trees/bivalvia/OG0000404/gene_tree_supported.bionj	file	1084	2026-08-06T17:59:07.803662+00:00	5ba32a3753ece99ce054623c3ae9379e7c45f9ee0bf7018cb728aa37f09e7c49	
step10_candidate_family_phylogenetics/run_18274798/trees/bivalvia/OG0000404/gene_tree_supported.ckp.gz	file	22904	2026-08-06T17:59:17.519733+00:00	c01b6a65744dd4d7ab0f8c9f7d54be513d389e267e5d00f131007a032e5fbd79	
step10_candidate_family_phylogenetics/run_18274798/trees/bivalvia/OG0000404/gene_tree_supported.contree	file	1153	2026-08-06T17:59:17.507833+00:00	a95459be11351251a7f4ac4b7ac2462429f28aa5da921242ae4d4b91cd47006a	
step10_candidate_family_phylogenetics/run_18274798/trees/bivalvia/OG0000404/gene_tree_supported.iqtree	file	17842	2026-08-06T17:59:17.516840+00:00	2670e0657b4d887f2a1a5f4d0a7c181514a0b75fd7d21e0f47137c65039fb5e6	
step10_candidate_family_phylogenetics/run_18274798/trees/bivalvia/OG0000404/gene_tree_supported.log	file	10854	2026-08-06T17:59:17.521033+00:00	f4ab3403d6447ff0a6ddc114e7ba437788e9f52fb05e333fde54eba491941dff	
step10_candidate_family_phylogenetics/run_18274798/trees/bivalvia/OG0000404/gene_tree_supported.mldist	file	2642	2026-08-06T17:59:07.802637+00:00	ff3bdc8470f44402d8656b499d1001b68f5bf628038c2259f90c830d157bed2e	
step10_candidate_family_phylogenetics/run_18274798/trees/bivalvia/OG0000404/gene_tree_supported.model.gz	file	3003	2026-08-06T17:59:07.248079+00:00	ad8aaae8f9322629d753066ad478112c7c16445e55c76293198503373f084bb6	
step10_candidate_family_phylogenetics/run_18274798/trees/bivalvia/OG0000404/gene_tree_supported.splits.nex	file	1777	2026-08-06T17:59:17.450753+00:00	5ccad00f478b0d97d927b57b6e7547c417cc23a557ee9b35c57a529e96abc1dc	
step10_candidate_family_phylogenetics/run_18274798/trees/bivalvia/OG0000404/gene_tree_supported.treefile	file	1200	2026-08-06T17:59:17.508166+00:00	7810063e2a39beee8abc801db7467bed26ee9d7331c7466f32c01d1fe5af4b79	
step10_candidate_family_phylogenetics/run_18274798/trees/bivalvia/OG0000404/iqtree_supported.stderr	file	0	2026-08-06T17:59:03.002749+00:00	e3b0c44298fc1c149afbf4c8996fb92427ae41e4649b934ca495991b7852b855	
step10_candidate_family_phylogenetics/run_18274798/trees/bivalvia/OG0000404/iqtree_supported.stdout	file	10854	2026-08-06T17:59:17.521019+00:00	f4ab3403d6447ff0a6ddc114e7ba437788e9f52fb05e333fde54eba491941dff	
step10_candidate_family_phylogenetics/run_18274798/trees/bivalvia/OG0000404/mafft.log	file	8550	2026-08-06T17:59:02.941629+00:00	b7890fa42a690ec40fe3ac336a58e72a2ba49047f9c0b59521be07a194f56273	
step10_candidate_family_phylogenetics/run_18274798/trees/bivalvia/OG0000404/task_metadata.tsv	file	79	2026-08-06T17:59:17.524150+00:00	2ee1c2145e95fd048d16cc081fcebf4f02b34afb85a2caeae2ae40cf4ade07cc	
step10_candidate_family_phylogenetics/run_18274798/trees/bivalvia/OG0000404/trimal.log	file	0	2026-08-06T17:59:02.947781+00:00	e3b0c44298fc1c149afbf4c8996fb92427ae41e4649b934ca495991b7852b855	
step10_candidate_family_phylogenetics/run_18274798/trees/bivalvia/OG0000404/trimmed.faa	file	4031	2026-08-06T17:59:02.996330+00:00	8d729211cb341e4a2dc08929510e23f8cacda6160057558d83407d8d487116cf	
step10_candidate_family_phylogenetics/run_18274798/trees/bivalvia/OG0000450/COMPLETE	file	27	2026-08-06T18:04:45.089560+00:00	1fecf50f36263796c0c1868f34fddb557f7162ad8820ce6a7531220c30c8e049	
step10_candidate_family_phylogenetics/run_18274798/trees/bivalvia/OG0000450/SUPPORT_MODE	file	20	2026-08-06T18:04:45.088247+00:00	e0e15824ca92202c34b8cb97bbd9579641d13bb5b772586ef14fdd2a190b6c6c	
step10_candidate_family_phylogenetics/run_18274798/trees/bivalvia/OG0000450/TREE_PREFIX	file	162	2026-08-06T18:04:45.087466+00:00	891abbe970df5092f8c843f9595dc785df41db035e4af8a9d3c5b9431cbd2295	
step10_candidate_family_phylogenetics/run_18274798/trees/bivalvia/OG0000450/aligned.faa	file	24622	2026-08-06T18:04:03.928433+00:00	95e4e8cbdef6d203f0ba1ef7ffd725de485c27b82c0b9d02e7633a4732f7d31c	
step10_candidate_family_phylogenetics/run_18274798/trees/bivalvia/OG0000450/gene_tree_supported.bionj	file	2718	2026-08-06T18:04:17.309717+00:00	bab56883cc3a74529162af39678c59a90214a0b0087b083f4c3a3813811fd19e	
step10_candidate_family_phylogenetics/run_18274798/trees/bivalvia/OG0000450/gene_tree_supported.ckp.gz	file	47302	2026-08-06T18:04:45.083501+00:00	f7e0f80700b65d299a2cb2440eae6cb627a31266192706955c54d0a66be3adb9	
step10_candidate_family_phylogenetics/run_18274798/trees/bivalvia/OG0000450/gene_tree_supported.contree	file	2923	2026-08-06T18:04:45.069859+00:00	ff374000af4517c103a8863c6b3fe4e6d9d809cec9ccaf012db3aa79f4986dcd	
step10_candidate_family_phylogenetics/run_18274798/trees/bivalvia/OG0000450/gene_tree_supported.iqtree	file	28797	2026-08-06T18:04:45.079540+00:00	7c291db297d41b0f08414d46b05eb901f1005074231bdf332b62cd81c09535f0	
step10_candidate_family_phylogenetics/run_18274798/trees/bivalvia/OG0000450/gene_tree_supported.log	file	12787	2026-08-06T18:04:45.084559+00:00	aea912ba301cb316fe83dd9c47408b9e0ed333ca161dc249062cff1c0af88c55	
step10_candidate_family_phylogenetics/run_18274798/trees/bivalvia/OG0000450/gene_tree_supported.mldist	file	17065	2026-08-06T18:04:17.309596+00:00	99e0f72a9a292dec0fec4e9f0170ae2f370042a06483f52667a664275c05c492	
step10_candidate_family_phylogenetics/run_18274798/trees/bivalvia/OG0000450/gene_tree_supported.model.gz	file	4316	2026-08-06T18:04:17.087205+00:00	5d18dd4781000b57d2b53c26a0b43829bf0fbf12123951f08fdcf43a6c37078e	
step10_candidate_family_phylogenetics/run_18274798/trees/bivalvia/OG0000450/gene_tree_supported.splits.nex	file	5910	2026-08-06T18:04:44.962584+00:00	27819666661bc841157a800c592c3929d16d9c2060b26d8a41d6433221685fd0	
step10_candidate_family_phylogenetics/run_18274798/trees/bivalvia/OG0000450/gene_tree_supported.treefile	file	3091	2026-08-06T18:04:45.070406+00:00	db96ba0a05e32762ac7693d4f6278a97eff9eb0b8d703ac00d90a6f26dfe0612	
step10_candidate_family_phylogenetics/run_18274798/trees/bivalvia/OG0000450/iqtree_supported.stderr	file	0	2026-08-06T18:04:03.944942+00:00	e3b0c44298fc1c149afbf4c8996fb92427ae41e4649b934ca495991b7852b855	
step10_candidate_family_phylogenetics/run_18274798/trees/bivalvia/OG0000450/iqtree_supported.stdout	file	12787	2026-08-06T18:04:45.084551+00:00	aea912ba301cb316fe83dd9c47408b9e0ed333ca161dc249062cff1c0af88c55	
step10_candidate_family_phylogenetics/run_18274798/trees/bivalvia/OG0000450/mafft.log	file	31970	2026-08-06T18:04:03.924376+00:00	5d74be2d295460e79a40d1783a757facaff88e26a70ef317d7efeb2748c283f4	
step10_candidate_family_phylogenetics/run_18274798/trees/bivalvia/OG0000450/task_metadata.tsv	file	79	2026-08-06T18:04:45.088873+00:00	901deb7149593f98f0a0106544443ce7b1752a59665ca442ff48a1984cad0378	
step10_candidate_family_phylogenetics/run_18274798/trees/bivalvia/OG0000450/trimal.log	file	0	2026-08-06T18:04:03.930722+00:00	e3b0c44298fc1c149afbf4c8996fb92427ae41e4649b934ca495991b7852b855	
step10_candidate_family_phylogenetics/run_18274798/trees/bivalvia/OG0000450/trimmed.faa	file	10182	2026-08-06T18:04:03.939348+00:00	ce0755f699ace6a63d51482da4d7a7f23062ef46bb859d773de0ced95abaa2a9	
step10_candidate_family_phylogenetics/run_18274798/trees/bivalvia/OG0000498/COMPLETE	file	27	2026-08-06T17:44:21.516224+00:00	1fecf50f36263796c0c1868f34fddb557f7162ad8820ce6a7531220c30c8e049	
step10_candidate_family_phylogenetics/run_18274798/trees/bivalvia/OG0000498/SUPPORT_MODE	file	20	2026-08-06T17:44:21.515569+00:00	e0e15824ca92202c34b8cb97bbd9579641d13bb5b772586ef14fdd2a190b6c6c	
step10_candidate_family_phylogenetics/run_18274798/trees/bivalvia/OG0000498/TREE_PREFIX	file	162	2026-08-06T17:44:21.515196+00:00	220d9ed5f61b23cbf41ac7809d0fb72ada6208e2e4534a23f3c962addcab4041	
step10_candidate_family_phylogenetics/run_18274798/trees/bivalvia/OG0000498/aligned.faa	file	27060	2026-08-06T17:44:02.424604+00:00	3d82ea0a20977d4ac5ee62f0271877ce92d084518b788c3c069abb409a68fdd6	
step10_candidate_family_phylogenetics/run_18274798/trees/bivalvia/OG0000498/gene_tree_supported.bionj	file	1485	2026-08-06T17:44:06.644930+00:00	6b64a6e2ceb8745c7215ef8d276aaa31ac539698a195a9bc0e206383cf672cd3	
step10_candidate_family_phylogenetics/run_18274798/trees/bivalvia/OG0000498/gene_tree_supported.ckp.gz	file	45190	2026-08-06T17:44:21.511906+00:00	55dfc2a81b83208a75bbe354416985dac879fe2078ef5286df11976b38938de0	
step10_candidate_family_phylogenetics/run_18274798/trees/bivalvia/OG0000498/gene_tree_supported.contree	file	1604	2026-08-06T17:44:21.498572+00:00	86b52e9a8d30364f09ca57fa8a5c65a628a9b95954857c1b557255c446c6c924	
step10_candidate_family_phylogenetics/run_18274798/trees/bivalvia/OG0000498/gene_tree_supported.iqtree	file	22066	2026-08-06T17:44:21.508176+00:00	aab61c939bc97f6d7b8092f51b2d7b51c2ec53a4891f441ade1726cce95afa72	
step10_candidate_family_phylogenetics/run_18274798/trees/bivalvia/OG0000498/gene_tree_supported.log	file	11116	2026-08-06T17:44:21.513147+00:00	2ba0595c0e4f50d628774862fc6ecaff950b8990d396de7dd7071cf051ca3e00	
step10_candidate_family_phylogenetics/run_18274798/trees/bivalvia/OG0000498/gene_tree_supported.mldist	file	6857	2026-08-06T17:44:06.645261+00:00	3c38e8ee293cff05d5ac2f4c15bb47b4a8a91952e8a39c82fbec9303b1f34d6e	
step10_candidate_family_phylogenetics/run_18274798/trees/bivalvia/OG0000498/gene_tree_supported.model.gz	file	3463	2026-08-06T17:44:06.503097+00:00	01000b12c7f806d8cac25fd15486ebc0d17fcf18508754e435c79904ebbe7c0e	
step10_candidate_family_phylogenetics/run_18274798/trees/bivalvia/OG0000498/gene_tree_supported.splits.nex	file	6979	2026-08-06T17:44:21.430839+00:00	7e3a28a257ebda5613fdd6f2802933bf0f87549e6a60083071b78be2100b5166	
step10_candidate_family_phylogenetics/run_18274798/trees/bivalvia/OG0000498/gene_tree_supported.treefile	file	1697	2026-08-06T17:44:21.498971+00:00	e992724c4bc7736e82c44badc289a39777f2fa62f61baa5009d5ea0fb05129ca	
step10_candidate_family_phylogenetics/run_18274798/trees/bivalvia/OG0000498/iqtree_supported.stderr	file	0	2026-08-06T17:44:02.439869+00:00	e3b0c44298fc1c149afbf4c8996fb92427ae41e4649b934ca495991b7852b855	
step10_candidate_family_phylogenetics/run_18274798/trees/bivalvia/OG0000498/iqtree_supported.stdout	file	11116	2026-08-06T17:44:21.513135+00:00	2ba0595c0e4f50d628774862fc6ecaff950b8990d396de7dd7071cf051ca3e00	
step10_candidate_family_phylogenetics/run_18274798/trees/bivalvia/OG0000498/mafft.log	file	13000	2026-08-06T17:44:02.420772+00:00	f6470626a87b74ee39b235306806346e1c18dc78487a7cc05df334cb42665ed3	
step10_candidate_family_phylogenetics/run_18274798/trees/bivalvia/OG0000498/task_metadata.tsv	file	79	2026-08-06T17:44:21.515972+00:00	e2ddf2c0c48105611558c41447efb7e7590fd0a9070f3ee275e1f2142b0bb3f9	
step10_candidate_family_phylogenetics/run_18274798/trees/bivalvia/OG0000498/trimal.log	file	0	2026-08-06T17:44:02.427583+00:00	e3b0c44298fc1c149afbf4c8996fb92427ae41e4649b934ca495991b7852b855	
step10_candidate_family_phylogenetics/run_18274798/trees/bivalvia/OG0000498/trimmed.faa	file	4635	2026-08-06T17:44:02.434940+00:00	02def09f0555844d65de1e8695e679947d40a5fe36bcafbf11be7d81ab4dd7b9	
step10_candidate_family_phylogenetics/run_18274798/trees/bivalvia/OG0000752/COMPLETE	file	27	2026-08-06T18:04:27.547129+00:00	1fecf50f36263796c0c1868f34fddb557f7162ad8820ce6a7531220c30c8e049	
step10_candidate_family_phylogenetics/run_18274798/trees/bivalvia/OG0000752/SUPPORT_MODE	file	20	2026-08-06T18:04:27.546534+00:00	e0e15824ca92202c34b8cb97bbd9579641d13bb5b772586ef14fdd2a190b6c6c	
step10_candidate_family_phylogenetics/run_18274798/trees/bivalvia/OG0000752/TREE_PREFIX	file	162	2026-08-06T18:04:27.546121+00:00	cc17499d56f432f0140fb2ce07b4c678b7f05e5856d02ab8554b4a7d3ce2823e	
step10_candidate_family_phylogenetics/run_18274798/trees/bivalvia/OG0000752/aligned.faa	file	13552	2026-08-06T18:04:03.241649+00:00	1b1965f01f2b79a2e8a3eb61bed81f8b03d4b52e6b6c37f8caed11f25448db07	
step10_candidate_family_phylogenetics/run_18274798/trees/bivalvia/OG0000752/gene_tree_supported.bionj	file	1474	2026-08-06T18:04:10.574331+00:00	0a7c2da7a5b606cfd4f62b3c4fc5ce5c25deb4bc1c699a3894f2472951a0218b	
step10_candidate_family_phylogenetics/run_18274798/trees/bivalvia/OG0000752/gene_tree_supported.ckp.gz	file	33521	2026-08-06T18:04:27.540983+00:00	ca6d9bc9d59d2162dc3227238d153400efced7fa01e8d12bde25e9ef6dbdaaa6	
step10_candidate_family_phylogenetics/run_18274798/trees/bivalvia/OG0000752/gene_tree_supported.contree	file	1567	2026-08-06T18:04:27.528841+00:00	ae1bbcb11c177fe7f94dbc429a6f3a04b6990dc69a4b3809a1da594e2e72b2fa	
step10_candidate_family_phylogenetics/run_18274798/trees/bivalvia/OG0000752/gene_tree_supported.iqtree	file	20059	2026-08-06T18:04:27.537834+00:00	c5e25c6fc718d731f0e3643b431d9cc2afdd703e45680305aee809bab5decdd8	
step10_candidate_family_phylogenetics/run_18274798/trees/bivalvia/OG0000752/gene_tree_supported.log	file	11041	2026-08-06T18:04:27.542317+00:00	df307f3757667afd606759fe3f81bf8f2d88d3b16d8236b91aa34504192e8db1	
step10_candidate_family_phylogenetics/run_18274798/trees/bivalvia/OG0000752/gene_tree_supported.mldist	file	5403	2026-08-06T18:04:10.574948+00:00	9e7d8556a74ce577168b5e2e17567850b6c170d1cebcf61474ffc50d28912239	
step10_candidate_family_phylogenetics/run_18274798/trees/bivalvia/OG0000752/gene_tree_supported.model.gz	file	3321	2026-08-06T18:04:10.426496+00:00	2dfc278b329d71dd9e84a7b5e7ec2afd9e71f38c7e1e87d2490c041064b2448c	
step10_candidate_family_phylogenetics/run_18274798/trees/bivalvia/OG0000752/gene_tree_supported.splits.nex	file	3382	2026-08-06T18:04:27.439155+00:00	a1346529ecf5486f1370ec6111f3ef8a97b229bbfdb9ab35a64e5466d93963c3	
step10_candidate_family_phylogenetics/run_18274798/trees/bivalvia/OG0000752/gene_tree_supported.treefile	file	1647	2026-08-06T18:04:27.529257+00:00	edac644ef94af425ca6ac7a9e033a6641d7d08984813e9e2edb38de2a9a72e2e	
step10_candidate_family_phylogenetics/run_18274798/trees/bivalvia/OG0000752/iqtree_supported.stderr	file	0	2026-08-06T18:04:03.324699+00:00	e3b0c44298fc1c149afbf4c8996fb92427ae41e4649b934ca495991b7852b855	
step10_candidate_family_phylogenetics/run_18274798/trees/bivalvia/OG0000752/iqtree_supported.stdout	file	11041	2026-08-06T18:04:27.542306+00:00	df307f3757667afd606759fe3f81bf8f2d88d3b16d8236b91aa34504192e8db1	
step10_candidate_family_phylogenetics/run_18274798/trees/bivalvia/OG0000752/mafft.log	file	11449	2026-08-06T18:04:03.237849+00:00	d7948567310928d6c181003a40271e2fc5b37318a1011f9b9b3160cfa705e7c6	
step10_candidate_family_phylogenetics/run_18274798/trees/bivalvia/OG0000752/task_metadata.tsv	file	79	2026-08-06T18:04:27.546912+00:00	2ab0f7459e0b2f281c1eb8aa4b7369e3ad940a4c2b64510eab7a11fe9ca3b5fd	
step10_candidate_family_phylogenetics/run_18274798/trees/bivalvia/OG0000752/trimal.log	file	0	2026-08-06T18:04:03.243963+00:00	e3b0c44298fc1c149afbf4c8996fb92427ae41e4649b934ca495991b7852b855	
step10_candidate_family_phylogenetics/run_18274798/trees/bivalvia/OG0000752/trimmed.faa	file	7392	2026-08-06T18:04:03.318772+00:00	79ee28d3de8cfe89027dc7ad36fee36496516c16e8bec5454e6a9c0ce47ace8d	
step10_candidate_family_phylogenetics/run_18274798/trees/bivalvia/OG0000943/COMPLETE	file	27	2026-08-06T18:09:21.031794+00:00	1fecf50f36263796c0c1868f34fddb557f7162ad8820ce6a7531220c30c8e049	
step10_candidate_family_phylogenetics/run_18274798/trees/bivalvia/OG0000943/SUPPORT_MODE	file	20	2026-08-06T18:09:21.030423+00:00	e0e15824ca92202c34b8cb97bbd9579641d13bb5b772586ef14fdd2a190b6c6c	
step10_candidate_family_phylogenetics/run_18274798/trees/bivalvia/OG0000943/TREE_PREFIX	file	162	2026-08-06T18:09:21.030010+00:00	c46a264bb2f81016f9314a869d8575afda91d392c70557c0246329eab2bfe6ee	
step10_candidate_family_phylogenetics/run_18274798/trees/bivalvia/OG0000943/aligned.faa	file	7227	2026-08-06T18:09:03.446035+00:00	b26ae8c250c0bcc7773cbaeeae8229b7e9afdb503b6fb0c9947db1e32b0669ed	
step10_candidate_family_phylogenetics/run_18274798/trees/bivalvia/OG0000943/gene_tree_supported.bionj	file	1238	2026-08-06T18:09:08.030248+00:00	580debf3657f7db7dd619d39f572460e17107de47e9bbcb1957a9ba3d99d9d7b	
step10_candidate_family_phylogenetics/run_18274798/trees/bivalvia/OG0000943/gene_tree_supported.ckp.gz	file	34714	2026-08-06T18:09:21.026865+00:00	1590f5bf4ba7161591e80425f64721bf7a2771e70d5396a67519f702ff1d06f3	
step10_candidate_family_phylogenetics/run_18274798/trees/bivalvia/OG0000943/gene_tree_supported.contree	file	1316	2026-08-06T18:09:21.015261+00:00	11876117bac10144e5ae5fa4360fb8e06a12133446c6eadf6c0944cd90d51e06	
step10_candidate_family_phylogenetics/run_18274798/trees/bivalvia/OG0000943/gene_tree_supported.iqtree	file	19411	2026-08-06T18:09:21.023585+00:00	7aa1560695b3c47e59593a69db546c4388b1ffec95d264616921c8130653c8e1	
step10_candidate_family_phylogenetics/run_18274798/trees/bivalvia/OG0000943/gene_tree_supported.log	file	10595	2026-08-06T18:09:21.027966+00:00	b3f6d362d7328040633cc9fa432b7e27bd32d7993485172c9dd0af777c8eb7ce	
step10_candidate_family_phylogenetics/run_18274798/trees/bivalvia/OG0000943/gene_tree_supported.mldist	file	4083	2026-08-06T18:09:08.029089+00:00	2cfcff5a4041d97cd269431d42532a7a593d4f6ef278f6c285ab007f3581cc2f	
step10_candidate_family_phylogenetics/run_18274798/trees/bivalvia/OG0000943/gene_tree_supported.model.gz	file	3124	2026-08-06T18:09:07.932924+00:00	818fe413f0bf8e7986c439912aee850fb9d0a02a95d36f625d9c2cf836ddbf6b	
step10_candidate_family_phylogenetics/run_18274798/trees/bivalvia/OG0000943/gene_tree_supported.splits.nex	file	3628	2026-08-06T18:09:20.960285+00:00	7191a62d6cf61c58f95e03051ba91c8de2423a696fd50409827e7da1c2f026fd	
step10_candidate_family_phylogenetics/run_18274798/trees/bivalvia/OG0000943/gene_tree_supported.treefile	file	1381	2026-08-06T18:09:21.015616+00:00	33531bf36e7e27755f101d1f2aba9c7740fd182c34c9f07cca3127102a932cff	
step10_candidate_family_phylogenetics/run_18274798/trees/bivalvia/OG0000943/iqtree_supported.stderr	file	0	2026-08-06T18:09:03.457943+00:00	e3b0c44298fc1c149afbf4c8996fb92427ae41e4649b934ca495991b7852b855	
step10_candidate_family_phylogenetics/run_18274798/trees/bivalvia/OG0000943/iqtree_supported.stdout	file	10595	2026-08-06T18:09:21.027957+00:00	b3f6d362d7328040633cc9fa432b7e27bd32d7993485172c9dd0af777c8eb7ce	
step10_candidate_family_phylogenetics/run_18274798/trees/bivalvia/OG0000943/mafft.log	file	6896	2026-08-06T18:09:03.442582+00:00	b393b770cfb8f1a1af533f0efcc280d3c0f921f8e5bd79d5fc667458281e16ca	
step10_candidate_family_phylogenetics/run_18274798/trees/bivalvia/OG0000943/task_metadata.tsv	file	79	2026-08-06T18:09:21.031233+00:00	66b75b5e3fd08a8ca4f1169e80617a1039fbc9760b2dbbfb1c0ef675e514e8f9	
step10_candidate_family_phylogenetics/run_18274798/trees/bivalvia/OG0000943/trimal.log	file	0	2026-08-06T18:09:03.448356+00:00	e3b0c44298fc1c149afbf4c8996fb92427ae41e4649b934ca495991b7852b855	
step10_candidate_family_phylogenetics/run_18274798/trees/bivalvia/OG0000943/trimmed.faa	file	5986	2026-08-06T18:09:03.453148+00:00	8d184852026afaca1bbe6dd7f1c0e0c3d6daccd4c647422331466460d3df7f77	
step10_candidate_family_phylogenetics/run_18274798/trees/bivalvia/OG0001001/COMPLETE	file	27	2026-08-06T18:09:47.939049+00:00	1fecf50f36263796c0c1868f34fddb557f7162ad8820ce6a7531220c30c8e049	
step10_candidate_family_phylogenetics/run_18274798/trees/bivalvia/OG0001001/SUPPORT_MODE	file	20	2026-08-06T18:09:47.938272+00:00	e0e15824ca92202c34b8cb97bbd9579641d13bb5b772586ef14fdd2a190b6c6c	
step10_candidate_family_phylogenetics/run_18274798/trees/bivalvia/OG0001001/TREE_PREFIX	file	162	2026-08-06T18:09:47.937835+00:00	9a2da40974a37630e7d79e4cf5b0f7f2cdf4afdc6b16a4cb7da3382df8549f71	
step10_candidate_family_phylogenetics/run_18274798/trees/bivalvia/OG0001001/aligned.faa	file	20926	2026-08-06T18:09:04.545659+00:00	0875b12a2bee7c272583ad18b2123bc1cfaf2ed983a60e5c31d733e155284612	
step10_candidate_family_phylogenetics/run_18274798/trees/bivalvia/OG0001001/gene_tree_supported.bionj	file	836	2026-08-06T18:09:10.448892+00:00	ca0c43fbeb788ddc80654295b63d38e2d4e353cc3e52aa51e9efd6b26b7971d1	
step10_candidate_family_phylogenetics/run_18274798/trees/bivalvia/OG0001001/gene_tree_supported.ckp.gz	file	25541	2026-08-06T18:09:47.934162+00:00	d1d0a7134b456460ccc96dcccad9e85012490020f98260ec8c12f33443031f01	
step10_candidate_family_phylogenetics/run_18274798/trees/bivalvia/OG0001001/gene_tree_supported.contree	file	878	2026-08-06T18:09:47.922775+00:00	b7ee67dec8ba98ef274247f007fd8445ad056bac20675f89aec94f646a8372ec	
step10_candidate_family_phylogenetics/run_18274798/trees/bivalvia/OG0001001/gene_tree_supported.iqtree	file	16470	2026-08-06T18:09:47.931427+00:00	9400a3158ea62897d54812b06b2195e8725eeb55d1d4453f785b22c12e23403d	
step10_candidate_family_phylogenetics/run_18274798/trees/bivalvia/OG0001001/gene_tree_supported.log	file	11047	2026-08-06T18:09:47.935512+00:00	081623aba014bac1e0a4b50bc4869de99ec62ef615286240823cf4484b9a5ec1	
step10_candidate_family_phylogenetics/run_18274798/trees/bivalvia/OG0001001/gene_tree_supported.mldist	file	2259	2026-08-06T18:09:10.447932+00:00	80b487053173aa902fae833f33d9313c1d2c36e15030055d79a9dbb865b47193	
step10_candidate_family_phylogenetics/run_18274798/trees/bivalvia/OG0001001/gene_tree_supported.model.gz	file	2435	2026-08-06T18:09:10.314908+00:00	2a650f3f5501bf90896ea08ca9f4a8174c9122bb9f4fb3e50b58adc458eea415	
step10_candidate_family_phylogenetics/run_18274798/trees/bivalvia/OG0001001/gene_tree_supported.splits.nex	file	1214	2026-08-06T18:09:47.828656+00:00	992abee7e1e48acba549e711c45d08bfdf5668c971404560ddce8c89c617a21b	
step10_candidate_family_phylogenetics/run_18274798/trees/bivalvia/OG0001001/gene_tree_supported.treefile	file	913	2026-08-06T18:09:47.923095+00:00	d7c6cd49f55f2dc81c10ca42510c262fdfc8c7223bc99412b02ec5a9e83b58eb	
step10_candidate_family_phylogenetics/run_18274798/trees/bivalvia/OG0001001/iqtree_supported.stderr	file	0	2026-08-06T18:09:04.562057+00:00	e3b0c44298fc1c149afbf4c8996fb92427ae41e4649b934ca495991b7852b855	
step10_candidate_family_phylogenetics/run_18274798/trees/bivalvia/OG0001001/iqtree_supported.stdout	file	11047	2026-08-06T18:09:47.935496+00:00	081623aba014bac1e0a4b50bc4869de99ec62ef615286240823cf4484b9a5ec1	
step10_candidate_family_phylogenetics/run_18274798/trees/bivalvia/OG0001001/mafft.log	file	5265	2026-08-06T18:09:04.541476+00:00	ddff47065f04109bdf3439eefe26f58287e19774fff2161ae21111822b7aa109	
step10_candidate_family_phylogenetics/run_18274798/trees/bivalvia/OG0001001/task_metadata.tsv	file	79	2026-08-06T18:09:47.938715+00:00	a1dc08d4edeb6e31957262c282cb26e48fcb0cbeef8113e6d897ab2dd40ee6c5	
step10_candidate_family_phylogenetics/run_18274798/trees/bivalvia/OG0001001/trimal.log	file	0	2026-08-06T18:09:04.548484+00:00	e3b0c44298fc1c149afbf4c8996fb92427ae41e4649b934ca495991b7852b855	
step10_candidate_family_phylogenetics/run_18274798/trees/bivalvia/OG0001001/trimmed.faa	file	11038	2026-08-06T18:09:04.555970+00:00	c0d1049e4a660f28c589d44199f763942fec261a06ebea1cd530f8c4fd12b657	
step10_candidate_family_phylogenetics/run_18274798/trees/gastropoda/OG0000065/COMPLETE	file	27	2026-08-06T17:57:26.961508+00:00	1fecf50f36263796c0c1868f34fddb557f7162ad8820ce6a7531220c30c8e049	
step10_candidate_family_phylogenetics/run_18274798/trees/gastropoda/OG0000065/SUPPORT_MODE	file	20	2026-08-06T17:57:26.960763+00:00	e0e15824ca92202c34b8cb97bbd9579641d13bb5b772586ef14fdd2a190b6c6c	
step10_candidate_family_phylogenetics/run_18274798/trees/gastropoda/OG0000065/TREE_PREFIX	file	164	2026-08-06T17:57:26.960435+00:00	37fde5c8dcaa51e795e21709cd72cb04f6f158b285eaff6c6c581a190a18ebe1	
step10_candidate_family_phylogenetics/run_18274798/trees/gastropoda/OG0000065/aligned.faa	file	49542	2026-08-06T17:54:04.128401+00:00	82f95f1b97c130d7aaeefa3e3c4fd24fe82ea17f6f0d78f672a82a3a8abbb68e	
step10_candidate_family_phylogenetics/run_18274798/trees/gastropoda/OG0000065/gene_tree_supported.bionj	file	2781	2026-08-06T17:54:25.764548+00:00	d9a34fb0ab68942b77a661277dafee7d807c2853dfeab1de9fbae9093e134660	
step10_candidate_family_phylogenetics/run_18274798/trees/gastropoda/OG0000065/gene_tree_supported.ckp.gz	file	73209	2026-08-06T17:57:26.923897+00:00	a5adec806024645121143d9e89b17db0c950c869225106e143b3c14ee3769f43	
step10_candidate_family_phylogenetics/run_18274798/trees/gastropoda/OG0000065/gene_tree_supported.contree	file	3015	2026-08-06T17:57:26.907396+00:00	360b636fdb2979397575cb44714d4023f58bca2103be8ad7ee41f26a36f67476	
step10_candidate_family_phylogenetics/run_18274798/trees/gastropoda/OG0000065/gene_tree_supported.iqtree	file	26329	2026-08-06T17:57:26.918581+00:00	16f280021356af680268d11817622b29839b1758080084df90138f87c40cb4e5	
step10_candidate_family_phylogenetics/run_18274798/trees/gastropoda/OG0000065/gene_tree_supported.log	file	14158	2026-08-06T17:57:26.925731+00:00	be8302e185c4f4f18f5d83c946858c2227dd6ace3002fe91419343b3223f4148	
step10_candidate_family_phylogenetics/run_18274798/trees/gastropoda/OG0000065/gene_tree_supported.mldist	file	23313	2026-08-06T17:54:25.764928+00:00	e5f396c35250860b1d6148a5a54c3d446dceb1208146ecf17897f608f76d4986	
step10_candidate_family_phylogenetics/run_18274798/trees/gastropoda/OG0000065/gene_tree_supported.model.gz	file	5121	2026-08-06T17:54:25.276011+00:00	40558d6eb90645101a66e1a7beaea232ccef0c3af34b14693a6b403c5c891b83	
step10_candidate_family_phylogenetics/run_18274798/trees/gastropoda/OG0000065/gene_tree_supported.splits.nex	file	16183	2026-08-06T17:57:26.534148+00:00	3819986e81933a81734c74d2fcf4321e6ee71129899719ba2c18e541c607400d	
step10_candidate_family_phylogenetics/run_18274798/trees/gastropoda/OG0000065/gene_tree_supported.treefile	file	3206	2026-08-06T17:57:26.907972+00:00	3fe320dc81113d4a5bfe63b269f315cbf6edb12eada0e45854bd76ae92033e7b	
step10_candidate_family_phylogenetics/run_18274798/trees/gastropoda/OG0000065/iqtree_supported.stderr	file	0	2026-08-06T17:54:04.151084+00:00	e3b0c44298fc1c149afbf4c8996fb92427ae41e4649b934ca495991b7852b855	
step10_candidate_family_phylogenetics/run_18274798/trees/gastropoda/OG0000065/iqtree_supported.stdout	file	14158	2026-08-06T17:57:26.925719+00:00	be8302e185c4f4f18f5d83c946858c2227dd6ace3002fe91419343b3223f4148	
step10_candidate_family_phylogenetics/run_18274798/trees/gastropoda/OG0000065/mafft.log	file	26148	2026-08-06T17:54:04.123928+00:00	58400f19b4a884c8c6ad79e88f7ee31bb544c7351add023f8de2a4546cbe292b	
step10_candidate_family_phylogenetics/run_18274798/trees/gastropoda/OG0000065/task_metadata.tsv	file	81	2026-08-06T17:57:26.961176+00:00	ebef970030aa28c5c53408f351cb9a5fe66220c333398a7b79fc85f5709cc46b	
step10_candidate_family_phylogenetics/run_18274798/trees/gastropoda/OG0000065/trimal.log	file	0	2026-08-06T17:54:04.130976+00:00	e3b0c44298fc1c149afbf4c8996fb92427ae41e4649b934ca495991b7852b855	
step10_candidate_family_phylogenetics/run_18274798/trees/gastropoda/OG0000065/trimmed.faa	file	29832	2026-08-06T17:54:04.144199+00:00	c21aebd884314449a8958e0e14d135579871ecaa8c60d03093b3143cd29bf723	
step10_candidate_family_phylogenetics/run_18274798/trees/gastropoda/OG0000074/COMPLETE	file	27	2026-08-06T18:14:04.713575+00:00	1fecf50f36263796c0c1868f34fddb557f7162ad8820ce6a7531220c30c8e049	
step10_candidate_family_phylogenetics/run_18274798/trees/gastropoda/OG0000074/SUPPORT_MODE	file	20	2026-08-06T18:14:04.711809+00:00	e0e15824ca92202c34b8cb97bbd9579641d13bb5b772586ef14fdd2a190b6c6c	
step10_candidate_family_phylogenetics/run_18274798/trees/gastropoda/OG0000074/TREE_PREFIX	file	164	2026-08-06T18:14:04.710590+00:00	fb8e0cb2a8c76fe810b2a44064590e7e9f04feb8434bb024d4f78ce46f5568a3	
step10_candidate_family_phylogenetics/run_18274798/trees/gastropoda/OG0000074/aligned.faa	file	5410	2026-08-06T18:14:03.330206+00:00	77fb22012be2fb8d60ea78e5e6f0f4479ddf19c27090dd2f4ca0bb00a8c9a155	
step10_candidate_family_phylogenetics/run_18274798/trees/gastropoda/OG0000074/gene_tree_supported.bionj	file	313	2026-08-06T18:14:03.736004+00:00	49b09d7002c711b10a6c250c9fa7a1034c952e13db414f0892f397e17e14cc1d	
step10_candidate_family_phylogenetics/run_18274798/trees/gastropoda/OG0000074/gene_tree_supported.ckp.gz	file	19790	2026-08-06T18:14:04.707269+00:00	c7a317b08a6f05b749c035a73ab7704b5a8dbc7581699a6ea99ddd091d79cf72	
step10_candidate_family_phylogenetics/run_18274798/trees/gastropoda/OG0000074/gene_tree_supported.contree	file	397	2026-08-06T18:14:04.693687+00:00	aa806cbef678f7cd87d7fdc7bbcc349a7835b4f2e8d44a4e02ae2b2db9b1c10f	
step10_candidate_family_phylogenetics/run_18274798/trees/gastropoda/OG0000074/gene_tree_supported.iqtree	file	12730	2026-08-06T18:14:04.703086+00:00	b3941605df94e92bc78e750505ef6bc51052779481be7f2bf9c9e5da21068821	
step10_candidate_family_phylogenetics/run_18274798/trees/gastropoda/OG0000074/gene_tree_supported.log	file	17428	2026-08-06T18:14:04.708917+00:00	3846722259fcae1bfa0203996933bdb52c6a00a164918e1660ce3dabefbef7e1	
step10_candidate_family_phylogenetics/run_18274798/trees/gastropoda/OG0000074/gene_tree_supported.mldist	file	614	2026-08-06T18:14:03.734338+00:00	bba12f345dcefcb089425340af90d33f4e9136e17e26e407c4045926175ad3d3	
step10_candidate_family_phylogenetics/run_18274798/trees/gastropoda/OG0000074/gene_tree_supported.model.gz	file	2099	2026-08-06T18:14:03.708905+00:00	6ded555ea5f49ba676b22cd2c0320251fabbec36791a0330871c76e02a92a863	
step10_candidate_family_phylogenetics/run_18274798/trees/gastropoda/OG0000074/gene_tree_supported.splits.nex	file	697	2026-08-06T18:14:04.682962+00:00	f1ebb6da332d5a0ffeac34a48d1103a0f97cc964b1c29a656370f4ff54cb1687	
step10_candidate_family_phylogenetics/run_18274798/trees/gastropoda/OG0000074/gene_tree_supported.treefile	file	409	2026-08-06T18:14:04.703652+00:00	3a1fd984ec41204ce92741a70f2bc21a67bb0465ea278df7debb065e2637b19c	
step10_candidate_family_phylogenetics/run_18274798/trees/gastropoda/OG0000074/gene_tree_supported.uniqueseq.phy	file	503	2026-08-06T18:14:03.357327+00:00	2471c5862feb828ba08ba8d16a80918967b40b102804023141334b584e58e223	
step10_candidate_family_phylogenetics/run_18274798/trees/gastropoda/OG0000074/iqtree_supported.stderr	file	0	2026-08-06T18:14:03.346912+00:00	e3b0c44298fc1c149afbf4c8996fb92427ae41e4649b934ca495991b7852b855	
step10_candidate_family_phylogenetics/run_18274798/trees/gastropoda/OG0000074/iqtree_supported.stdout	file	17428	2026-08-06T18:14:04.708897+00:00	3846722259fcae1bfa0203996933bdb52c6a00a164918e1660ce3dabefbef7e1	
step10_candidate_family_phylogenetics/run_18274798/trees/gastropoda/OG0000074/mafft.log	file	2369	2026-08-06T18:14:03.325389+00:00	f7f593de40f5be9a725058019744963906a6a3a3de667cbbd562ca3affd61de6	
step10_candidate_family_phylogenetics/run_18274798/trees/gastropoda/OG0000074/task_metadata.tsv	file	80	2026-08-06T18:14:04.712867+00:00	406b38ea9f33a93fdc865bad0c466b50f53539a425bd57ab5c0bbf7a02f6babe	
step10_candidate_family_phylogenetics/run_18274798/trees/gastropoda/OG0000074/trimal.log	file	0	2026-08-06T18:14:03.334261+00:00	e3b0c44298fc1c149afbf4c8996fb92427ae41e4649b934ca495991b7852b855	
step10_candidate_family_phylogenetics/run_18274798/trees/gastropoda/OG0000074/trimmed.faa	file	538	2026-08-06T18:14:03.338804+00:00	46907fb25bae7e01c72f1a6dff01386a457373f11a96711bbef59ab01022fa31	
step10_candidate_family_phylogenetics/run_18274798/trees/gastropoda/OG0000075/COMPLETE	file	27	2026-08-06T18:18:04.010298+00:00	1fecf50f36263796c0c1868f34fddb557f7162ad8820ce6a7531220c30c8e049	
step10_candidate_family_phylogenetics/run_18274798/trees/gastropoda/OG0000075/SUPPORT_MODE	file	20	2026-08-06T18:18:04.008988+00:00	e0e15824ca92202c34b8cb97bbd9579641d13bb5b772586ef14fdd2a190b6c6c	
step10_candidate_family_phylogenetics/run_18274798/trees/gastropoda/OG0000075/TREE_PREFIX	file	164	2026-08-06T18:18:04.007983+00:00	a8ce6ada8f130e06ea518f05a200b1b3d9b8bc5af8ae193066ee48eb74a31c96	
step10_candidate_family_phylogenetics/run_18274798/trees/gastropoda/OG0000075/aligned.faa	file	84573	2026-08-06T18:14:10.492574+00:00	cccf20d23330ad9fe12cfea325c49cf6f6f939563cab4befd4b9bb09fea2ffba	
step10_candidate_family_phylogenetics/run_18274798/trees/gastropoda/OG0000075/gene_tree_supported.bionj	file	5331	2026-08-06T18:14:32.452955+00:00	aff792c1ccbdbbe38fad6b65cb73e7b75c47575b3f036eb157586a610b0538b6	
step10_candidate_family_phylogenetics/run_18274798/trees/gastropoda/OG0000075/gene_tree_supported.ckp.gz	file	170699	2026-08-06T18:18:04.000763+00:00	a5db2e4baa3034eb38e7bfc25ffd0f36a7b0b8ad52336a51a6750dca272391ee	
step10_candidate_family_phylogenetics/run_18274798/trees/gastropoda/OG0000075/gene_tree_supported.contree	file	5819	2026-08-06T18:18:03.957722+00:00	e41ac7f0a88a37f57709a9cfd0296ac0bd475516c8e7ebd90b6b8f16f314832c	
step10_candidate_family_phylogenetics/run_18274798/trees/gastropoda/OG0000075/gene_tree_supported.iqtree	file	49484	2026-08-06T18:18:03.988402+00:00	7f3b051ca923f68a0a958489456436b0ee728e4d0dd4ca48e5d05377c5fbb14f	
step10_candidate_family_phylogenetics/run_18274798/trees/gastropoda/OG0000075/gene_tree_supported.log	file	21579	2026-08-06T18:18:04.003651+00:00	1f9a7af5b19a9abe45a84c0e9a8cb48ef1d7bcab4186b5df985f249c3ee0f3cf	
step10_candidate_family_phylogenetics/run_18274798/trees/gastropoda/OG0000075/gene_tree_supported.mldist	file	87033	2026-08-06T18:14:32.450797+00:00	79dd05050e7b4b6e65e0602ffb24508e86f418433ed56583cfa94fe2ed2613ec	
step10_candidate_family_phylogenetics/run_18274798/trees/gastropoda/OG0000075/gene_tree_supported.model.gz	file	8602	2026-08-06T18:14:31.714980+00:00	3e517dcaeaddc5cad78f52252467b7d9dc346a364a3d116eab55f19916e11e25	
step10_candidate_family_phylogenetics/run_18274798/trees/gastropoda/OG0000075/gene_tree_supported.splits.nex	file	43770	2026-08-06T18:18:03.687210+00:00	2e98b385d4aa14e5d42346a39f6e0813c8c9a9c278957d5fa7928d8cfef465dc	
step10_candidate_family_phylogenetics/run_18274798/trees/gastropoda/OG0000075/gene_tree_supported.treefile	file	6224	2026-08-06T18:18:03.959925+00:00	95f404ed49266408a5b868780a789b39f3dbed6916778976970f162038b12a8b	
step10_candidate_family_phylogenetics/run_18274798/trees/gastropoda/OG0000075/iqtree_supported.stderr	file	0	2026-08-06T18:14:10.552216+00:00	e3b0c44298fc1c149afbf4c8996fb92427ae41e4649b934ca495991b7852b855	
step10_candidate_family_phylogenetics/run_18274798/trees/gastropoda/OG0000075/iqtree_supported.stdout	file	21579	2026-08-06T18:18:04.003637+00:00	1f9a7af5b19a9abe45a84c0e9a8cb48ef1d7bcab4186b5df985f249c3ee0f3cf	
step10_candidate_family_phylogenetics/run_18274798/trees/gastropoda/OG0000075/mafft.log	file	83802	2026-08-06T18:14:10.488415+00:00	0dee2fe0fd2fda4bfb38a1df3a4fcab0bf6bfca50c3bb4e9c7eec2ead6c9c64e	
step10_candidate_family_phylogenetics/run_18274798/trees/gastropoda/OG0000075/task_metadata.tsv	file	81	2026-08-06T18:18:04.009759+00:00	0360609871e76cba8d70464908f91c01b9fb628822b556abcc98fffb131fde2c	
step10_candidate_family_phylogenetics/run_18274798/trees/gastropoda/OG0000075/trimal.log	file	120	2026-08-06T18:14:10.540540+00:00	21c780ed641577998ff135a1547e316c97bc7c84b828a925bf03ff48efa21a5d	
step10_candidate_family_phylogenetics/run_18274798/trees/gastropoda/OG0000075/trimmed.faa	file	13052	2026-08-06T18:14:10.544113+00:00	969e4d51ed14bec12128cf8d3a4ac92f3e2657b9b0cf9e7edc4b9c996301a4b6	
step10_candidate_family_phylogenetics/run_18274798/trees/gastropoda/OG0000088/COMPLETE	file	27	2026-08-06T17:35:21.470907+00:00	1fecf50f36263796c0c1868f34fddb557f7162ad8820ce6a7531220c30c8e049	
step10_candidate_family_phylogenetics/run_18274798/trees/gastropoda/OG0000088/SUPPORT_MODE	file	20	2026-08-06T17:35:21.470288+00:00	e0e15824ca92202c34b8cb97bbd9579641d13bb5b772586ef14fdd2a190b6c6c	
step10_candidate_family_phylogenetics/run_18274798/trees/gastropoda/OG0000088/TREE_PREFIX	file	164	2026-08-06T17:35:21.469823+00:00	72585766755daef1d2752440053773d7eab1e75bcf8d7f60ee258cea62e25228	
step10_candidate_family_phylogenetics/run_18274798/trees/gastropoda/OG0000088/aligned.faa	file	94262	2026-08-06T17:34:08.753548+00:00	03b7a6b0d03092e80ced0d8f0db216c05a4432a8f613ef7364ce989f4df0dbf6	
step10_candidate_family_phylogenetics/run_18274798/trees/gastropoda/OG0000088/gene_tree_supported.bionj	file	3398	2026-08-06T17:34:14.777928+00:00	24ebdd30ada928e20fdf832d4325d4629a0d1e143847ea1941010d11f8a5d8d9	
step10_candidate_family_phylogenetics/run_18274798/trees/gastropoda/OG0000088/gene_tree_supported.ckp.gz	file	76958	2026-08-06T17:35:21.464016+00:00	c9d3f3ef64574298bc00f7d3cf6b16a0cd36affe5a5db4fe0a023d54d6973090	
step10_candidate_family_phylogenetics/run_18274798/trees/gastropoda/OG0000088/gene_tree_supported.contree	file	3647	2026-08-06T17:35:21.445575+00:00	ac38c2a2bc28ddbb85976b84bd56d0c2d151089b44fafab650a6b50a5d298ae7	
step10_candidate_family_phylogenetics/run_18274798/trees/gastropoda/OG0000088/gene_tree_supported.iqtree	file	32168	2026-08-06T17:35:21.458253+00:00	415383b29234eb83cfa761d1cfc1231521dcb3c694c959dfdbdf7764839ff5ed	
step10_candidate_family_phylogenetics/run_18274798/trees/gastropoda/OG0000088/gene_tree_supported.log	file	21557	2026-08-06T17:35:21.465866+00:00	f752c0c99e60453dbc7174b91a5ce87e19a07c33cfb4643ea9712e7376aad216	
step10_candidate_family_phylogenetics/run_18274798/trees/gastropoda/OG0000088/gene_tree_supported.mldist	file	25336	2026-08-06T17:34:14.777626+00:00	9ecdb69b1c3f13238a91ac4c394510c08e1efd83a5c46f7e44a3d34c760b27f7	
step10_candidate_family_phylogenetics/run_18274798/trees/gastropoda/OG0000088/gene_tree_supported.model.gz	file	4412	2026-08-06T17:34:14.490379+00:00	7f77ca91a2e04ea0858a4e8789fe2f0416ca7ed2696cf6fba465940c6a0de539	
step10_candidate_family_phylogenetics/run_18274798/trees/gastropoda/OG0000088/gene_tree_supported.splits.nex	file	16078	2026-08-06T17:35:21.291701+00:00	65151cfa4b74ea171e448ac9c9f338aedcf489d1563180ab7a30c500b6072d13	
step10_candidate_family_phylogenetics/run_18274798/trees/gastropoda/OG0000088/gene_tree_supported.treefile	file	3836	2026-08-06T17:35:21.446334+00:00	edf395be5b14d6a21f61272251f4c460b745356d4beebdc1a733a57e0d7d323c	
step10_candidate_family_phylogenetics/run_18274798/trees/gastropoda/OG0000088/iqtree_supported.stderr	file	0	2026-08-06T17:34:08.826443+00:00	e3b0c44298fc1c149afbf4c8996fb92427ae41e4649b934ca495991b7852b855	
step10_candidate_family_phylogenetics/run_18274798/trees/gastropoda/OG0000088/iqtree_supported.stdout	file	21557	2026-08-06T17:35:21.465847+00:00	f752c0c99e60453dbc7174b91a5ce87e19a07c33cfb4643ea9712e7376aad216	
step10_candidate_family_phylogenetics/run_18274798/trees/gastropoda/OG0000088/mafft.log	file	47529	2026-08-06T17:34:08.748233+00:00	9d56db0c6a5799c02b8c6b31154e374f3479f6b1927d641b06dbbda74ca4946e	
step10_candidate_family_phylogenetics/run_18274798/trees/gastropoda/OG0000088/task_metadata.tsv	file	80	2026-08-06T17:35:21.470676+00:00	359a76ad28ac7df2736c0520f58ce8d2554f16417f96cf1664f04c711dd71634	
step10_candidate_family_phylogenetics/run_18274798/trees/gastropoda/OG0000088/trimal.log	file	0	2026-08-06T17:34:08.756201+00:00	e3b0c44298fc1c149afbf4c8996fb92427ae41e4649b934ca495991b7852b855	
step10_candidate_family_phylogenetics/run_18274798/trees/gastropoda/OG0000088/trimmed.faa	file	6137	2026-08-06T17:34:08.820557+00:00	9594527344cd1c5c3dac6289cb59984b9cca325704da2feeafc716c31aeed9e1	
step10_candidate_family_phylogenetics/run_18274798/trees/gastropoda/OG0000091/COMPLETE	file	27	2026-08-06T17:52:48.097368+00:00	1fecf50f36263796c0c1868f34fddb557f7162ad8820ce6a7531220c30c8e049	
step10_candidate_family_phylogenetics/run_18274798/trees/gastropoda/OG0000091/SUPPORT_MODE	file	20	2026-08-06T17:52:48.096761+00:00	e0e15824ca92202c34b8cb97bbd9579641d13bb5b772586ef14fdd2a190b6c6c	
step10_candidate_family_phylogenetics/run_18274798/trees/gastropoda/OG0000091/TREE_PREFIX	file	164	2026-08-06T17:52:48.096377+00:00	76b724e3c4d2fc78e7c9aefbd0bb6486e2dd6c298365668f54d96e1617c35450	
step10_candidate_family_phylogenetics/run_18274798/trees/gastropoda/OG0000091/aligned.faa	file	126339	2026-08-06T17:44:14.353330+00:00	0c610267bdc0e1d0f451f4f97e202ced2b015dc5b9e98ba5c6ae03f36a9f022d	
step10_candidate_family_phylogenetics/run_18274798/trees/gastropoda/OG0000091/gene_tree_supported.bionj	file	2343	2026-08-06T17:46:25.373854+00:00	d2e292c6e3b0e7b184e85981a2b4ec90ddea007d2faafdda708acd0a987ca694	
step10_candidate_family_phylogenetics/run_18274798/trees/gastropoda/OG0000091/gene_tree_supported.ckp.gz	file	55513	2026-08-06T17:52:48.081995+00:00	9132d18bac3dbc5108c01213d63a22e84f4196b4a832f131265a5fe2773bd5cf	
step10_candidate_family_phylogenetics/run_18274798/trees/gastropoda/OG0000091/gene_tree_supported.contree	file	2556	2026-08-06T17:52:48.028259+00:00	b7a55917133a3354bfc4eaa4b6f3df5ba4413a534931b8c5c01e3d8615cbf639	
step10_candidate_family_phylogenetics/run_18274798/trees/gastropoda/OG0000091/gene_tree_supported.iqtree	file	28953	2026-08-06T17:52:48.038573+00:00	e9800efbb4866e2ba2eb613c88d98231e0b441b0ddb25b2a94c99a95cb9d3529	
step10_candidate_family_phylogenetics/run_18274798/trees/gastropoda/OG0000091/gene_tree_supported.log	file	13260	2026-08-06T17:52:48.084663+00:00	2506b0e187fb2e10c78197a6650d8ae19c007005ca999d3db362b4f4f36aac11	
step10_candidate_family_phylogenetics/run_18274798/trees/gastropoda/OG0000091/gene_tree_supported.mldist	file	17826	2026-08-06T17:46:25.374552+00:00	295e651832275cb61aa5a075ced1cfd9ceab9913c5770acfbea3c9388a55798d	
step10_candidate_family_phylogenetics/run_18274798/trees/gastropoda/OG0000091/gene_tree_supported.model.gz	file	4555	2026-08-06T17:46:22.901263+00:00	c5ca544787b67b036c6569f1ac14428183984c979c83f904192b27f32ba2fb7e	
step10_candidate_family_phylogenetics/run_18274798/trees/gastropoda/OG0000091/gene_tree_supported.splits.nex	file	6172	2026-08-06T17:52:46.625461+00:00	e3262ceaa65ed116026911ddc41a1e800743316614fb7478136869d8960a9cf4	
step10_candidate_family_phylogenetics/run_18274798/trees/gastropoda/OG0000091/gene_tree_supported.treefile	file	2723	2026-08-06T17:52:48.028804+00:00	91f526939fe71e6a714ec99fe58c4624d4e798c8a74d73a71f157abdd425e819	
step10_candidate_family_phylogenetics/run_18274798/trees/gastropoda/OG0000091/iqtree_supported.stderr	file	0	2026-08-06T17:44:14.388063+00:00	e3b0c44298fc1c149afbf4c8996fb92427ae41e4649b934ca495991b7852b855	
step10_candidate_family_phylogenetics/run_18274798/trees/gastropoda/OG0000091/iqtree_supported.stdout	file	13260	2026-08-06T17:52:48.084650+00:00	2506b0e187fb2e10c78197a6650d8ae19c007005ca999d3db362b4f4f36aac11	
step10_candidate_family_phylogenetics/run_18274798/trees/gastropoda/OG0000091/mafft.log	file	29377	2026-08-06T17:44:14.348628+00:00	e7472fef1c60b3de86e28d3831ec4e0a308b11aebc0a03e0f96922efec227046	
step10_candidate_family_phylogenetics/run_18274798/trees/gastropoda/OG0000091/task_metadata.tsv	file	81	2026-08-06T17:52:48.097106+00:00	420a535f1ea777df955bc8c1e9af3e8b3942dffedd7a77dedf20c794ce706207	
step10_candidate_family_phylogenetics/run_18274798/trees/gastropoda/OG0000091/trimal.log	file	0	2026-08-06T17:44:14.355974+00:00	e3b0c44298fc1c149afbf4c8996fb92427ae41e4649b934ca495991b7852b855	
step10_candidate_family_phylogenetics/run_18274798/trees/gastropoda/OG0000091/trimmed.faa	file	106761	2026-08-06T17:44:14.382312+00:00	d95d4601860abcbc7ef0e960db96888e9245261aeb348b71ffc854b6fa250c94	
step10_candidate_family_phylogenetics/run_18274798/trees/gastropoda/OG0000096/COMPLETE	file	27	2026-08-06T17:30:46.539137+00:00	1fecf50f36263796c0c1868f34fddb557f7162ad8820ce6a7531220c30c8e049	
step10_candidate_family_phylogenetics/run_18274798/trees/gastropoda/OG0000096/SUPPORT_MODE	file	20	2026-08-06T17:30:46.538256+00:00	e0e15824ca92202c34b8cb97bbd9579641d13bb5b772586ef14fdd2a190b6c6c	
step10_candidate_family_phylogenetics/run_18274798/trees/gastropoda/OG0000096/TREE_PREFIX	file	164	2026-08-06T17:30:46.537862+00:00	a6bde8975afcc6a380cdcbe6af1c1698ae40436e5b3063a1bbbe3d8a7cbec546	
step10_candidate_family_phylogenetics/run_18274798/trees/gastropoda/OG0000096/aligned.faa	file	93747	2026-08-06T17:19:11.314509+00:00	272d4cc6df017c1f0853affefa40df5c5be2083524076af462bde94439a9a8ba	
step10_candidate_family_phylogenetics/run_18274798/trees/gastropoda/OG0000096/gene_tree_supported.bionj	file	2692	2026-08-06T17:21:33.310249+00:00	d263e96034b65c1ba76a0d536ae4146ca991d3d1ca7dee9d20c49cd4c9465324	
step10_candidate_family_phylogenetics/run_18274798/trees/gastropoda/OG0000096/gene_tree_supported.ckp.gz	file	65769	2026-08-06T17:30:46.500871+00:00	8f5cd0ffbd6423a8ebd6ccabb80aceb783fd478419b390b82a63d172fb13ab1a	
step10_candidate_family_phylogenetics/run_18274798/trees/gastropoda/OG0000096/gene_tree_supported.contree	file	2932	2026-08-06T17:30:46.481984+00:00	a36c98e0167c65634514e7992b30399c087ec28c5764c0ae3ec55fba60aadd27	
step10_candidate_family_phylogenetics/run_18274798/trees/gastropoda/OG0000096/gene_tree_supported.iqtree	file	28503	2026-08-06T17:30:46.494869+00:00	011bda04960577cb90436de23a6bf904c6a5a1b8c802f7599b06dd947d379196	
step10_candidate_family_phylogenetics/run_18274798/trees/gastropoda/OG0000096/gene_tree_supported.log	file	15025	2026-08-06T17:30:46.504106+00:00	935e0fc156e66a52a192e4b52289f9ee138d4644b73a165feea336a906402f14	
step10_candidate_family_phylogenetics/run_18274798/trees/gastropoda/OG0000096/gene_tree_supported.mldist	file	22355	2026-08-06T17:21:33.311546+00:00	df91e1f7731837bceb845dbc0df4c137cf693e4ee8d25614d96f10312cba289d	
step10_candidate_family_phylogenetics/run_18274798/trees/gastropoda/OG0000096/gene_tree_supported.model.gz	file	4869	2026-08-06T17:21:11.921887+00:00	904e4703444a2621b43c752f63be5019855a41abc35ddbc8382c71372147b26a	
step10_candidate_family_phylogenetics/run_18274798/trees/gastropoda/OG0000096/gene_tree_supported.splits.nex	file	12214	2026-08-06T17:30:43.763049+00:00	dd1714fb81e157d722de5155ee987b38a0cfed824d5e645e9c8320b282d4c5ae	
step10_candidate_family_phylogenetics/run_18274798/trees/gastropoda/OG0000096/gene_tree_supported.treefile	file	3123	2026-08-06T17:30:46.482733+00:00	df7bdcd6c501023df0442ad168c241057c6a131f07da9e49738b26945064a31b	
step10_candidate_family_phylogenetics/run_18274798/trees/gastropoda/OG0000096/iqtree_supported.stderr	file	0	2026-08-06T17:19:11.449701+00:00	e3b0c44298fc1c149afbf4c8996fb92427ae41e4649b934ca495991b7852b855	
step10_candidate_family_phylogenetics/run_18274798/trees/gastropoda/OG0000096/iqtree_supported.stdout	file	15025	2026-08-06T17:30:46.504084+00:00	935e0fc156e66a52a192e4b52289f9ee138d4644b73a165feea336a906402f14	
step10_candidate_family_phylogenetics/run_18274798/trees/gastropoda/OG0000096/mafft.log	file	26813	2026-08-06T17:19:11.309006+00:00	80e74b69750d818f06aa0566f027bdb234ec6cac3e3d35ed703284a79a28a4da	
step10_candidate_family_phylogenetics/run_18274798/trees/gastropoda/OG0000096/task_metadata.tsv	file	80	2026-08-06T17:30:46.538768+00:00	67b209f3f2adac4e1d3139270a39de37a6d1637933d6c2cfdf732e66232633ea	
step10_candidate_family_phylogenetics/run_18274798/trees/gastropoda/OG0000096/trimal.log	file	0	2026-08-06T17:19:11.317595+00:00	e3b0c44298fc1c149afbf4c8996fb92427ae41e4649b934ca495991b7852b855	
step10_candidate_family_phylogenetics/run_18274798/trees/gastropoda/OG0000096/trimmed.faa	file	63211	2026-08-06T17:19:11.443203+00:00	b6b1869584a5836d390dff7dfaad8da53d1abe21af0437c894dd9a0b7378ece5	
step10_candidate_family_phylogenetics/run_18274798/trees/gastropoda/OG0000104/COMPLETE	file	27	2026-08-06T18:00:34.058775+00:00	1fecf50f36263796c0c1868f34fddb557f7162ad8820ce6a7531220c30c8e049	
step10_candidate_family_phylogenetics/run_18274798/trees/gastropoda/OG0000104/SUPPORT_MODE	file	20	2026-08-06T18:00:34.058106+00:00	e0e15824ca92202c34b8cb97bbd9579641d13bb5b772586ef14fdd2a190b6c6c	
step10_candidate_family_phylogenetics/run_18274798/trees/gastropoda/OG0000104/TREE_PREFIX	file	164	2026-08-06T18:00:34.057711+00:00	9541a7f0d088824dfaa1f2fa6b11e1e35eceb61d7837ab7ab797af689b909370	
step10_candidate_family_phylogenetics/run_18274798/trees/gastropoda/OG0000104/TRIM_FALLBACK	file	70	2026-08-06T17:59:04.867168+00:00	b8f895d37a918cc5c47326d96812f1c592fbede774d759565a9bb9b1ccf78db4	
step10_candidate_family_phylogenetics/run_18274798/trees/gastropoda/OG0000104/aligned.faa	file	21035	2026-08-06T17:59:04.851574+00:00	e59f14f30d921cb65176c01d571e242f6e4ab6aac9d707141199128503640950	
step10_candidate_family_phylogenetics/run_18274798/trees/gastropoda/OG0000104/gene_tree_supported.bionj	file	1832	2026-08-06T17:59:31.972674+00:00	21479c6307bb7b4a0767de951c2b89ba65d921cec9bb7c7975443caba170f667	
step10_candidate_family_phylogenetics/run_18274798/trees/gastropoda/OG0000104/gene_tree_supported.ckp.gz	file	58162	2026-08-06T18:00:34.034564+00:00	1da0b825ae5df4b20c64c3b64e358670d963b2419583581242ba92c47eee74f7	
step10_candidate_family_phylogenetics/run_18274798/trees/gastropoda/OG0000104/gene_tree_supported.contree	file	2003	2026-08-06T18:00:33.995260+00:00	c80edb9f8bf5a1cab1d1d18cea496284e19f4b74aa6d917ca5cbf29342c982a9	
step10_candidate_family_phylogenetics/run_18274798/trees/gastropoda/OG0000104/gene_tree_supported.iqtree	file	23741	2026-08-06T18:00:34.005617+00:00	fdd5a6129e4a353799233ca1b7bf46c037eca91bd2e50fec5249fa766ba3c026	
step10_candidate_family_phylogenetics/run_18274798/trees/gastropoda/OG0000104/gene_tree_supported.log	file	12520	2026-08-06T18:00:34.036188+00:00	52acb14009259043a8f8df965304432d4c3dbe47b26b3e54b48ec30ecde8a0bf	
step10_candidate_family_phylogenetics/run_18274798/trees/gastropoda/OG0000104/gene_tree_supported.mldist	file	11043	2026-08-06T17:59:31.973123+00:00	0ab17ccc045f8233ab5b1b37d020de3943e91f15ad1c81a393f079539adfcd72	
step10_candidate_family_phylogenetics/run_18274798/trees/gastropoda/OG0000104/gene_tree_supported.model.gz	file	3975	2026-08-06T17:59:31.222555+00:00	ad77a4afeb16435bcb4956367769f10ebf7761df0b599f56c1099fcf601895a4	
step10_candidate_family_phylogenetics/run_18274798/trees/gastropoda/OG0000104/gene_tree_supported.splits.nex	file	11693	2026-08-06T18:00:33.756755+00:00	3bd382ef9b570c301c8af7e41270006222117c4fc45400f938e88d078eb9c47a	
step10_candidate_family_phylogenetics/run_18274798/trees/gastropoda/OG0000104/gene_tree_supported.treefile	file	2124	2026-08-06T18:00:33.995716+00:00	9117447960ea53fbacf6f90c6bbebe232a0c1aa41272ea1b80c17ba98dd3579f	
step10_candidate_family_phylogenetics/run_18274798/trees/gastropoda/OG0000104/iqtree_supported.stderr	file	0	2026-08-06T17:59:04.868217+00:00	e3b0c44298fc1c149afbf4c8996fb92427ae41e4649b934ca495991b7852b855	
step10_candidate_family_phylogenetics/run_18274798/trees/gastropoda/OG0000104/iqtree_supported.stdout	file	12520	2026-08-06T18:00:34.036176+00:00	52acb14009259043a8f8df965304432d4c3dbe47b26b3e54b48ec30ecde8a0bf	
step10_candidate_family_phylogenetics/run_18274798/trees/gastropoda/OG0000104/mafft.log	file	59958	2026-08-06T17:59:04.847497+00:00	46611881bf6a9201cfd088d9820d0ba7dab9e7015a6b216e5b8236763d9cebae	
step10_candidate_family_phylogenetics/run_18274798/trees/gastropoda/OG0000104/task_metadata.tsv	file	81	2026-08-06T18:00:34.058516+00:00	feebb211e02e09421aae87d06e0b458b7d80820b15d25aadfcbe2f5fa648ec8d	
step10_candidate_family_phylogenetics/run_18274798/trees/gastropoda/OG0000104/trimal.log	file	0	2026-08-06T17:59:04.854410+00:00	e3b0c44298fc1c149afbf4c8996fb92427ae41e4649b934ca495991b7852b855	
step10_candidate_family_phylogenetics/run_18274798/trees/gastropoda/OG0000104/trimmed.faa	file	21035	2026-08-06T17:59:04.866497+00:00	e59f14f30d921cb65176c01d571e242f6e4ab6aac9d707141199128503640950	
step10_candidate_family_phylogenetics/run_18274798/trees/gastropoda/OG0000107/COMPLETE	file	27	2026-08-06T17:52:49.438929+00:00	1fecf50f36263796c0c1868f34fddb557f7162ad8820ce6a7531220c30c8e049	
step10_candidate_family_phylogenetics/run_18274798/trees/gastropoda/OG0000107/SUPPORT_MODE	file	20	2026-08-06T17:52:49.438170+00:00	e0e15824ca92202c34b8cb97bbd9579641d13bb5b772586ef14fdd2a190b6c6c	
step10_candidate_family_phylogenetics/run_18274798/trees/gastropoda/OG0000107/TREE_PREFIX	file	164	2026-08-06T17:52:49.437757+00:00	b559906103c57ebe1d6200454a4e6fc0ec79a5960b604c22f8f333aa6aca9f4a	
step10_candidate_family_phylogenetics/run_18274798/trees/gastropoda/OG0000107/TRIM_FALLBACK	file	70	2026-08-06T17:24:28.415819+00:00	b8f895d37a918cc5c47326d96812f1c592fbede774d759565a9bb9b1ccf78db4	
step10_candidate_family_phylogenetics/run_18274798/trees/gastropoda/OG0000107/aligned.faa	file	155781	2026-08-06T17:24:28.269674+00:00	ee87e5d02ca50e41f895d7c6d255de7841e3e51cee73abeff0b97ed9a42d4359	
step10_candidate_family_phylogenetics/run_18274798/trees/gastropoda/OG0000107/gene_tree_supported.bionj	file	3514	2026-08-06T17:27:43.152194+00:00	3078ad35627f0d6345c5e9a8715ea171f3fd6292e4c54b500877a8fe3926bf49	
step10_candidate_family_phylogenetics/run_18274798/trees/gastropoda/OG0000107/gene_tree_supported.ckp.gz	file	82430	2026-08-06T17:52:49.386115+00:00	52bfbb66dd03fe799a2fff66e927cf4059657d9b4ebb0dbf13f9b9371eca71c6	
step10_candidate_family_phylogenetics/run_18274798/trees/gastropoda/OG0000107/gene_tree_supported.contree	file	3814	2026-08-06T17:52:49.332443+00:00	f56651da22843edb99d447f306bfb84ec529ef305da9fd1afbb752d7be52c2f1	
step10_candidate_family_phylogenetics/run_18274798/trees/gastropoda/OG0000107/gene_tree_supported.iqtree	file	36915	2026-08-06T17:52:49.348731+00:00	4f5e6b2a4b2122b3c28c5f383329abe59df68dd3a193afe0de3857d522604dec	
step10_candidate_family_phylogenetics/run_18274798/trees/gastropoda/OG0000107/gene_tree_supported.log	file	16940	2026-08-06T17:52:49.391507+00:00	10d35f621c8dab3c9c9c6cfaab0c6e9242affbc0c961086ee01ff56d2ef3a477	
step10_candidate_family_phylogenetics/run_18274798/trees/gastropoda/OG0000107/gene_tree_supported.mldist	file	35115	2026-08-06T17:27:43.152988+00:00	bd389eee51be39a55bfab6ba21e57233bc00a626a8f7d571aa82cd936f64590b	
step10_candidate_family_phylogenetics/run_18274798/trees/gastropoda/OG0000107/gene_tree_supported.model.gz	file	5520	2026-08-06T17:27:39.305862+00:00	69e63b2be6da4ade7e6783a848b7b1a68445876200e18da161f6be952ff85bab	
step10_candidate_family_phylogenetics/run_18274798/trees/gastropoda/OG0000107/gene_tree_supported.splits.nex	file	13330	2026-08-06T17:52:45.779290+00:00	57f241f4b6399a9103ddc58a8290751fb1633c29391bd972dba1baafae128c94	
step10_candidate_family_phylogenetics/run_18274798/trees/gastropoda/OG0000107/gene_tree_supported.treefile	file	4061	2026-08-06T17:52:49.333439+00:00	ee2ed4ed08b41a202406a4e63965885cbcda7d3c2529e57286fff6cdc69787c7	
step10_candidate_family_phylogenetics/run_18274798/trees/gastropoda/OG0000107/iqtree_supported.stderr	file	0	2026-08-06T17:24:28.417096+00:00	e3b0c44298fc1c149afbf4c8996fb92427ae41e4649b934ca495991b7852b855	
step10_candidate_family_phylogenetics/run_18274798/trees/gastropoda/OG0000107/iqtree_supported.stdout	file	16940	2026-08-06T17:52:49.391485+00:00	10d35f621c8dab3c9c9c6cfaab0c6e9242affbc0c961086ee01ff56d2ef3a477	
step10_candidate_family_phylogenetics/run_18274798/trees/gastropoda/OG0000107/mafft.log	file	50421	2026-08-06T17:24:27.921326+00:00	659d6c0b9656ab1fff4cad3c1fe19215a6b9125e904165bcb33825d8079d8793	
step10_candidate_family_phylogenetics/run_18274798/trees/gastropoda/OG0000107/task_metadata.tsv	file	80	2026-08-06T17:52:49.438687+00:00	f6c441b42e619a1b16a9116799b63457d5c647200aaefd05e59c4b1bd0c81c83	
step10_candidate_family_phylogenetics/run_18274798/trees/gastropoda/OG0000107/trimal.log	file	766	2026-08-06T17:24:28.406080+00:00	9692e5a6bdddc00ff699818d0659f8ba4586bb555d84f8becfc43beec3e9a732	
step10_candidate_family_phylogenetics/run_18274798/trees/gastropoda/OG0000107/trimmed.faa	file	155781	2026-08-06T17:24:28.414953+00:00	ee87e5d02ca50e41f895d7c6d255de7841e3e51cee73abeff0b97ed9a42d4359	
step10_candidate_family_phylogenetics/run_18274798/trees/gastropoda/OG0000111/COMPLETE	file	27	2026-08-06T18:04:23.603201+00:00	1fecf50f36263796c0c1868f34fddb557f7162ad8820ce6a7531220c30c8e049	
step10_candidate_family_phylogenetics/run_18274798/trees/gastropoda/OG0000111/SUPPORT_MODE	file	20	2026-08-06T18:04:23.602544+00:00	e0e15824ca92202c34b8cb97bbd9579641d13bb5b772586ef14fdd2a190b6c6c	
step10_candidate_family_phylogenetics/run_18274798/trees/gastropoda/OG0000111/TREE_PREFIX	file	164	2026-08-06T18:04:23.601950+00:00	640f21e27f14419e45bd7cb5c5448a8aaf9cae03d0ee85a5b9d967b098067fe0	
step10_candidate_family_phylogenetics/run_18274798/trees/gastropoda/OG0000111/aligned.faa	file	66684	2026-08-06T18:04:08.320224+00:00	c54e2d7d69fa8551fafa16ec63ae7991f3cca187c640a18a18dc313959e6e89a	
step10_candidate_family_phylogenetics/run_18274798/trees/gastropoda/OG0000111/gene_tree_supported.bionj	file	1582	2026-08-06T18:04:09.875935+00:00	e50c9910b9da3ecd4fa321e63ae2e60a4537c50a3e45b8b23d12e9f906063370	
step10_candidate_family_phylogenetics/run_18274798/trees/gastropoda/OG0000111/gene_tree_supported.ckp.gz	file	49771	2026-08-06T18:04:23.597821+00:00	aa3bee877566480a2f7caff2bbd3d1df2dec9c9ea0bf354c61a4cf5717136206	
step10_candidate_family_phylogenetics/run_18274798/trees/gastropoda/OG0000111/gene_tree_supported.contree	file	1715	2026-08-06T18:04:23.582677+00:00	5dedc3e85e5f790ac785c7adf5fefd1179a3940801ee77d89f95a80294d00881	
step10_candidate_family_phylogenetics/run_18274798/trees/gastropoda/OG0000111/gene_tree_supported.iqtree	file	22453	2026-08-06T18:04:23.593203+00:00	3a7cc2fd661b825455fd11dbc3a575c7539073e5f0bb1a99553a2a23b66817e1	
step10_candidate_family_phylogenetics/run_18274798/trees/gastropoda/OG0000111/gene_tree_supported.log	file	19400	2026-08-06T18:04:23.599333+00:00	f1e44c8c9da40f10a116a806d9f6ea62126dc36cbe24f7b4d5203b9cece4e1a8	
step10_candidate_family_phylogenetics/run_18274798/trees/gastropoda/OG0000111/gene_tree_supported.mldist	file	8505	2026-08-06T18:04:09.876311+00:00	6932d65186859391aad288f03e67fd9e655dbb6ef694dee679b38bbf6f4cc26f	
step10_candidate_family_phylogenetics/run_18274798/trees/gastropoda/OG0000111/gene_tree_supported.model.gz	file	3259	2026-08-06T18:04:09.776329+00:00	06b5e2e448ab7069f56ec59cb5dbcd853c94582cdd8f03c042b21ae40be416be	
step10_candidate_family_phylogenetics/run_18274798/trees/gastropoda/OG0000111/gene_tree_supported.splits.nex	file	6418	2026-08-06T18:04:23.532043+00:00	1ab08df56c3de9d08fe65e8954c787c149cf6b0fcb471f79475b713e97f7535c	
step10_candidate_family_phylogenetics/run_18274798/trees/gastropoda/OG0000111/gene_tree_supported.treefile	file	1810	2026-08-06T18:04:23.583196+00:00	79e16d1297ff1f67f0928042794c23c843044b67c769e05fbab548030a3a6b19	
step10_candidate_family_phylogenetics/run_18274798/trees/gastropoda/OG0000111/iqtree_supported.stderr	file	0	2026-08-06T18:04:08.344567+00:00	e3b0c44298fc1c149afbf4c8996fb92427ae41e4649b934ca495991b7852b855	
step10_candidate_family_phylogenetics/run_18274798/trees/gastropoda/OG0000111/iqtree_supported.stdout	file	19400	2026-08-06T18:04:23.599320+00:00	f1e44c8c9da40f10a116a806d9f6ea62126dc36cbe24f7b4d5203b9cece4e1a8	
step10_candidate_family_phylogenetics/run_18274798/trees/gastropoda/OG0000111/mafft.log	file	22347	2026-08-06T18:04:08.314945+00:00	648bd200ca7c9a67ae52b17e7e7aec0dbc46b0f90a45ac221bfc3158a5b7d5c8	
step10_candidate_family_phylogenetics/run_18274798/trees/gastropoda/OG0000111/task_metadata.tsv	file	81	2026-08-06T18:04:23.602971+00:00	2114672ca1aad63e3ba1113ab919a5b55d6b620ce7840eaa0fd004cf8f360d81	
step10_candidate_family_phylogenetics/run_18274798/trees/gastropoda/OG0000111/trimal.log	file	0	2026-08-06T18:04:08.324950+00:00	e3b0c44298fc1c149afbf4c8996fb92427ae41e4649b934ca495991b7852b855	
step10_candidate_family_phylogenetics/run_18274798/trees/gastropoda/OG0000111/trimmed.faa	file	2074	2026-08-06T18:04:08.338219+00:00	60111f0f89cd3b564e2d573be659a32557469643319ed748421659f705b268ee	
step10_candidate_family_phylogenetics/run_18274798/trees/gastropoda/OG0000113/COMPLETE	file	27	2026-08-06T17:21:34.784012+00:00	1fecf50f36263796c0c1868f34fddb557f7162ad8820ce6a7531220c30c8e049	
step10_candidate_family_phylogenetics/run_18274798/trees/gastropoda/OG0000113/SUPPORT_MODE	file	20	2026-08-06T17:21:34.783170+00:00	e0e15824ca92202c34b8cb97bbd9579641d13bb5b772586ef14fdd2a190b6c6c	
step10_candidate_family_phylogenetics/run_18274798/trees/gastropoda/OG0000113/TREE_PREFIX	file	164	2026-08-06T17:21:34.782709+00:00	f30d470b7aa9053807e982f8dc4019e0e9ef82470371656ea37eba3a95b5d0ed	
step10_candidate_family_phylogenetics/run_18274798/trees/gastropoda/OG0000113/aligned.faa	file	25132	2026-08-06T17:19:02.251299+00:00	439d879ed0078e533dc77cb0ace9482f310aad8a5258c8694fb65519387ac640	
step10_candidate_family_phylogenetics/run_18274798/trees/gastropoda/OG0000113/gene_tree_supported.bionj	file	1928	2026-08-06T17:19:23.375045+00:00	0168b0a5c274df36c64c744666edf138969bf3723691ad5f6823d27566fb0f8b	
step10_candidate_family_phylogenetics/run_18274798/trees/gastropoda/OG0000113/gene_tree_supported.ckp.gz	file	76916	2026-08-06T17:21:34.730133+00:00	5f99b38df75630ad1540df79f2d7bce98dee9402f36b5352f3d38aa7e6db9b03	
step10_candidate_family_phylogenetics/run_18274798/trees/gastropoda/OG0000113/gene_tree_supported.contree	file	2075	2026-08-06T17:21:34.707332+00:00	41fdd6d94c2be3e84b6f8d522079e684c4f48cbfb10318d4f3a5c5664f6870f2	
step10_candidate_family_phylogenetics/run_18274798/trees/gastropoda/OG0000113/gene_tree_supported.iqtree	file	24041	2026-08-06T17:21:34.723366+00:00	268a3ae285904495947b6b423406e767e53bf5daa945f6fb680d8441acfec23a	
step10_candidate_family_phylogenetics/run_18274798/trees/gastropoda/OG0000113/gene_tree_supported.log	file	13683	2026-08-06T17:21:34.732955+00:00	4c37215b2becd8112e6adcc4ac03f6b8fd0642b03521a584302c41345f7e6802	
step10_candidate_family_phylogenetics/run_18274798/trees/gastropoda/OG0000113/gene_tree_supported.mldist	file	11013	2026-08-06T17:19:23.374849+00:00	1c492883a507b40ebc77621f5c0f1f116c95ec5ae48df80a2ddfc84441d47052	
step10_candidate_family_phylogenetics/run_18274798/trees/gastropoda/OG0000113/gene_tree_supported.model.gz	file	3418	2026-08-06T17:19:22.970350+00:00	c721724c000a9091e8c0d4829e1146d694c29913ba8dc0d97a8651b434fe37e0	
step10_candidate_family_phylogenetics/run_18274798/trees/gastropoda/OG0000113/gene_tree_supported.splits.nex	file	16638	2026-08-06T17:21:34.447072+00:00	4ec3b534dc266cfd981f9847732851d5f208669557ddca7f28ccad3f1ea54e37	
step10_candidate_family_phylogenetics/run_18274798/trees/gastropoda/OG0000113/gene_tree_supported.treefile	file	2200	2026-08-06T17:21:34.707858+00:00	62bc3f66cf8251890cd52e4590f60c95fe43db28f6f0a1b8d6aee2c4149638ce	
step10_candidate_family_phylogenetics/run_18274798/trees/gastropoda/OG0000113/iqtree_supported.stderr	file	0	2026-08-06T17:19:02.293014+00:00	e3b0c44298fc1c149afbf4c8996fb92427ae41e4649b934ca495991b7852b855	
step10_candidate_family_phylogenetics/run_18274798/trees/gastropoda/OG0000113/iqtree_supported.stdout	file	13683	2026-08-06T17:21:34.732941+00:00	4c37215b2becd8112e6adcc4ac03f6b8fd0642b03521a584302c41345f7e6802	
step10_candidate_family_phylogenetics/run_18274798/trees/gastropoda/OG0000113/mafft.log	file	12738	2026-08-06T17:19:02.244980+00:00	8bcb77d83bf84a92cb3449068d17209b8b03fe76d43f3b44c8ff7ea223748b82	
step10_candidate_family_phylogenetics/run_18274798/trees/gastropoda/OG0000113/task_metadata.tsv	file	80	2026-08-06T17:21:34.783687+00:00	49c48481ee6985f0419fbb939a724355d76a51883c5a0c40656d7efdfe4a1b36	
step10_candidate_family_phylogenetics/run_18274798/trees/gastropoda/OG0000113/trimal.log	file	0	2026-08-06T17:19:02.255119+00:00	e3b0c44298fc1c149afbf4c8996fb92427ae41e4649b934ca495991b7852b855	
step10_candidate_family_phylogenetics/run_18274798/trees/gastropoda/OG0000113/trimmed.faa	file	22192	2026-08-06T17:19:02.286401+00:00	a8c3bf35bf18c3c783aab61d1280ebb9eb3e3afa5c64e7065ed33230bed59b9e	
step10_candidate_family_phylogenetics/run_18274798/trees/gastropoda/OG0000117/COMPLETE	file	27	2026-08-06T17:49:57.319258+00:00	1fecf50f36263796c0c1868f34fddb557f7162ad8820ce6a7531220c30c8e049	
step10_candidate_family_phylogenetics/run_18274798/trees/gastropoda/OG0000117/SUPPORT_MODE	file	20	2026-08-06T17:49:57.318570+00:00	e0e15824ca92202c34b8cb97bbd9579641d13bb5b772586ef14fdd2a190b6c6c	
step10_candidate_family_phylogenetics/run_18274798/trees/gastropoda/OG0000117/TREE_PREFIX	file	164	2026-08-06T17:49:57.318141+00:00	9bb4e95fff4a7eb62ea472c737278eb3d4f3a1366c1ca3f5295faa5e9f932341	
step10_candidate_family_phylogenetics/run_18274798/trees/gastropoda/OG0000117/aligned.faa	file	100933	2026-08-06T17:49:09.922190+00:00	1cbeac4e4dcabb79373b1d62edd80b2bbac2fa54d8a22b1413f49dc8fb32c924	
step10_candidate_family_phylogenetics/run_18274798/trees/gastropoda/OG0000117/gene_tree_supported.bionj	file	2442	2026-08-06T17:49:17.250100+00:00	9fb5e17372ee5223df5cf753cf5f5c599a2bc1f59e63c045e36f9f42ce3c65a4	
step10_candidate_family_phylogenetics/run_18274798/trees/gastropoda/OG0000117/gene_tree_supported.ckp.gz	file	76906	2026-08-06T17:49:57.313138+00:00	2da576d2df2d491f6bfea3a37b4db6659a3847024d7f2ee98f0ed8ae54f84429	
step10_candidate_family_phylogenetics/run_18274798/trees/gastropoda/OG0000117/gene_tree_supported.contree	file	2651	2026-08-06T17:49:57.292898+00:00	70ad06bd10e75f008148646fb2c5dea33af5284edadfb89350742035decfd0f5	
step10_candidate_family_phylogenetics/run_18274798/trees/gastropoda/OG0000117/gene_tree_supported.iqtree	file	25920	2026-08-06T17:49:57.306615+00:00	05c98746ff70b905f562beead2f39a24606cc0cf134c93e2fe64e0e1712cd148	
step10_candidate_family_phylogenetics/run_18274798/trees/gastropoda/OG0000117/gene_tree_supported.log	file	14501	2026-08-06T17:49:57.315077+00:00	c6d7ecad3f3b7ed979f7678fe3766c91f59a93672cf27a073d856f004b3c579a	
step10_candidate_family_phylogenetics/run_18274798/trees/gastropoda/OG0000117/gene_tree_supported.mldist	file	18723	2026-08-06T17:49:17.250680+00:00	0a84295f978582c289740deab4ceddd5fe1f8ef60d0fb4a824cef6ff13775f55	
step10_candidate_family_phylogenetics/run_18274798/trees/gastropoda/OG0000117/gene_tree_supported.model.gz	file	4233	2026-08-06T17:49:17.055231+00:00	740be944e829b4f5bfcbc9705bdc339a42cd79ce19840effb1ae51d4d1bbce41	
step10_candidate_family_phylogenetics/run_18274798/trees/gastropoda/OG0000117/gene_tree_supported.splits.nex	file	16861	2026-08-06T17:49:57.130521+00:00	213b0dc43fdf45df51f6c038b5f4f74f7a994d7699915be99a2ce7b12d8993e0	
step10_candidate_family_phylogenetics/run_18274798/trees/gastropoda/OG0000117/gene_tree_supported.treefile	file	2817	2026-08-06T17:49:57.293469+00:00	66f217e67285c85b08b8573b3f6d2da9b8d1aeeb5e21fa27fb41520071390330	
step10_candidate_family_phylogenetics/run_18274798/trees/gastropoda/OG0000117/iqtree_supported.stderr	file	0	2026-08-06T17:49:10.666944+00:00	e3b0c44298fc1c149afbf4c8996fb92427ae41e4649b934ca495991b7852b855	
step10_candidate_family_phylogenetics/run_18274798/trees/gastropoda/OG0000117/iqtree_supported.stdout	file	14501	2026-08-06T17:49:57.315062+00:00	c6d7ecad3f3b7ed979f7678fe3766c91f59a93672cf27a073d856f004b3c579a	
step10_candidate_family_phylogenetics/run_18274798/trees/gastropoda/OG0000117/mafft.log	file	28929	2026-08-06T17:49:09.916486+00:00	66c3129d1b301ec98871c93e1e741c97322a37eaf30cdd85ed54827f697a9006	
step10_candidate_family_phylogenetics/run_18274798/trees/gastropoda/OG0000117/task_metadata.tsv	file	81	2026-08-06T17:49:57.318950+00:00	0b347629a55a3c5817df2d048d86758f990acf336b88775e566796e574740c22	
step10_candidate_family_phylogenetics/run_18274798/trees/gastropoda/OG0000117/trimal.log	file	0	2026-08-06T17:49:09.930908+00:00	e3b0c44298fc1c149afbf4c8996fb92427ae41e4649b934ca495991b7852b855	
step10_candidate_family_phylogenetics/run_18274798/trees/gastropoda/OG0000117/trimmed.faa	file	9493	2026-08-06T17:49:10.325609+00:00	71d2332ed9d175a26e31be6e44dcbcb87b4267576154d5f0fd20fd356c473e4c	
step10_candidate_family_phylogenetics/run_18274798/trees/gastropoda/OG0000121/COMPLETE	file	27	2026-08-06T17:34:44.370554+00:00	1fecf50f36263796c0c1868f34fddb557f7162ad8820ce6a7531220c30c8e049	
step10_candidate_family_phylogenetics/run_18274798/trees/gastropoda/OG0000121/SUPPORT_MODE	file	20	2026-08-06T17:34:44.369903+00:00	e0e15824ca92202c34b8cb97bbd9579641d13bb5b772586ef14fdd2a190b6c6c	
step10_candidate_family_phylogenetics/run_18274798/trees/gastropoda/OG0000121/TREE_PREFIX	file	164	2026-08-06T17:34:44.369565+00:00	c17764680731bc989a6fa561fa535971d206424eeeb08a568138f65f5de711d8	
step10_candidate_family_phylogenetics/run_18274798/trees/gastropoda/OG0000121/aligned.faa	file	26966	2026-08-06T17:34:00.754287+00:00	78195cf3eaae833bac34193b1662c9028f7a4ee09084be55ed8a1d22c933743b	
step10_candidate_family_phylogenetics/run_18274798/trees/gastropoda/OG0000121/gene_tree_supported.bionj	file	2029	2026-08-06T17:34:04.799817+00:00	19fe89590f6423bfe9dda7da0970a4c30f0b654343397678558cea64627ec390	
step10_candidate_family_phylogenetics/run_18274798/trees/gastropoda/OG0000121/gene_tree_supported.ckp.gz	file	58171	2026-08-06T17:34:44.365837+00:00	1d82f3fd33ff112e6e2b4e95379f22908d5d7689d6bea12f80cd128d9c66ef2f	
step10_candidate_family_phylogenetics/run_18274798/trees/gastropoda/OG0000121/gene_tree_supported.contree	file	2203	2026-08-06T17:34:44.351045+00:00	457c79503d3b28d01c7707e07876bc1f4197b6da0914b6e0d913e7a0bddc0496	
step10_candidate_family_phylogenetics/run_18274798/trees/gastropoda/OG0000121/gene_tree_supported.iqtree	file	23665	2026-08-06T17:34:44.361441+00:00	1fc242161cc90d474ce3ff55e0232b3fe6c8544dfc159c86616aa6a42bb76784	
step10_candidate_family_phylogenetics/run_18274798/trees/gastropoda/OG0000121/gene_tree_supported.log	file	12712	2026-08-06T17:34:44.367278+00:00	9309b1eb6fcd64fb6010fd7e4109dc96b79174a059fb3a0675619facb9a8f3ea	
step10_candidate_family_phylogenetics/run_18274798/trees/gastropoda/OG0000121/gene_tree_supported.mldist	file	13841	2026-08-06T17:34:04.799712+00:00	ad9c95684e7dc4fdabcb58732ba54960d6dcba166460295e220368ee7dfaf786	
step10_candidate_family_phylogenetics/run_18274798/trees/gastropoda/OG0000121/gene_tree_supported.model.gz	file	3278	2026-08-06T17:34:04.594127+00:00	9ede51d646ea4b2991364a81a077417ee31c3c5bf6caf5a60508fbbbe8ead55c	
step10_candidate_family_phylogenetics/run_18274798/trees/gastropoda/OG0000121/gene_tree_supported.splits.nex	file	12904	2026-08-06T17:34:44.206705+00:00	ea32a71bc659ca69b90f19a6b6eb772d1f3198c9671350da2be9176a31587764	
step10_candidate_family_phylogenetics/run_18274798/trees/gastropoda/OG0000121/gene_tree_supported.treefile	file	2343	2026-08-06T17:34:44.351539+00:00	89200eaa0992b217576ae0361d8eb81aa3bed62e1fe9442e696acb69b827eab3	
step10_candidate_family_phylogenetics/run_18274798/trees/gastropoda/OG0000121/iqtree_supported.stderr	file	0	2026-08-06T17:34:00.770669+00:00	e3b0c44298fc1c149afbf4c8996fb92427ae41e4649b934ca495991b7852b855	
step10_candidate_family_phylogenetics/run_18274798/trees/gastropoda/OG0000121/iqtree_supported.stdout	file	12712	2026-08-06T17:34:44.367264+00:00	9309b1eb6fcd64fb6010fd7e4109dc96b79174a059fb3a0675619facb9a8f3ea	
step10_candidate_family_phylogenetics/run_18274798/trees/gastropoda/OG0000121/mafft.log	file	19052	2026-08-06T17:34:00.750338+00:00	668b25831869c74d916ec57de0b3c52edde42b468ea6cb728a62c47ac000a611	
step10_candidate_family_phylogenetics/run_18274798/trees/gastropoda/OG0000121/task_metadata.tsv	file	80	2026-08-06T17:34:44.370230+00:00	d7b2dca09d4ee6a862f6fc65e772ffd7ce16baa00a3e4810a6bbf64abb06488f	
step10_candidate_family_phylogenetics/run_18274798/trees/gastropoda/OG0000121/trimal.log	file	0	2026-08-06T17:34:00.756818+00:00	e3b0c44298fc1c149afbf4c8996fb92427ae41e4649b934ca495991b7852b855	
step10_candidate_family_phylogenetics/run_18274798/trees/gastropoda/OG0000121/trimmed.faa	file	6464	2026-08-06T17:34:00.765158+00:00	d98af5a5bd8ccb57ee497c973067afeb1c5da53ca26b16ac65c9c4d076ec430f	
step10_candidate_family_phylogenetics/run_18274798/trees/gastropoda/OG0000122/COMPLETE	file	27	2026-08-06T18:16:06.863518+00:00	1fecf50f36263796c0c1868f34fddb557f7162ad8820ce6a7531220c30c8e049	
step10_candidate_family_phylogenetics/run_18274798/trees/gastropoda/OG0000122/SUPPORT_MODE	file	20	2026-08-06T18:16:06.862875+00:00	e0e15824ca92202c34b8cb97bbd9579641d13bb5b772586ef14fdd2a190b6c6c	
step10_candidate_family_phylogenetics/run_18274798/trees/gastropoda/OG0000122/TREE_PREFIX	file	164	2026-08-06T18:16:06.862514+00:00	ca25f4ef9c9bbcef7d1801d09aa2367b0bf6fe02d8e2f08b15f776eb378abf75	
step10_candidate_family_phylogenetics/run_18274798/trees/gastropoda/OG0000122/aligned.faa	file	70148	2026-08-06T18:14:09.543331+00:00	78b6055ac2ab2dd999a1b991a6b81e0e2113c3b8c134954cf4ecc187790724e9	
step10_candidate_family_phylogenetics/run_18274798/trees/gastropoda/OG0000122/gene_tree_supported.bionj	file	3672	2026-08-06T18:14:43.575577+00:00	cd2c85824593d402ea37f91f083e097fca61e59f796aad0c1e89b4838cbbfac1	
step10_candidate_family_phylogenetics/run_18274798/trees/gastropoda/OG0000122/gene_tree_supported.ckp.gz	file	65253	2026-08-06T18:16:06.826718+00:00	22b8653445d93b9799f4e308cd51a414a302ecfb094825e4283bc6b4508d7a07	
step10_candidate_family_phylogenetics/run_18274798/trees/gastropoda/OG0000122/gene_tree_supported.contree	file	4004	2026-08-06T18:16:06.811114+00:00	9c6136318535f3f7bb88c6cf84225933c4346832f7817e1ba7c4e11ee9acf96d	
step10_candidate_family_phylogenetics/run_18274798/trees/gastropoda/OG0000122/gene_tree_supported.iqtree	file	36524	2026-08-06T18:16:06.821863+00:00	ca259fa74030910994a4b838a3457f571682fdd8a54ee0d3801e2b1aa5446315	
step10_candidate_family_phylogenetics/run_18274798/trees/gastropoda/OG0000122/gene_tree_supported.log	file	15308	2026-08-06T18:16:06.828181+00:00	d4a65b4c6ccfb97272bde5d2cc54357e39401fcbb693bf0b72fc8f2287e4b8f3	
step10_candidate_family_phylogenetics/run_18274798/trees/gastropoda/OG0000122/gene_tree_supported.mldist	file	41239	2026-08-06T18:14:43.574800+00:00	609e37943a0bc925e8b84eacfae3ba255c15f5acbb9c57757bbc5890ad85eeb5	
step10_candidate_family_phylogenetics/run_18274798/trees/gastropoda/OG0000122/gene_tree_supported.model.gz	file	4890	2026-08-06T18:14:42.727376+00:00	c2aa90cae8b043beacc02fb9ebbd796066ce83e8fb3c121a2aa22ddf0f19f70c	
step10_candidate_family_phylogenetics/run_18274798/trees/gastropoda/OG0000122/gene_tree_supported.splits.nex	file	7484	2026-08-06T18:16:06.520380+00:00	b68bed74ea4907a559ac4d4e7419b18b6904ad0729c6b40a0ec85792c79a741f	
step10_candidate_family_phylogenetics/run_18274798/trees/gastropoda/OG0000122/gene_tree_supported.treefile	file	4277	2026-08-06T18:16:06.811904+00:00	841fd9b212720530d48c0ab3cfc27aae735a4bc23f387c29deb9528f30dba53a	
step10_candidate_family_phylogenetics/run_18274798/trees/gastropoda/OG0000122/iqtree_supported.stderr	file	0	2026-08-06T18:14:09.716229+00:00	e3b0c44298fc1c149afbf4c8996fb92427ae41e4649b934ca495991b7852b855	
step10_candidate_family_phylogenetics/run_18274798/trees/gastropoda/OG0000122/iqtree_supported.stdout	file	15308	2026-08-06T18:16:06.828172+00:00	d4a65b4c6ccfb97272bde5d2cc54357e39401fcbb693bf0b72fc8f2287e4b8f3	
step10_candidate_family_phylogenetics/run_18274798/trees/gastropoda/OG0000122/mafft.log	file	50700	2026-08-06T18:14:09.538874+00:00	1203b051c660a21e8d06e065abf3a4ec83c5970b2774be939fc55c4ee49ec646	
step10_candidate_family_phylogenetics/run_18274798/trees/gastropoda/OG0000122/task_metadata.tsv	file	81	2026-08-06T18:16:06.863273+00:00	f1da03ac48b08558f6a6941adf3ba083d212ee756952b99187f9a9d63797abc8	
step10_candidate_family_phylogenetics/run_18274798/trees/gastropoda/OG0000122/trimal.log	file	0	2026-08-06T18:14:09.546330+00:00	e3b0c44298fc1c149afbf4c8996fb92427ae41e4649b934ca495991b7852b855	
step10_candidate_family_phylogenetics/run_18274798/trees/gastropoda/OG0000122/trimmed.faa	file	26106	2026-08-06T18:14:09.707224+00:00	8f819a4a85a2cca4f84bf0c5073536e67729274294e7e24cc2598431abcc1db0	
step10_candidate_family_phylogenetics/run_18274798/trees/gastropoda/OG0000123/COMPLETE	file	27	2026-08-06T17:29:16.984031+00:00	1fecf50f36263796c0c1868f34fddb557f7162ad8820ce6a7531220c30c8e049	
step10_candidate_family_phylogenetics/run_18274798/trees/gastropoda/OG0000123/SUPPORT_MODE	file	20	2026-08-06T17:29:16.983486+00:00	e0e15824ca92202c34b8cb97bbd9579641d13bb5b772586ef14fdd2a190b6c6c	
step10_candidate_family_phylogenetics/run_18274798/trees/gastropoda/OG0000123/TREE_PREFIX	file	164	2026-08-06T17:29:16.983125+00:00	282294411e34221aa056dea33e0e0073fab52c445c4f50d1639d94ff996ea1cd	
step10_candidate_family_phylogenetics/run_18274798/trees/gastropoda/OG0000123/aligned.faa	file	66130	2026-08-06T17:29:01.860623+00:00	c5d910b042a57ce465f6f940b7b93bbff6134e8b0b4e848be86d10346855a7d3	
step10_candidate_family_phylogenetics/run_18274798/trees/gastropoda/OG0000123/gene_tree_supported.bionj	file	1448	2026-08-06T17:29:02.966146+00:00	3191dd987b0ba600e4dcda308a4ec4faa7a076fc4e4ded1dc608ed1662e1863f	
step10_candidate_family_phylogenetics/run_18274798/trees/gastropoda/OG0000123/gene_tree_supported.ckp.gz	file	60825	2026-08-06T17:29:16.979173+00:00	b9f9dc21ae19df87d6ce51c152d7cab5aef44f7e004c83b161ef2220f40830b6	
step10_candidate_family_phylogenetics/run_18274798/trees/gastropoda/OG0000123/gene_tree_supported.contree	file	1628	2026-08-06T17:29:16.960450+00:00	24ad2ccd6203c929a9bcc681a124f08796a08d55d66702d9dded285072f7ecb9	
step10_candidate_family_phylogenetics/run_18274798/trees/gastropoda/OG0000123/gene_tree_supported.iqtree	file	20903	2026-08-06T17:29:16.973682+00:00	d955648895910fe71ead955fbfd5e69565d49e089b37410582d068e9e2f03bfc	
step10_candidate_family_phylogenetics/run_18274798/trees/gastropoda/OG0000123/gene_tree_supported.log	file	21599	2026-08-06T17:29:16.981208+00:00	20fd1757e666905c28612c404982d992e2baab3fe64799fa8b8a644a044e4c49	
step10_candidate_family_phylogenetics/run_18274798/trees/gastropoda/OG0000123/gene_tree_supported.mldist	file	8505	2026-08-06T17:29:02.966563+00:00	cda34c395b94463fd39450f65e8b062878d5144643756dd234d53f439b6d0ffa	
step10_candidate_family_phylogenetics/run_18274798/trees/gastropoda/OG0000123/gene_tree_supported.model.gz	file	2803	2026-08-06T17:29:02.923068+00:00	d97080227112caa9b3d17f51c2320cddbe1b0f6af8628dea13c3685d884a555b	
step10_candidate_family_phylogenetics/run_18274798/trees/gastropoda/OG0000123/gene_tree_supported.splits.nex	file	9064	2026-08-06T17:29:16.922842+00:00	80e335bca1908e6ac23bef3f1756b839f8f97100a68ce7037b4d5706cef3588c	
step10_candidate_family_phylogenetics/run_18274798/trees/gastropoda/OG0000123/gene_tree_supported.treefile	file	1726	2026-08-06T17:29:16.974217+00:00	889c2fa8d514956b252768ee089d008d8d66338f281e3004c0ac069f71d9052e	
step10_candidate_family_phylogenetics/run_18274798/trees/gastropoda/OG0000123/gene_tree_supported.uniqueseq.phy	file	2736	2026-08-06T17:29:01.892904+00:00	dcd9a03a26a3131def44b5605f5a07136117da0a05165f2775060f196365f093	
step10_candidate_family_phylogenetics/run_18274798/trees/gastropoda/OG0000123/iqtree_supported.stderr	file	0	2026-08-06T17:29:01.878978+00:00	e3b0c44298fc1c149afbf4c8996fb92427ae41e4649b934ca495991b7852b855	
step10_candidate_family_phylogenetics/run_18274798/trees/gastropoda/OG0000123/iqtree_supported.stdout	file	21599	2026-08-06T17:29:16.981194+00:00	20fd1757e666905c28612c404982d992e2baab3fe64799fa8b8a644a044e4c49	
step10_candidate_family_phylogenetics/run_18274798/trees/gastropoda/OG0000123/mafft.log	file	13593	2026-08-06T17:29:01.856253+00:00	27c8c9c78e924697edcbd853ae500d1d78511b41719861271a37d076b6558839	
step10_candidate_family_phylogenetics/run_18274798/trees/gastropoda/OG0000123/task_metadata.tsv	file	80	2026-08-06T17:29:16.983823+00:00	57a3e2106739183524020bd74a426981722fcfe20fffbee2d10beb41a9e9047b	
step10_candidate_family_phylogenetics/run_18274798/trees/gastropoda/OG0000123/trimal.log	file	337	2026-08-06T17:29:01.872684+00:00	b5ff04855cbbb698cce5d77b40aa44ebce788f168720b5653ebc85834539925e	
step10_candidate_family_phylogenetics/run_18274798/trees/gastropoda/OG0000123/trimmed.faa	file	1948	2026-08-06T17:29:01.873477+00:00	07b3ef40f0176fe539e573e33104ba95d576d728319db16287af8d699df6d364	
step10_candidate_family_phylogenetics/run_18274798/trees/gastropoda/OG0000124/COMPLETE	file	27	2026-08-06T17:56:14.544668+00:00	1fecf50f36263796c0c1868f34fddb557f7162ad8820ce6a7531220c30c8e049	
step10_candidate_family_phylogenetics/run_18274798/trees/gastropoda/OG0000124/SUPPORT_MODE	file	20	2026-08-06T17:56:14.543825+00:00	e0e15824ca92202c34b8cb97bbd9579641d13bb5b772586ef14fdd2a190b6c6c	
step10_candidate_family_phylogenetics/run_18274798/trees/gastropoda/OG0000124/TREE_PREFIX	file	164	2026-08-06T17:56:14.543347+00:00	f917db5e83fbe5ba86b39c032bd6bd974bcde0d0ad24ea758a0c0fb40ae411d7	
step10_candidate_family_phylogenetics/run_18274798/trees/gastropoda/OG0000124/aligned.faa	file	32796	2026-08-06T17:54:03.368913+00:00	c510ff35152743160dca27617c755a18c693a6acae53a23e4fd350d224d98e6d	
step10_candidate_family_phylogenetics/run_18274798/trees/gastropoda/OG0000124/gene_tree_supported.bionj	file	2167	2026-08-06T17:54:11.798944+00:00	251710c69aaa9e7c7dcfff84f019f62e9586ff61f4fa60c842754db06bfe62bd	
step10_candidate_family_phylogenetics/run_18274798/trees/gastropoda/OG0000124/gene_tree_supported.ckp.gz	file	86490	2026-08-06T17:56:14.528235+00:00	2f5dd8d780e921ef4a0c32223d5f2a63dfae5c5256f70842cab00248e3624d2f	
step10_candidate_family_phylogenetics/run_18274798/trees/gastropoda/OG0000124/gene_tree_supported.contree	file	2334	2026-08-06T17:56:14.504910+00:00	da95ded217052b69f3d1f3ef1f230ea9963d2b74d35d8812444e6cffde93466e	
step10_candidate_family_phylogenetics/run_18274798/trees/gastropoda/OG0000124/gene_tree_supported.iqtree	file	25104	2026-08-06T17:56:14.521263+00:00	d5aa7cd2fbf9b6cdc7d9677da462a7ea9816e52ccef241dfd775fe6ccdad7b8a	
step10_candidate_family_phylogenetics/run_18274798/trees/gastropoda/OG0000124/gene_tree_supported.log	file	15339	2026-08-06T17:56:14.530669+00:00	4cf4c13ce6a5688caf7f11595f3b1805a288017172b5aed97c116a2cd0ac07ac	
step10_candidate_family_phylogenetics/run_18274798/trees/gastropoda/OG0000124/gene_tree_supported.mldist	file	16209	2026-08-06T17:54:11.799631+00:00	b402296662f145949d6fffaffc6fd80bce797e2c63ab9d1fde8910e42535a251	
step10_candidate_family_phylogenetics/run_18274798/trees/gastropoda/OG0000124/gene_tree_supported.model.gz	file	3416	2026-08-06T17:54:09.872747+00:00	1b12a4a26bff4fe65071937595e8d7e569d9dbe81b0b2dd8d71b09698b4cbaed	
step10_candidate_family_phylogenetics/run_18274798/trees/gastropoda/OG0000124/gene_tree_supported.splits.nex	file	15968	2026-08-06T17:56:14.320246+00:00	1914e69689c036eb999a632a74eb7360afb070b5c22b293d4aa279cf413e0a61	
step10_candidate_family_phylogenetics/run_18274798/trees/gastropoda/OG0000124/gene_tree_supported.treefile	file	2464	2026-08-06T17:56:14.505461+00:00	9c6ad99787e92085d6b21aa9a20a193418d2c2dcccb23c2527fad0354495c67a	
step10_candidate_family_phylogenetics/run_18274798/trees/gastropoda/OG0000124/iqtree_supported.stderr	file	0	2026-08-06T17:54:03.388615+00:00	e3b0c44298fc1c149afbf4c8996fb92427ae41e4649b934ca495991b7852b855	
step10_candidate_family_phylogenetics/run_18274798/trees/gastropoda/OG0000124/iqtree_supported.stdout	file	15339	2026-08-06T17:56:14.530654+00:00	4cf4c13ce6a5688caf7f11595f3b1805a288017172b5aed97c116a2cd0ac07ac	
step10_candidate_family_phylogenetics/run_18274798/trees/gastropoda/OG0000124/mafft.log	file	20040	2026-08-06T17:54:03.365271+00:00	64ff1918a6c19ebec7de1c3f06a06079c805153889661e055d080ce29c4c0e2d	
step10_candidate_family_phylogenetics/run_18274798/trees/gastropoda/OG0000124/task_metadata.tsv	file	81	2026-08-06T17:56:14.544325+00:00	03af2458b74d2182a19bdf926c200a0a1bd7ad7f3eacaf2f6ea8bc01cf044273	
step10_candidate_family_phylogenetics/run_18274798/trees/gastropoda/OG0000124/trimal.log	file	0	2026-08-06T17:54:03.371749+00:00	e3b0c44298fc1c149afbf4c8996fb92427ae41e4649b934ca495991b7852b855	
step10_candidate_family_phylogenetics/run_18274798/trees/gastropoda/OG0000124/trimmed.faa	file	8154	2026-08-06T17:54:03.381964+00:00	8bfd687c465de31f9afdf94b289bfa0d7fa32b617bf5a1caf07a5c218dcbf25d	
step10_candidate_family_phylogenetics/run_18274798/trees/gastropoda/OG0000126/COMPLETE	file	27	2026-08-06T17:43:46.789713+00:00	1fecf50f36263796c0c1868f34fddb557f7162ad8820ce6a7531220c30c8e049	
step10_candidate_family_phylogenetics/run_18274798/trees/gastropoda/OG0000126/SUPPORT_MODE	file	20	2026-08-06T17:43:46.788973+00:00	e0e15824ca92202c34b8cb97bbd9579641d13bb5b772586ef14fdd2a190b6c6c	
step10_candidate_family_phylogenetics/run_18274798/trees/gastropoda/OG0000126/TREE_PREFIX	file	164	2026-08-06T17:43:46.788604+00:00	97f087c0cab41c7fd3ae535b4e99b9ad9a1b9c6ebe67ce30409e3b03eb1a8137	
step10_candidate_family_phylogenetics/run_18274798/trees/gastropoda/OG0000126/TRIM_FALLBACK	file	70	2026-08-06T17:39:02.672393+00:00	b8f895d37a918cc5c47326d96812f1c592fbede774d759565a9bb9b1ccf78db4	
step10_candidate_family_phylogenetics/run_18274798/trees/gastropoda/OG0000126/aligned.faa	file	54883	2026-08-06T17:39:02.653976+00:00	082f0a64b9ac447039c0d786ba8d3cb9d299ac4a2f96842445d6f36d1ce88b16	
step10_candidate_family_phylogenetics/run_18274798/trees/gastropoda/OG0000126/gene_tree_supported.bionj	file	1857	2026-08-06T17:40:35.420342+00:00	8ee949a64e4e7c2db0b2ed8a78ea803975deebfb9cc13c0fec18de65988e9e08	
step10_candidate_family_phylogenetics/run_18274798/trees/gastropoda/OG0000126/gene_tree_supported.ckp.gz	file	58262	2026-08-06T17:43:46.784351+00:00	ea68b37cef98c6965d56d5c930f0b4432171d9f0deb427ca3fb9652ffa066a94	
step10_candidate_family_phylogenetics/run_18274798/trees/gastropoda/OG0000126/gene_tree_supported.contree	file	2039	2026-08-06T17:43:46.769350+00:00	78c6a214677e8050b04b7878440121f290ae3419bcccbfcfdc7b9af8ae2cc149	
step10_candidate_family_phylogenetics/run_18274798/trees/gastropoda/OG0000126/gene_tree_supported.iqtree	file	23932	2026-08-06T17:43:46.779740+00:00	a235ee2414cf6361ce20d79abfde878a94361bf2c7a14a335a3f299b5d9463ad	
step10_candidate_family_phylogenetics/run_18274798/trees/gastropoda/OG0000126/gene_tree_supported.log	file	13581	2026-08-06T17:43:46.786381+00:00	bde7016a34ac477b0ca32c3b588759189f576a95b0a3ddc37d38cbfed1a0fed3	
step10_candidate_family_phylogenetics/run_18274798/trees/gastropoda/OG0000126/gene_tree_supported.mldist	file	13071	2026-08-06T17:40:35.420794+00:00	2e046994fef1c204fe4c16fbdcbd5e8101cf179bff0a29b131af2a0809a51246	
step10_candidate_family_phylogenetics/run_18274798/trees/gastropoda/OG0000126/gene_tree_supported.model.gz	file	3642	2026-08-06T17:40:16.737788+00:00	950a5684412e69f085635897cfefcde2a6701fca093e691bdf059a68635abdab	
step10_candidate_family_phylogenetics/run_18274798/trees/gastropoda/OG0000126/gene_tree_supported.splits.nex	file	10032	2026-08-06T17:43:46.179340+00:00	459fa620777837d80143504f02e8bf3f719dfc6d5b507c82e8a6951b85b2ab84	
step10_candidate_family_phylogenetics/run_18274798/trees/gastropoda/OG0000126/gene_tree_supported.treefile	file	2177	2026-08-06T17:43:46.769848+00:00	dd31000fc22e9d959a2d3fce6a6af7ee1a00641312035d4d3ea6fc982516d9cd	
step10_candidate_family_phylogenetics/run_18274798/trees/gastropoda/OG0000126/iqtree_supported.stderr	file	0	2026-08-06T17:39:02.673522+00:00	e3b0c44298fc1c149afbf4c8996fb92427ae41e4649b934ca495991b7852b855	
step10_candidate_family_phylogenetics/run_18274798/trees/gastropoda/OG0000126/iqtree_supported.stdout	file	13581	2026-08-06T17:43:46.786371+00:00	bde7016a34ac477b0ca32c3b588759189f576a95b0a3ddc37d38cbfed1a0fed3	
step10_candidate_family_phylogenetics/run_18274798/trees/gastropoda/OG0000126/mafft.log	file	21678	2026-08-06T17:39:02.650221+00:00	8a19385826e3e52ce39afbe8a8aa62a9fffc15704c7bbda4fee01077ffb5429f	
step10_candidate_family_phylogenetics/run_18274798/trees/gastropoda/OG0000126/task_metadata.tsv	file	80	2026-08-06T17:43:46.789352+00:00	892f8c3ce1d845abedfc4b85d7ddafcac86bb2a3aafef2b65cf8aac519bc3551	
step10_candidate_family_phylogenetics/run_18274798/trees/gastropoda/OG0000126/trimal.log	file	278	2026-08-06T17:39:02.665744+00:00	09ddeeebb30ea951330abf018c5d5792fc5acb53f5ac55683a71135920ef2a6a	
step10_candidate_family_phylogenetics/run_18274798/trees/gastropoda/OG0000126/trimmed.faa	file	54883	2026-08-06T17:39:02.671672+00:00	082f0a64b9ac447039c0d786ba8d3cb9d299ac4a2f96842445d6f36d1ce88b16	
step10_candidate_family_phylogenetics/run_18274798/trees/gastropoda/OG0000132/COMPLETE	file	27	2026-08-06T17:46:55.222979+00:00	1fecf50f36263796c0c1868f34fddb557f7162ad8820ce6a7531220c30c8e049	
step10_candidate_family_phylogenetics/run_18274798/trees/gastropoda/OG0000132/SUPPORT_MODE	file	20	2026-08-06T17:46:55.221867+00:00	e0e15824ca92202c34b8cb97bbd9579641d13bb5b772586ef14fdd2a190b6c6c	
step10_candidate_family_phylogenetics/run_18274798/trees/gastropoda/OG0000132/TREE_PREFIX	file	164	2026-08-06T17:46:55.221231+00:00	5aef5a64da7929c5a41d995b388e3b0dbd800e086017def2d0678b16a4e7ad84	
step10_candidate_family_phylogenetics/run_18274798/trees/gastropoda/OG0000132/aligned.faa	file	74892	2026-08-06T17:44:06.692967+00:00	15afcb36e0f9b5b23bd8e825e9c70b4e1f8dc56ce0116a763ffe5c87eb229782	
step10_candidate_family_phylogenetics/run_18274798/trees/gastropoda/OG0000132/gene_tree_supported.bionj	file	1389	2026-08-06T17:44:11.770789+00:00	41c47a836e6e57db1091a15e3c6bebe024e48ec9515161876e95568b742ff4c0	
step10_candidate_family_phylogenetics/run_18274798/trees/gastropoda/OG0000132/gene_tree_supported.ckp.gz	file	62713	2026-08-06T17:46:55.213626+00:00	0cb3b9f4302461c8b758181203e402f448fe0a9e10f53e8b4cc58494c176ec11	
step10_candidate_family_phylogenetics/run_18274798/trees/gastropoda/OG0000132/gene_tree_supported.contree	file	1592	2026-08-06T17:46:55.180120+00:00	c947ca376ee3dc9c13f3eb6d854f2fbeedfdfea2ee30066256ab6618217bbf92	
step10_candidate_family_phylogenetics/run_18274798/trees/gastropoda/OG0000132/gene_tree_supported.iqtree	file	21353	2026-08-06T17:46:55.205275+00:00	47785e87200548739836baefbb140b3d7d45ce6d1f424b1e1db63ea65647d6f6	
step10_candidate_family_phylogenetics/run_18274798/trees/gastropoda/OG0000132/gene_tree_supported.log	file	14680	2026-08-06T17:46:55.218817+00:00	86958d641c7520ed300a5d11416ab51d5c1b16ad43cad0876c6b9513a9ba1ae2	
step10_candidate_family_phylogenetics/run_18274798/trees/gastropoda/OG0000132/gene_tree_supported.mldist	file	6259	2026-08-06T17:44:11.771093+00:00	0e0b6f8351286fb2521d0dfe92fb7a1a163fdbcbc3a29c7e5113cd0620001209	
step10_candidate_family_phylogenetics/run_18274798/trees/gastropoda/OG0000132/gene_tree_supported.model.gz	file	2667	2026-08-06T17:44:11.539129+00:00	7542ed61e604a7d7d26a70d5d3c1748d3546b8bc3dc713c62cb32bf97072168b	
step10_candidate_family_phylogenetics/run_18274798/trees/gastropoda/OG0000132/gene_tree_supported.splits.nex	file	9175	2026-08-06T17:46:55.061374+00:00	b537938d36b48e5d7f742ba87ad718861f9cb349cd105f5d281e616ec0adfee3	
step10_candidate_family_phylogenetics/run_18274798/trees/gastropoda/OG0000132/gene_tree_supported.treefile	file	1664	2026-08-06T17:46:55.206636+00:00	207864bbe38a539c7ed2eda560f56f67ffd57f6770c4c4db34848724e5d6933f	
step10_candidate_family_phylogenetics/run_18274798/trees/gastropoda/OG0000132/gene_tree_supported.uniqueseq.phy	file	4883	2026-08-06T17:44:06.729150+00:00	f65d18864a14dd51b1fd7816099a83f7ed9469d01413b8d42bfab98a807c453c	
step10_candidate_family_phylogenetics/run_18274798/trees/gastropoda/OG0000132/iqtree_supported.stderr	file	0	2026-08-06T17:44:06.716368+00:00	e3b0c44298fc1c149afbf4c8996fb92427ae41e4649b934ca495991b7852b855	
step10_candidate_family_phylogenetics/run_18274798/trees/gastropoda/OG0000132/iqtree_supported.stdout	file	14680	2026-08-06T17:46:55.218800+00:00	86958d641c7520ed300a5d11416ab51d5c1b16ad43cad0876c6b9513a9ba1ae2	
step10_candidate_family_phylogenetics/run_18274798/trees/gastropoda/OG0000132/mafft.log	file	10030	2026-08-06T17:44:06.688475+00:00	c7f85c7eebdbf8c0c24e309df3d78447d88a90e9a8bb42d61903b0e2dc616384	
step10_candidate_family_phylogenetics/run_18274798/trees/gastropoda/OG0000132/task_metadata.tsv	file	81	2026-08-06T17:46:55.222450+00:00	04a41d704e3c13ac88a3f87b1d1b675748c15ab2e4c46825d5f335984abee8b5	
step10_candidate_family_phylogenetics/run_18274798/trees/gastropoda/OG0000132/trimal.log	file	0	2026-08-06T17:44:06.696195+00:00	e3b0c44298fc1c149afbf4c8996fb92427ae41e4649b934ca495991b7852b855	
step10_candidate_family_phylogenetics/run_18274798/trees/gastropoda/OG0000132/trimmed.faa	file	5242	2026-08-06T17:44:06.709620+00:00	8529407a5f5dc6788ffc1109892916f5109b3469d218234f3593a1ff9a7753c0	
step10_candidate_family_phylogenetics/run_18274798/trees/gastropoda/OG0000134/COMPLETE	file	27	2026-08-06T18:10:04.949142+00:00	1fecf50f36263796c0c1868f34fddb557f7162ad8820ce6a7531220c30c8e049	
step10_candidate_family_phylogenetics/run_18274798/trees/gastropoda/OG0000134/SUPPORT_MODE	file	20	2026-08-06T18:10:04.948434+00:00	e0e15824ca92202c34b8cb97bbd9579641d13bb5b772586ef14fdd2a190b6c6c	
step10_candidate_family_phylogenetics/run_18274798/trees/gastropoda/OG0000134/TREE_PREFIX	file	164	2026-08-06T18:10:04.948060+00:00	9cf31f8b06c2fe88d174d8977c7164870ec74ccf83ad0e4b668180dbd050ad7e	
step10_candidate_family_phylogenetics/run_18274798/trees/gastropoda/OG0000134/aligned.faa	file	7763	2026-08-06T18:09:03.385287+00:00	b3ac7684123f88c3a95389cd65b9c7198d699cbc8fca486df7b53ea553b4ddf5	
step10_candidate_family_phylogenetics/run_18274798/trees/gastropoda/OG0000134/gene_tree_supported.bionj	file	1208	2026-08-06T18:09:05.528942+00:00	b8db4ad9cda8e1d598516fa66e823616c7d4c76e31db583ac19afb12b6622342	
step10_candidate_family_phylogenetics/run_18274798/trees/gastropoda/OG0000134/gene_tree_supported.ckp.gz	file	155838	2026-08-06T18:10:04.936703+00:00	482deac5b460ecc7e262acb8d6eec30dbcca4894356ca0f9a293a6f372f6f086	
step10_candidate_family_phylogenetics/run_18274798/trees/gastropoda/OG0000134/gene_tree_supported.contree	file	1269	2026-08-06T18:10:04.876008+00:00	8e46d61d01b4e9fd262606ef8f70d1d32d922445361f28d2b433f228c0c600ea	
step10_candidate_family_phylogenetics/run_18274798/trees/gastropoda/OG0000134/gene_tree_supported.iqtree	file	17779	2026-08-06T18:10:04.921343+00:00	4232dbdcdc7bf00673afa14a9b8e262d91cf5fb9991ac4776e32dfcb4c5ff3dd	
step10_candidate_family_phylogenetics/run_18274798/trees/gastropoda/OG0000134/gene_tree_supported.log	file	19884	2026-08-06T18:10:04.945550+00:00	8baf1e3c7221cf648a64d2358358101f31bd27aed8b94e6966a5d10cfd61edd8	
step10_candidate_family_phylogenetics/run_18274798/trees/gastropoda/OG0000134/gene_tree_supported.mldist	file	5767	2026-08-06T18:09:05.529173+00:00	ac5eac12cfb26c6dc54205caa4f7e3cf699606b24c9e76a4c16b7c0d6aba87e7	
step10_candidate_family_phylogenetics/run_18274798/trees/gastropoda/OG0000134/gene_tree_supported.model.gz	file	2633	2026-08-06T18:09:05.492579+00:00	6a05dd9737ebe4f17e2dcbb3970a6ef14e40ddeaa1f6c2cc4caec2deec518d51	
step10_candidate_family_phylogenetics/run_18274798/trees/gastropoda/OG0000134/gene_tree_supported.splits.nex	file	16694	2026-08-06T18:10:04.837867+00:00	dd336b726592cfda8d5b304f144bd3a2a414b0acd07c1e91213e4b44c80c48d4	
step10_candidate_family_phylogenetics/run_18274798/trees/gastropoda/OG0000134/gene_tree_supported.treefile	file	1318	2026-08-06T18:10:04.876362+00:00	77c0379505c6c78aefc7d041c3a22940e88c058f583c46908ddc972b3bf73b10	
step10_candidate_family_phylogenetics/run_18274798/trees/gastropoda/OG0000134/iqtree_supported.stderr	file	0	2026-08-06T18:09:03.508021+00:00	e3b0c44298fc1c149afbf4c8996fb92427ae41e4649b934ca495991b7852b855	
step10_candidate_family_phylogenetics/run_18274798/trees/gastropoda/OG0000134/iqtree_supported.stdout	file	19884	2026-08-06T18:10:04.945534+00:00	8baf1e3c7221cf648a64d2358358101f31bd27aed8b94e6966a5d10cfd61edd8	
step10_candidate_family_phylogenetics/run_18274798/trees/gastropoda/OG0000134/mafft.log	file	7906	2026-08-06T18:09:03.381940+00:00	f09915033f296bc764c26896bbedcd090616af1d00beaef60a116f0dc6f8fb51	
step10_candidate_family_phylogenetics/run_18274798/trees/gastropoda/OG0000134/task_metadata.tsv	file	81	2026-08-06T18:10:04.948887+00:00	32ea8ab563748be8b5f7f549a6476ffde139126c69228eeeb124b9bde251dca9	
step10_candidate_family_phylogenetics/run_18274798/trees/gastropoda/OG0000134/trimal.log	file	0	2026-08-06T18:09:03.388799+00:00	e3b0c44298fc1c149afbf4c8996fb92427ae41e4649b934ca495991b7852b855	
step10_candidate_family_phylogenetics/run_18274798/trees/gastropoda/OG0000134/trimmed.faa	file	3693	2026-08-06T18:09:03.502207+00:00	d182b032eda05e32323297b26aef85a670ea4796d2910770065b63ed08216f85	
step10_candidate_family_phylogenetics/run_18274798/trees/gastropoda/OG0000136/COMPLETE	file	27	2026-08-06T17:26:27.605256+00:00	1fecf50f36263796c0c1868f34fddb557f7162ad8820ce6a7531220c30c8e049	
step10_candidate_family_phylogenetics/run_18274798/trees/gastropoda/OG0000136/SUPPORT_MODE	file	20	2026-08-06T17:26:27.603690+00:00	e0e15824ca92202c34b8cb97bbd9579641d13bb5b772586ef14fdd2a190b6c6c	
step10_candidate_family_phylogenetics/run_18274798/trees/gastropoda/OG0000136/TREE_PREFIX	file	164	2026-08-06T17:26:27.603308+00:00	bdc42faa0610df2be4e3bde7f775b096960c96009c932bf2c41a5caacfd6a97b	
step10_candidate_family_phylogenetics/run_18274798/trees/gastropoda/OG0000136/aligned.faa	file	43605	2026-08-06T17:24:06.474089+00:00	3447a84eb32d5512cc73e76ea186eee69c64e05a489e100524af4dd3404f003e	
step10_candidate_family_phylogenetics/run_18274798/trees/gastropoda/OG0000136/gene_tree_supported.bionj	file	1950	2026-08-06T17:24:51.676841+00:00	ad718d6ece4fc6cbf1c6e6efc45e325c8b30a4db19cc75bb454861baffaf0ae0	
step10_candidate_family_phylogenetics/run_18274798/trees/gastropoda/OG0000136/gene_tree_supported.ckp.gz	file	51839	2026-08-06T17:26:27.557665+00:00	82309d2870dc0ecfa7575128d249ad54ac08559faf83ed2e5900f6ab9ea7eef1	
step10_candidate_family_phylogenetics/run_18274798/trees/gastropoda/OG0000136/gene_tree_supported.contree	file	2144	2026-08-06T17:26:27.496141+00:00	86d7fdf73b2bd8aca6dbb4fa0bb5d207149e2ce29f8d02a79a936957745e205b	
step10_candidate_family_phylogenetics/run_18274798/trees/gastropoda/OG0000136/gene_tree_supported.iqtree	file	25638	2026-08-06T17:26:27.536614+00:00	68f8250ddeb03adc1bc563037c996cce62fa76ef48c9b924fb76f499349807fb	
step10_candidate_family_phylogenetics/run_18274798/trees/gastropoda/OG0000136/gene_tree_supported.log	file	12397	2026-08-06T17:26:27.560218+00:00	f5fb90087331010363a6d311a8aed9eaac006ab3ed5536ec382166c3952b361d	
step10_candidate_family_phylogenetics/run_18274798/trees/gastropoda/OG0000136/gene_tree_supported.mldist	file	13104	2026-08-06T17:24:51.677038+00:00	5019e68ae21ede28ffa1da9233219a5e939bc61bfec7e160610aa1c2aa68ecbf	
step10_candidate_family_phylogenetics/run_18274798/trees/gastropoda/OG0000136/gene_tree_supported.model.gz	file	4140	2026-08-06T17:24:50.813758+00:00	bc36d3191c37f77e59d74e2363a3afcfee2160a6794cc24a223c649db6e4c812	
step10_candidate_family_phylogenetics/run_18274798/trees/gastropoda/OG0000136/gene_tree_supported.splits.nex	file	6989	2026-08-06T17:26:27.103151+00:00	6a2445ef4fcc001982b029db6c4e8f6717eaa71add639b9504a512d07d629d26	
step10_candidate_family_phylogenetics/run_18274798/trees/gastropoda/OG0000136/gene_tree_supported.treefile	file	2282	2026-08-06T17:26:27.496750+00:00	b3d9cb51184f08a30d71f645481c3f115671bd2aead7067e952ff7830bea038a	
step10_candidate_family_phylogenetics/run_18274798/trees/gastropoda/OG0000136/iqtree_supported.stderr	file	0	2026-08-06T17:24:06.713017+00:00	e3b0c44298fc1c149afbf4c8996fb92427ae41e4649b934ca495991b7852b855	
step10_candidate_family_phylogenetics/run_18274798/trees/gastropoda/OG0000136/iqtree_supported.stdout	file	12397	2026-08-06T17:26:27.560198+00:00	f5fb90087331010363a6d311a8aed9eaac006ab3ed5536ec382166c3952b361d	
step10_candidate_family_phylogenetics/run_18274798/trees/gastropoda/OG0000136/mafft.log	file	40114	2026-08-06T17:24:06.469500+00:00	f73292a6cdf4167b789f06c45da135ae79802963cb13eb73fc7e70612a009c82	
step10_candidate_family_phylogenetics/run_18274798/trees/gastropoda/OG0000136/task_metadata.tsv	file	80	2026-08-06T17:26:27.604920+00:00	f5f2cd74c8efe981baf4a2b3e48525a33ecf78c80dc9a9efe8ba12b4fa5b0415	
step10_candidate_family_phylogenetics/run_18274798/trees/gastropoda/OG0000136/trimal.log	file	0	2026-08-06T17:24:06.489815+00:00	e3b0c44298fc1c149afbf4c8996fb92427ae41e4649b934ca495991b7852b855	
step10_candidate_family_phylogenetics/run_18274798/trees/gastropoda/OG0000136/trimmed.faa	file	31362	2026-08-06T17:24:06.693281+00:00	2a731bf8d527409d03142945da22788bcd32919e52a6702041fb50e46cf73ec5	
step10_candidate_family_phylogenetics/run_18274798/trees/gastropoda/OG0000141/COMPLETE	file	27	2026-08-06T17:39:46.544567+00:00	1fecf50f36263796c0c1868f34fddb557f7162ad8820ce6a7531220c30c8e049	
step10_candidate_family_phylogenetics/run_18274798/trees/gastropoda/OG0000141/SUPPORT_MODE	file	20	2026-08-06T17:39:46.543702+00:00	e0e15824ca92202c34b8cb97bbd9579641d13bb5b772586ef14fdd2a190b6c6c	
step10_candidate_family_phylogenetics/run_18274798/trees/gastropoda/OG0000141/TREE_PREFIX	file	164	2026-08-06T17:39:46.543222+00:00	848d6449010508bd1205234c4a96c82c5e9479de94ee6da81d6d69ee6c172c45	
step10_candidate_family_phylogenetics/run_18274798/trees/gastropoda/OG0000141/aligned.faa	file	14213	2026-08-06T17:39:00.903344+00:00	d2bc90160fde84feb78390024fbfb75e74d202fe228976548fced92034f8c08b	
step10_candidate_family_phylogenetics/run_18274798/trees/gastropoda/OG0000141/gene_tree_supported.bionj	file	1263	2026-08-06T17:39:08.905753+00:00	40456d367a1db12734924585213a201657d1620242de1548eb3537debeac88cd	
step10_candidate_family_phylogenetics/run_18274798/trees/gastropoda/OG0000141/gene_tree_supported.ckp.gz	file	40645	2026-08-06T17:39:46.539085+00:00	2bf36b0cc0409f32bf0c5f524cba28d5164eaa99871a8b281b5e3d2a887b11dc	
step10_candidate_family_phylogenetics/run_18274798/trees/gastropoda/OG0000141/gene_tree_supported.contree	file	1366	2026-08-06T17:39:46.519889+00:00	f1f835c565d0c0ef6250a147a5986a2d4fad77d6f1de17d0965c64d194b21cce	
step10_candidate_family_phylogenetics/run_18274798/trees/gastropoda/OG0000141/gene_tree_supported.iqtree	file	19125	2026-08-06T17:39:46.533275+00:00	f243a75add0f6487337cb37ce897709f0ee8b828f7d77ef46df9da6b0d8fff99	
step10_candidate_family_phylogenetics/run_18274798/trees/gastropoda/OG0000141/gene_tree_supported.log	file	11293	2026-08-06T17:39:46.541144+00:00	65b44ec7a3bcb2a4ce781942a8249523c2ac738da74eaa49b6ecd81074d9de2f	
step10_candidate_family_phylogenetics/run_18274798/trees/gastropoda/OG0000141/gene_tree_supported.mldist	file	5343	2026-08-06T17:39:08.905671+00:00	dc2ee6caee6758e58cd75c45f7b8cdb47cc562e2f9a5709e5f8843b48d12ac1c	
step10_candidate_family_phylogenetics/run_18274798/trees/gastropoda/OG0000141/gene_tree_supported.model.gz	file	3229	2026-08-06T17:39:08.312932+00:00	3cb652bbe6377db91c76b3582305196d7882b6dd4f928b6f857caebf2f3b7e47	
step10_candidate_family_phylogenetics/run_18274798/trees/gastropoda/OG0000141/gene_tree_supported.splits.nex	file	5275	2026-08-06T17:39:46.381818+00:00	166bed5785db283f2fd0f8ccee8c179c65a67061dcb5f52bd231d5f3c79b3d68	
step10_candidate_family_phylogenetics/run_18274798/trees/gastropoda/OG0000141/gene_tree_supported.treefile	file	1444	2026-08-06T17:39:46.520511+00:00	f3eec11358b167158748989ebced3cf6fd04654eef16430e02754312b04aaa4c	
step10_candidate_family_phylogenetics/run_18274798/trees/gastropoda/OG0000141/iqtree_supported.stderr	file	0	2026-08-06T17:39:00.918210+00:00	e3b0c44298fc1c149afbf4c8996fb92427ae41e4649b934ca495991b7852b855	
step10_candidate_family_phylogenetics/run_18274798/trees/gastropoda/OG0000141/iqtree_supported.stdout	file	11293	2026-08-06T17:39:46.541129+00:00	65b44ec7a3bcb2a4ce781942a8249523c2ac738da74eaa49b6ecd81074d9de2f	
step10_candidate_family_phylogenetics/run_18274798/trees/gastropoda/OG0000141/mafft.log	file	21993	2026-08-06T17:39:00.898932+00:00	63d890c0e8d0c183c13ea006759fc943985eb01c113f64a59078f8477ba1001a	
step10_candidate_family_phylogenetics/run_18274798/trees/gastropoda/OG0000141/task_metadata.tsv	file	81	2026-08-06T17:39:46.544223+00:00	c858f2904241c8433faa1b426ae4a419177ba8b3d7d0b0ef1a0e03ace1be83d3	
step10_candidate_family_phylogenetics/run_18274798/trees/gastropoda/OG0000141/trimal.log	file	0	2026-08-06T17:39:00.906420+00:00	e3b0c44298fc1c149afbf4c8996fb92427ae41e4649b934ca495991b7852b855	
step10_candidate_family_phylogenetics/run_18274798/trees/gastropoda/OG0000141/trimmed.faa	file	3573	2026-08-06T17:39:00.911731+00:00	4061b437f06a2a6917efd55e670e3df95af4cfe2a7d3dffb3fa7475b41750144	
step10_candidate_family_phylogenetics/run_18274798/trees/gastropoda/OG0000142/COMPLETE	file	27	2026-08-06T18:05:15.844209+00:00	1fecf50f36263796c0c1868f34fddb557f7162ad8820ce6a7531220c30c8e049	
step10_candidate_family_phylogenetics/run_18274798/trees/gastropoda/OG0000142/SUPPORT_MODE	file	20	2026-08-06T18:05:15.843526+00:00	e0e15824ca92202c34b8cb97bbd9579641d13bb5b772586ef14fdd2a190b6c6c	
step10_candidate_family_phylogenetics/run_18274798/trees/gastropoda/OG0000142/TREE_PREFIX	file	164	2026-08-06T18:05:15.843015+00:00	32d5f047ab55533287262570ccc3b8021958fdcd74fd33f7b03d9c6beddd3535	
step10_candidate_family_phylogenetics/run_18274798/trees/gastropoda/OG0000142/aligned.faa	file	41048	2026-08-06T18:04:04.925323+00:00	24a537c907d8d41fb0952c2f70cd74f19a128900a39a6398f147ef95831de32e	
step10_candidate_family_phylogenetics/run_18274798/trees/gastropoda/OG0000142/gene_tree_supported.bionj	file	1634	2026-08-06T18:04:07.152824+00:00	394f031fbed0b8e197ff229219f1ed4e3dfb64baf6e2141940cc9a33963a80d8	
step10_candidate_family_phylogenetics/run_18274798/trees/gastropoda/OG0000142/gene_tree_supported.ckp.gz	file	103983	2026-08-06T18:05:15.834788+00:00	aeb6af7f3b64c7cf1dba6c5645bcd3965f75b308919ac055e0bbf45d5386b6f3	
step10_candidate_family_phylogenetics/run_18274798/trees/gastropoda/OG0000142/gene_tree_supported.contree	file	1741	2026-08-06T18:05:15.799340+00:00	67e47301679a64dc9281e518caf95242e0dba41dcc9e7d94bf10db03145e1534	
step10_candidate_family_phylogenetics/run_18274798/trees/gastropoda/OG0000142/gene_tree_supported.iqtree	file	22273	2026-08-06T18:05:15.824959+00:00	22c81e12d3a11e2aad4781e4b3b2bb7c9f4cb592c34d8d71dee7dc25d14923d5	
step10_candidate_family_phylogenetics/run_18274798/trees/gastropoda/OG0000142/gene_tree_supported.log	file	14882	2026-08-06T18:05:15.839955+00:00	203db5e2ea76527d287c00398b4de5a1a4573d0d119f06f2eccab0712743cd66	
step10_candidate_family_phylogenetics/run_18274798/trees/gastropoda/OG0000142/gene_tree_supported.mldist	file	9048	2026-08-06T18:04:07.152462+00:00	6f785b1667b73de7f3d3f854f42d402b61e0634cb49102273a86af6c78317417	
step10_candidate_family_phylogenetics/run_18274798/trees/gastropoda/OG0000142/gene_tree_supported.model.gz	file	2832	2026-08-06T18:04:07.031811+00:00	9008a1d080cb6b00638903c47066ad482cbd2e9686317496a1b88edcf99c73d6	
step10_candidate_family_phylogenetics/run_18274798/trees/gastropoda/OG0000142/gene_tree_supported.splits.nex	file	22020	2026-08-06T18:05:15.741022+00:00	b53da6a284fd1ee0156ca2f50a9db6d2c0ff829c91d2ae38695b66c2faf914ca	
step10_candidate_family_phylogenetics/run_18274798/trees/gastropoda/OG0000142/gene_tree_supported.treefile	file	1818	2026-08-06T18:05:15.799840+00:00	a23f2a8d028dfcfbb2c268aac97b777b0d4ffaaefa477a685091063e066d4178	
step10_candidate_family_phylogenetics/run_18274798/trees/gastropoda/OG0000142/iqtree_supported.stderr	file	0	2026-08-06T18:04:04.944969+00:00	e3b0c44298fc1c149afbf4c8996fb92427ae41e4649b934ca495991b7852b855	
step10_candidate_family_phylogenetics/run_18274798/trees/gastropoda/OG0000142/iqtree_supported.stdout	file	14882	2026-08-06T18:05:15.839933+00:00	203db5e2ea76527d287c00398b4de5a1a4573d0d119f06f2eccab0712743cd66	
step10_candidate_family_phylogenetics/run_18274798/trees/gastropoda/OG0000142/mafft.log	file	18612	2026-08-06T18:04:04.921375+00:00	6e2d08071e993194e142bc08efcf54057c9f448296f2a8486444d155ee6de327	
step10_candidate_family_phylogenetics/run_18274798/trees/gastropoda/OG0000142/task_metadata.tsv	file	81	2026-08-06T18:05:15.843901+00:00	a6fd661268d7ace71ef7da0e0358906879992a15769b0f26d2e191f9ba6e5321	
step10_candidate_family_phylogenetics/run_18274798/trees/gastropoda/OG0000142/trimal.log	file	0	2026-08-06T18:04:04.928253+00:00	e3b0c44298fc1c149afbf4c8996fb92427ae41e4649b934ca495991b7852b855	
step10_candidate_family_phylogenetics/run_18274798/trees/gastropoda/OG0000142/trimmed.faa	file	4004	2026-08-06T18:04:04.937080+00:00	56b0c94eebd5835b8dc3c78132be1d85d7546baee48aaf5bd929ae65b679ba15	
step10_candidate_family_phylogenetics/run_18274798/trees/gastropoda/OG0000159/COMPLETE	file	27	2026-08-06T17:59:32.628149+00:00	1fecf50f36263796c0c1868f34fddb557f7162ad8820ce6a7531220c30c8e049	
step10_candidate_family_phylogenetics/run_18274798/trees/gastropoda/OG0000159/SUPPORT_MODE	file	20	2026-08-06T17:59:32.627354+00:00	e0e15824ca92202c34b8cb97bbd9579641d13bb5b772586ef14fdd2a190b6c6c	
step10_candidate_family_phylogenetics/run_18274798/trees/gastropoda/OG0000159/TREE_PREFIX	file	164	2026-08-06T17:59:32.627005+00:00	4796c1739a514fb8fe5f5ba849005b5eb85e369f166682fa81f2303b4974f180	
step10_candidate_family_phylogenetics/run_18274798/trees/gastropoda/OG0000159/aligned.faa	file	24236	2026-08-06T17:59:04.855444+00:00	59aa7d48be3f0f820cf39480463ac1603f9bf1d13b81c41ce20d0e9887f73441	
step10_candidate_family_phylogenetics/run_18274798/trees/gastropoda/OG0000159/gene_tree_supported.bionj	file	1992	2026-08-06T17:59:07.465723+00:00	40921c736003f6bd26aa827b3f4c079fca55c6bfbf2c789bc89aa1ad6da90f00	
step10_candidate_family_phylogenetics/run_18274798/trees/gastropoda/OG0000159/gene_tree_supported.ckp.gz	file	81477	2026-08-06T17:59:32.621488+00:00	ad323424ff326048f8d83486b94771770037003fcd512b0c21a8bbfa7e54ef47	
step10_candidate_family_phylogenetics/run_18274798/trees/gastropoda/OG0000159/gene_tree_supported.contree	file	2177	2026-08-06T17:59:32.599740+00:00	9d243ae1d799814662de67862a82f4bc4a22071d52dec902a8aac8cf4d04b46c	
step10_candidate_family_phylogenetics/run_18274798/trees/gastropoda/OG0000159/gene_tree_supported.iqtree	file	23431	2026-08-06T17:59:32.615045+00:00	ebd63551d5fb1dc41b3fa12bca15804f76fdfda6227c6eeb8ad87784ed388f0d	
step10_candidate_family_phylogenetics/run_18274798/trees/gastropoda/OG0000159/gene_tree_supported.log	file	21209	2026-08-06T17:59:32.624120+00:00	24a7caba845c748ddce3e246cb2a1addb084f8198adc6d4acd74709cd45a1ccd	
step10_candidate_family_phylogenetics/run_18274798/trees/gastropoda/OG0000159/gene_tree_supported.mldist	file	13104	2026-08-06T17:59:07.465600+00:00	292fca73265f7e61f14c6999a48ae19eccbbf764698a2d7afb3f438b387ceb50	
step10_candidate_family_phylogenetics/run_18274798/trees/gastropoda/OG0000159/gene_tree_supported.model.gz	file	3652	2026-08-06T17:59:07.359528+00:00	42883627edff04514c27e04edd52820de5340c0f7c086078dc8be35f0e4804a3	
step10_candidate_family_phylogenetics/run_18274798/trees/gastropoda/OG0000159/gene_tree_supported.splits.nex	file	16233	2026-08-06T17:59:32.545099+00:00	09ba2f204d97c16ed1737703b59181a3d7ce877dd3ee9b8163ac08bea9afeec4	
step10_candidate_family_phylogenetics/run_18274798/trees/gastropoda/OG0000159/gene_tree_supported.treefile	file	2305	2026-08-06T17:59:32.600228+00:00	f624c17a6f93ab7b29d9a2c573f2839d3dc931b847130a8d84a8f85b0199d6fb	
step10_candidate_family_phylogenetics/run_18274798/trees/gastropoda/OG0000159/iqtree_supported.stderr	file	0	2026-08-06T17:59:04.869534+00:00	e3b0c44298fc1c149afbf4c8996fb92427ae41e4649b934ca495991b7852b855	
step10_candidate_family_phylogenetics/run_18274798/trees/gastropoda/OG0000159/iqtree_supported.stdout	file	21209	2026-08-06T17:59:32.624104+00:00	24a7caba845c748ddce3e246cb2a1addb084f8198adc6d4acd74709cd45a1ccd	
step10_candidate_family_phylogenetics/run_18274798/trees/gastropoda/OG0000159/mafft.log	file	76379	2026-08-06T17:59:04.852113+00:00	fecfc7dab0a6db50ff30b8a7837d6fe272d7d9fb18381815a3c4bf4976ecd56b	
step10_candidate_family_phylogenetics/run_18274798/trees/gastropoda/OG0000159/task_metadata.tsv	file	81	2026-08-06T17:59:32.627792+00:00	e04e8e9b1b76b16b0367716566d439ab34cd29ddbee3d24338c7f982f5e8b694	
step10_candidate_family_phylogenetics/run_18274798/trees/gastropoda/OG0000159/trimal.log	file	0	2026-08-06T17:59:04.857933+00:00	e3b0c44298fc1c149afbf4c8996fb92427ae41e4649b934ca495991b7852b855	
step10_candidate_family_phylogenetics/run_18274798/trees/gastropoda/OG0000159/trimmed.faa	file	2456	2026-08-06T17:59:04.864195+00:00	01c2d492f72005d21c6149214e441872b33cc2c436e9f680dd7019d2e23eae7e	
step10_candidate_family_phylogenetics/run_18274798/trees/gastropoda/OG0000162/COMPLETE	file	27	2026-08-06T17:19:27.439958+00:00	1fecf50f36263796c0c1868f34fddb557f7162ad8820ce6a7531220c30c8e049	
step10_candidate_family_phylogenetics/run_18274798/trees/gastropoda/OG0000162/SUPPORT_MODE	file	20	2026-08-06T17:19:27.439147+00:00	e0e15824ca92202c34b8cb97bbd9579641d13bb5b772586ef14fdd2a190b6c6c	
step10_candidate_family_phylogenetics/run_18274798/trees/gastropoda/OG0000162/TREE_PREFIX	file	164	2026-08-06T17:19:27.438730+00:00	1d4ee9f8b03196d0abe55ad2214770bf7480ec43c42d154dbd864fa287f29102	
step10_candidate_family_phylogenetics/run_18274798/trees/gastropoda/OG0000162/aligned.faa	file	16961	2026-08-06T17:19:01.842056+00:00	ea56d80415d9f29f44f97b952faa6c42d8ddd3dcbfc2b928bb95442128cb98a1	
step10_candidate_family_phylogenetics/run_18274798/trees/gastropoda/OG0000162/gene_tree_supported.bionj	file	1683	2026-08-06T17:19:04.226191+00:00	c3b063311bbf249637e03ad130f73800a1043ff44c76adec02224139657a1e7c	
step10_candidate_family_phylogenetics/run_18274798/trees/gastropoda/OG0000162/gene_tree_supported.ckp.gz	file	55757	2026-08-06T17:19:27.434640+00:00	1d4f978e5d516dfaccabd689ee2db1caf89bdd3a99c0de74a8e049448fa7ea24	
step10_candidate_family_phylogenetics/run_18274798/trees/gastropoda/OG0000162/gene_tree_supported.contree	file	1913	2026-08-06T17:19:27.416735+00:00	6404114b8a9ff3574ec30dd87ee9e19f69242c4bce4239e90a5877983dce6737	
step10_candidate_family_phylogenetics/run_18274798/trees/gastropoda/OG0000162/gene_tree_supported.iqtree	file	22857	2026-08-06T17:19:27.429144+00:00	e3719d8ed084b13fe152e68a561f027ea40044a88e6d7f943d65b7eff1c76fc9	
step10_candidate_family_phylogenetics/run_18274798/trees/gastropoda/OG0000162/gene_tree_supported.log	file	20584	2026-08-06T17:19:27.436366+00:00	e884fe2e287dace0bed0c723c61bc3b1b466fec18c27d1c44697ef38d501eb37	
step10_candidate_family_phylogenetics/run_18274798/trees/gastropoda/OG0000162/gene_tree_supported.mldist	file	10414	2026-08-06T17:19:04.223609+00:00	724049967fe8fc5529b5939666cf8e37d8b52e76384be1ed6e3ec45327cae493	
step10_candidate_family_phylogenetics/run_18274798/trees/gastropoda/OG0000162/gene_tree_supported.model.gz	file	3474	2026-08-06T17:19:04.072007+00:00	ec33b773d6aec6dea6179bf59ba7692f9c3e4907bf49421dc73bf1b9005068a3	
step10_candidate_family_phylogenetics/run_18274798/trees/gastropoda/OG0000162/gene_tree_supported.splits.nex	file	13931	2026-08-06T17:19:27.358421+00:00	96094dba1b0a59f7db02ebeade632ae7dd1f70cd7260ddc14d8452a44ba69c1b	
step10_candidate_family_phylogenetics/run_18274798/trees/gastropoda/OG0000162/gene_tree_supported.treefile	file	2019	2026-08-06T17:19:27.429908+00:00	a4324418536a08bb89e54626c7dcec3fe2dc4057567b9f577ee6893d8fe56124	
step10_candidate_family_phylogenetics/run_18274798/trees/gastropoda/OG0000162/gene_tree_supported.uniqueseq.phy	file	3573	2026-08-06T17:19:01.970890+00:00	8df23df4cab19e5825a9ecd345b988239ef788d60081f8fc62300df9996a8091	
step10_candidate_family_phylogenetics/run_18274798/trees/gastropoda/OG0000162/iqtree_supported.stderr	file	0	2026-08-06T17:19:01.897303+00:00	e3b0c44298fc1c149afbf4c8996fb92427ae41e4649b934ca495991b7852b855	
step10_candidate_family_phylogenetics/run_18274798/trees/gastropoda/OG0000162/iqtree_supported.stdout	file	20584	2026-08-06T17:19:27.436354+00:00	e884fe2e287dace0bed0c723c61bc3b1b466fec18c27d1c44697ef38d501eb37	
step10_candidate_family_phylogenetics/run_18274798/trees/gastropoda/OG0000162/mafft.log	file	24674	2026-08-06T17:19:01.836206+00:00	141d4473f9722647d58cd3426d0f3354276d4683c5718c72e0126a6687a73373	
step10_candidate_family_phylogenetics/run_18274798/trees/gastropoda/OG0000162/task_metadata.tsv	file	80	2026-08-06T17:19:27.439695+00:00	fb1764bc20d55d6619a18c37674ea3c5d6835f994b5b82b0269da9cc32a25c43	
step10_candidate_family_phylogenetics/run_18274798/trees/gastropoda/OG0000162/trimal.log	file	0	2026-08-06T17:19:01.845637+00:00	e3b0c44298fc1c149afbf4c8996fb92427ae41e4649b934ca495991b7852b855	
step10_candidate_family_phylogenetics/run_18274798/trees/gastropoda/OG0000162/trimmed.faa	file	2741	2026-08-06T17:19:01.890514+00:00	bdcded2d6622ca9e8c02175cc8469b11566b12228cdb3c1ac82553666af74bff	
step10_candidate_family_phylogenetics/run_18274798/trees/gastropoda/OG0000165/COMPLETE	file	27	2026-08-06T18:09:52.354419+00:00	1fecf50f36263796c0c1868f34fddb557f7162ad8820ce6a7531220c30c8e049	
step10_candidate_family_phylogenetics/run_18274798/trees/gastropoda/OG0000165/SUPPORT_MODE	file	20	2026-08-06T18:09:52.353490+00:00	e0e15824ca92202c34b8cb97bbd9579641d13bb5b772586ef14fdd2a190b6c6c	
step10_candidate_family_phylogenetics/run_18274798/trees/gastropoda/OG0000165/TREE_PREFIX	file	164	2026-08-06T18:09:52.352980+00:00	1f1b5c7b1281b6dee70753896935932066bdfa5783784874bcd10a3e65ae2d58	
step10_candidate_family_phylogenetics/run_18274798/trees/gastropoda/OG0000165/aligned.faa	file	108091	2026-08-06T18:04:08.739317+00:00	88d8632d9c6cbed9ae68f316851c1408e37576e039b2dc1484330c85d94619db	
step10_candidate_family_phylogenetics/run_18274798/trees/gastropoda/OG0000165/gene_tree_supported.bionj	file	1734	2026-08-06T18:04:43.013805+00:00	c7ec7efc1dbad76b883fd817cea88b27d7ed82eb3c38c423a207e665a2702db0	
step10_candidate_family_phylogenetics/run_18274798/trees/gastropoda/OG0000165/gene_tree_supported.ckp.gz	file	59931	2026-08-06T18:09:52.319978+00:00	b0272497379eebe9067238d450c4dab96490ccdb9eae005c6e2aed2306f48e1e	
step10_candidate_family_phylogenetics/run_18274798/trees/gastropoda/OG0000165/gene_tree_supported.contree	file	1843	2026-08-06T18:09:52.279266+00:00	f7039112ff0b3887e892bf66ad18902d33596e5095d567ca7a91f0c673548774	
step10_candidate_family_phylogenetics/run_18274798/trees/gastropoda/OG0000165/gene_tree_supported.iqtree	file	23237	2026-08-06T18:09:52.291120+00:00	29be241a5d85e7c3c767b0a57c76b332c647867579cba26d205e921dadf16fba	
step10_candidate_family_phylogenetics/run_18274798/trees/gastropoda/OG0000165/gene_tree_supported.log	file	13560	2026-08-06T18:09:52.322450+00:00	8443c479f428e3fee152d6d24427593230cec7ac6cb9d9f00753aea282c53fdf	
step10_candidate_family_phylogenetics/run_18274798/trees/gastropoda/OG0000165/gene_tree_supported.mldist	file	9663	2026-08-06T18:04:43.013714+00:00	3f60f8167b7c2751f6bff290a58da84f831992c22034670274339eeba94a07be	
step10_candidate_family_phylogenetics/run_18274798/trees/gastropoda/OG0000165/gene_tree_supported.model.gz	file	3033	2026-08-06T18:04:42.657202+00:00	bd7a2cff3f58f82738c17cdfc63199375357134ac903c3e65caefaf6eb5b2529	
step10_candidate_family_phylogenetics/run_18274798/trees/gastropoda/OG0000165/gene_tree_supported.splits.nex	file	8123	2026-08-06T18:09:51.665767+00:00	95602ae2585459aeba32af1dbb4e7b936beaac0c6add2437a22da87d63c5350b	
step10_candidate_family_phylogenetics/run_18274798/trees/gastropoda/OG0000165/gene_tree_supported.treefile	file	1938	2026-08-06T18:09:52.279733+00:00	8bf85966832838f6f1eb434f62bf8db7aac144cc743e72e2c89274a0025f6fdb	
step10_candidate_family_phylogenetics/run_18274798/trees/gastropoda/OG0000165/iqtree_supported.stderr	file	0	2026-08-06T18:04:08.774043+00:00	e3b0c44298fc1c149afbf4c8996fb92427ae41e4649b934ca495991b7852b855	
step10_candidate_family_phylogenetics/run_18274798/trees/gastropoda/OG0000165/iqtree_supported.stdout	file	13560	2026-08-06T18:09:52.322435+00:00	8443c479f428e3fee152d6d24427593230cec7ac6cb9d9f00753aea282c53fdf	
step10_candidate_family_phylogenetics/run_18274798/trees/gastropoda/OG0000165/mafft.log	file	10829	2026-08-06T18:04:08.734607+00:00	ab92010802d5814f1b9ddbb129dec6136e24747ccf3cda40d4d4f5850a73f438	
step10_candidate_family_phylogenetics/run_18274798/trees/gastropoda/OG0000165/task_metadata.tsv	file	81	2026-08-06T18:09:52.354122+00:00	f9d4a0bb7653ab34ca22500610d3c1413451db2eb7286a3cf58c048daec2f95b	
step10_candidate_family_phylogenetics/run_18274798/trees/gastropoda/OG0000165/trimal.log	file	0	2026-08-06T18:04:08.743264+00:00	e3b0c44298fc1c149afbf4c8996fb92427ae41e4649b934ca495991b7852b855	
step10_candidate_family_phylogenetics/run_18274798/trees/gastropoda/OG0000165/trimmed.faa	file	52931	2026-08-06T18:04:08.764946+00:00	61a988152ea3d42cb23e37c26267e959fc08efe4048c193769291e08f0b3c813	
step10_candidate_family_phylogenetics/run_18274798/trees/gastropoda/OG0000214/COMPLETE	file	27	2026-08-06T17:56:25.097412+00:00	1fecf50f36263796c0c1868f34fddb557f7162ad8820ce6a7531220c30c8e049	
step10_candidate_family_phylogenetics/run_18274798/trees/gastropoda/OG0000214/SUPPORT_MODE	file	20	2026-08-06T17:56:25.096674+00:00	e0e15824ca92202c34b8cb97bbd9579641d13bb5b772586ef14fdd2a190b6c6c	
step10_candidate_family_phylogenetics/run_18274798/trees/gastropoda/OG0000214/TREE_PREFIX	file	164	2026-08-06T17:56:25.096214+00:00	801644db3411ea79af667f38000c67226ce516ca71ff7822efd819a475796b11	
step10_candidate_family_phylogenetics/run_18274798/trees/gastropoda/OG0000214/aligned.faa	file	42975	2026-08-06T17:54:03.941334+00:00	53c4d27ac8565b9baceb88c0908ea2ccfd9363922ef30dec031b0c0ccb3fdf65	
step10_candidate_family_phylogenetics/run_18274798/trees/gastropoda/OG0000214/gene_tree_supported.bionj	file	1815	2026-08-06T17:54:23.586314+00:00	2cd6631dfb287a356823f45add984a928e6d09f19dcad465c09e6c604edde9ca	
step10_candidate_family_phylogenetics/run_18274798/trees/gastropoda/OG0000214/gene_tree_supported.ckp.gz	file	54571	2026-08-06T17:56:25.060399+00:00	a7e474576346c1cfca8eefabfa29a701ddd5cc5023f21264ed452d89d64132fc	
step10_candidate_family_phylogenetics/run_18274798/trees/gastropoda/OG0000214/gene_tree_supported.contree	file	1949	2026-08-06T17:56:25.045326+00:00	ba91aa731bf2a90d82d1375a9e187718daccf2ad66ffba0964843f582cbbd449	
step10_candidate_family_phylogenetics/run_18274798/trees/gastropoda/OG0000214/gene_tree_supported.iqtree	file	23115	2026-08-06T17:56:25.055147+00:00	69fd53ec33438770146ddc2ad28bc0a74d32ddc28f86f057b0a4d520a1486579	
step10_candidate_family_phylogenetics/run_18274798/trees/gastropoda/OG0000214/gene_tree_supported.log	file	12549	2026-08-06T17:56:25.061906+00:00	63650e420c033182aacf7336fae1b9a1ad0da0615247b6b51f4119c09fbc25ae	
step10_candidate_family_phylogenetics/run_18274798/trees/gastropoda/OG0000214/gene_tree_supported.mldist	file	11690	2026-08-06T17:54:23.586038+00:00	3c974dbc20fcd1cdfc5cc6d01e5695ebf6a2c897417a97ee5015bc68281fa9bf	
step10_candidate_family_phylogenetics/run_18274798/trees/gastropoda/OG0000214/gene_tree_supported.model.gz	file	3945	2026-08-06T17:54:23.257836+00:00	1730e87d0f97f470aed9b71da36d1a43c5b727989979731b0a0a9ce3b3526bc5	
step10_candidate_family_phylogenetics/run_18274798/trees/gastropoda/OG0000214/gene_tree_supported.splits.nex	file	8682	2026-08-06T17:56:24.299605+00:00	536f8328bf3e9adac8f953ab896c1b17bf7844befa7afd01251b15d24203df2c	
step10_candidate_family_phylogenetics/run_18274798/trees/gastropoda/OG0000214/gene_tree_supported.treefile	file	2062	2026-08-06T17:56:25.045816+00:00	ea724445b9106c0a208cdb9f2969a13d890e6adecc1b557134aa226f6401e1b2	
step10_candidate_family_phylogenetics/run_18274798/trees/gastropoda/OG0000214/iqtree_supported.stderr	file	0	2026-08-06T17:54:03.962532+00:00	e3b0c44298fc1c149afbf4c8996fb92427ae41e4649b934ca495991b7852b855	
step10_candidate_family_phylogenetics/run_18274798/trees/gastropoda/OG0000214/iqtree_supported.stdout	file	12549	2026-08-06T17:56:25.061895+00:00	63650e420c033182aacf7336fae1b9a1ad0da0615247b6b51f4119c09fbc25ae	
step10_candidate_family_phylogenetics/run_18274798/trees/gastropoda/OG0000214/mafft.log	file	14508	2026-08-06T17:54:03.936676+00:00	88454f67163c4c509f1f36da5e75a741a7263eed447295d1775309020ffd5142	
step10_candidate_family_phylogenetics/run_18274798/trees/gastropoda/OG0000214/task_metadata.tsv	file	81	2026-08-06T17:56:25.097110+00:00	0b0ca6512f06ede65e2c490c3b2b327b3c0856fe8e7950a711aeed14fb15c67a	
step10_candidate_family_phylogenetics/run_18274798/trees/gastropoda/OG0000214/trimal.log	file	0	2026-08-06T17:54:03.944094+00:00	e3b0c44298fc1c149afbf4c8996fb92427ae41e4649b934ca495991b7852b855	
step10_candidate_family_phylogenetics/run_18274798/trees/gastropoda/OG0000214/trimmed.faa	file	33830	2026-08-06T17:54:03.955949+00:00	a5fe512641e83d6d6d1f866c432e28568eea5da1ca3f6355b3a5dc7d16cf5f63	
step10_candidate_family_phylogenetics/run_18274798/trees/gastropoda/OG0000221/COMPLETE	file	27	2026-08-06T17:59:36.032059+00:00	1fecf50f36263796c0c1868f34fddb557f7162ad8820ce6a7531220c30c8e049	
step10_candidate_family_phylogenetics/run_18274798/trees/gastropoda/OG0000221/SUPPORT_MODE	file	20	2026-08-06T17:59:36.031282+00:00	e0e15824ca92202c34b8cb97bbd9579641d13bb5b772586ef14fdd2a190b6c6c	
step10_candidate_family_phylogenetics/run_18274798/trees/gastropoda/OG0000221/TREE_PREFIX	file	164	2026-08-06T17:59:36.030858+00:00	fc93dec0806c14dc3a0882733c1fd7a89a44fef266d34dee5092c577c9062e52	
step10_candidate_family_phylogenetics/run_18274798/trees/gastropoda/OG0000221/aligned.faa	file	36138	2026-08-06T17:59:06.317577+00:00	2517f918cfdf172f0314f3f22770ae965d8078cfcef226afd117454c0d7cdff5	
step10_candidate_family_phylogenetics/run_18274798/trees/gastropoda/OG0000221/gene_tree_supported.bionj	file	1398	2026-08-06T17:59:08.102240+00:00	0a9b17c0eaba6e3cd39a82e3f40676096740a3d6244aad976950e40be8535e3a	
step10_candidate_family_phylogenetics/run_18274798/trees/gastropoda/OG0000221/gene_tree_supported.ckp.gz	file	80284	2026-08-06T17:59:36.025649+00:00	fa492d8c392747b5325edfc8d0144a10771e4b27c81d1bf0cbed94271a01eec0	
step10_candidate_family_phylogenetics/run_18274798/trees/gastropoda/OG0000221/gene_tree_supported.contree	file	1515	2026-08-06T17:59:36.001141+00:00	ff2f45ce42f9bd3e2945c0f016d2b5e2b927ffb938dce9a1f9abb45020dc1aaf	
step10_candidate_family_phylogenetics/run_18274798/trees/gastropoda/OG0000221/gene_tree_supported.iqtree	file	21500	2026-08-06T17:59:36.018775+00:00	08937f3e85882ebc59d057b155fdae56fed8cc40be4a60012baa406e17dd1d54	
step10_candidate_family_phylogenetics/run_18274798/trees/gastropoda/OG0000221/gene_tree_supported.log	file	21263	2026-08-06T17:59:36.028441+00:00	3bd5146230525345e04a5994a145b18266dd09816720d09f83d20d58d2124a7c	
step10_candidate_family_phylogenetics/run_18274798/trees/gastropoda/OG0000221/gene_tree_supported.mldist	file	7928	2026-08-06T17:59:08.102664+00:00	f1de81232f1384677dfc82064ea8406403cb2fee044ed7073c34601c2fc41609	
step10_candidate_family_phylogenetics/run_18274798/trees/gastropoda/OG0000221/gene_tree_supported.model.gz	file	3191	2026-08-06T17:59:08.030569+00:00	f6a2a7531218a11978dbf720a9cf0287faef9ccfa9cdd06845c7e8087a915b00	
step10_candidate_family_phylogenetics/run_18274798/trees/gastropoda/OG0000221/gene_tree_supported.splits.nex	file	15564	2026-08-06T17:59:35.952085+00:00	8e2dab6e57cecd96364b4548f96f3b92fd5c935ad8280ef1b38d480dcf6b4e53	
step10_candidate_family_phylogenetics/run_18274798/trees/gastropoda/OG0000221/gene_tree_supported.treefile	file	1611	2026-08-06T17:59:36.001543+00:00	f6f964fb4970244080a87b817c11f864df13fad840fbccad6e546111a7c8d2cc	
step10_candidate_family_phylogenetics/run_18274798/trees/gastropoda/OG0000221/iqtree_supported.stderr	file	0	2026-08-06T17:59:06.332721+00:00	e3b0c44298fc1c149afbf4c8996fb92427ae41e4649b934ca495991b7852b855	
step10_candidate_family_phylogenetics/run_18274798/trees/gastropoda/OG0000221/iqtree_supported.stdout	file	21263	2026-08-06T17:59:36.028429+00:00	3bd5146230525345e04a5994a145b18266dd09816720d09f83d20d58d2124a7c	
step10_candidate_family_phylogenetics/run_18274798/trees/gastropoda/OG0000221/mafft.log	file	36727	2026-08-06T17:59:06.313293+00:00	59158b7427d5c278e42969abc6a2f25db9a3a5463a85344f8bbea9ec515008f2	
step10_candidate_family_phylogenetics/run_18274798/trees/gastropoda/OG0000221/task_metadata.tsv	file	81	2026-08-06T17:59:36.031692+00:00	e42f39a5d737c4db23d521478ae1c85fbd3e37bad383d6ecca6f99e9532a54ad	
step10_candidate_family_phylogenetics/run_18274798/trees/gastropoda/OG0000221/trimal.log	file	0	2026-08-06T17:59:06.320316+00:00	e3b0c44298fc1c149afbf4c8996fb92427ae41e4649b934ca495991b7852b855	
step10_candidate_family_phylogenetics/run_18274798/trees/gastropoda/OG0000221/trimmed.faa	file	2013	2026-08-06T17:59:06.327179+00:00	051ee83f5e6e24af0f2c73fd1bda1d61f1a3bf49920930dc918b0a348ddd8bb7	
step10_candidate_family_phylogenetics/run_18274798/trees/gastropoda/OG0000231/COMPLETE	file	27	2026-08-06T18:10:09.966762+00:00	1fecf50f36263796c0c1868f34fddb557f7162ad8820ce6a7531220c30c8e049	
step10_candidate_family_phylogenetics/run_18274798/trees/gastropoda/OG0000231/SUPPORT_MODE	file	20	2026-08-06T18:10:09.965941+00:00	e0e15824ca92202c34b8cb97bbd9579641d13bb5b772586ef14fdd2a190b6c6c	
step10_candidate_family_phylogenetics/run_18274798/trees/gastropoda/OG0000231/TREE_PREFIX	file	164	2026-08-06T18:10:09.965526+00:00	6652c247f62421cdc4403dab09f79554be3cc6cfcb8a893cf4b547f2a33d87a2	
step10_candidate_family_phylogenetics/run_18274798/trees/gastropoda/OG0000231/aligned.faa	file	19044	2026-08-06T18:09:03.549920+00:00	03db1abc6a54a8f44b45bfccd79ec16f68b532d272b13435b31ca2a01e71c7e6	
step10_candidate_family_phylogenetics/run_18274798/trees/gastropoda/OG0000231/gene_tree_supported.bionj	file	1190	2026-08-06T18:09:05.298431+00:00	bf02c3b63232876c874472489ed239b3a734f853989c74c1e2448be691475da5	
step10_candidate_family_phylogenetics/run_18274798/trees/gastropoda/OG0000231/gene_tree_supported.ckp.gz	file	167830	2026-08-06T18:10:09.950157+00:00	191b552bfacf5f9545de4dd6e2ea3402c62c56a15c055f980ee553e2f02e1518	
step10_candidate_family_phylogenetics/run_18274798/trees/gastropoda/OG0000231/gene_tree_supported.contree	file	1264	2026-08-06T18:10:09.881645+00:00	2392f98de19d3dcec360d054b775e703250416099b0e03e2228522e73a94bffe	
step10_candidate_family_phylogenetics/run_18274798/trees/gastropoda/OG0000231/gene_tree_supported.iqtree	file	18181	2026-08-06T18:10:09.928910+00:00	a40834f75a666d1f267f6c0af0099d144c9807a747a89d15aee56f9614b9d24f	
step10_candidate_family_phylogenetics/run_18274798/trees/gastropoda/OG0000231/gene_tree_supported.log	file	20080	2026-08-06T18:10:09.962668+00:00	b0d6172b81f94433afd00643078c3ddd4c9c9492bff52e11d92748a0e5d39eb6	
step10_candidate_family_phylogenetics/run_18274798/trees/gastropoda/OG0000231/gene_tree_supported.mldist	file	5657	2026-08-06T18:09:05.299788+00:00	99063b308341d7b55f8583c63fb7bcd1089b91e3e4af6dfd7631641b265b79c9	
step10_candidate_family_phylogenetics/run_18274798/trees/gastropoda/OG0000231/gene_tree_supported.model.gz	file	2585	2026-08-06T18:09:05.256441+00:00	4ef57de5e7a9edd1047f397ed98319988b468e20ecdb22920eb9e3db71c40c37	
step10_candidate_family_phylogenetics/run_18274798/trees/gastropoda/OG0000231/gene_tree_supported.splits.nex	file	19046	2026-08-06T18:10:09.847241+00:00	ff089d5d6c424c193f7e82e145ba38c3298947f690e93a53c0d5223a7d3a10e5	
step10_candidate_family_phylogenetics/run_18274798/trees/gastropoda/OG0000231/gene_tree_supported.treefile	file	1319	2026-08-06T18:10:09.881987+00:00	0e34685a12fe693363888ccd5772eddfa9226927870d27ccb9f16f719745015a	
step10_candidate_family_phylogenetics/run_18274798/trees/gastropoda/OG0000231/iqtree_supported.stderr	file	0	2026-08-06T18:09:03.564916+00:00	e3b0c44298fc1c149afbf4c8996fb92427ae41e4649b934ca495991b7852b855	
step10_candidate_family_phylogenetics/run_18274798/trees/gastropoda/OG0000231/iqtree_supported.stdout	file	20080	2026-08-06T18:10:09.962643+00:00	b0d6172b81f94433afd00643078c3ddd4c9c9492bff52e11d92748a0e5d39eb6	
step10_candidate_family_phylogenetics/run_18274798/trees/gastropoda/OG0000231/mafft.log	file	8853	2026-08-06T18:09:03.546071+00:00	39eb64f6574802e367705885dab83bdd70fcd3ba0fbdce5c6ff7268bf0ae0a2e	
step10_candidate_family_phylogenetics/run_18274798/trees/gastropoda/OG0000231/task_metadata.tsv	file	81	2026-08-06T18:10:09.966381+00:00	cc494472534bbbd302798ac26801ae25227597e0227d5faef15b90215631b0e5	
step10_candidate_family_phylogenetics/run_18274798/trees/gastropoda/OG0000231/trimal.log	file	0	2026-08-06T18:09:03.552595+00:00	e3b0c44298fc1c149afbf4c8996fb92427ae41e4649b934ca495991b7852b855	
step10_candidate_family_phylogenetics/run_18274798/trees/gastropoda/OG0000231/trimmed.faa	file	5470	2026-08-06T18:09:03.559317+00:00	b4a954881ef7f07676795e19d26a4d12f755fbdb47859e4d464dbb41d120e605	
step10_candidate_family_phylogenetics/run_18274798/trees/gastropoda/OG0000264/COMPLETE	file	27	2026-08-06T18:22:04.390857+00:00	1fecf50f36263796c0c1868f34fddb557f7162ad8820ce6a7531220c30c8e049	
step10_candidate_family_phylogenetics/run_18274798/trees/gastropoda/OG0000264/SUPPORT_MODE	file	20	2026-08-06T18:22:04.388743+00:00	e0e15824ca92202c34b8cb97bbd9579641d13bb5b772586ef14fdd2a190b6c6c	
step10_candidate_family_phylogenetics/run_18274798/trees/gastropoda/OG0000264/TREE_PREFIX	file	164	2026-08-06T18:22:04.387002+00:00	3601aa2895aca52b3cf59b6173b46978be9adb140b7654c419fba1f6f0b17314	
step10_candidate_family_phylogenetics/run_18274798/trees/gastropoda/OG0000264/aligned.faa	file	50776	2026-08-06T18:19:06.512175+00:00	8b563d15abcefc0e82369d76a079a01caf3f2f9acc52f6c886592d39bb422099	
step10_candidate_family_phylogenetics/run_18274798/trees/gastropoda/OG0000264/gene_tree_supported.bionj	file	3434	2026-08-06T18:19:42.328042+00:00	804a2f11f323c306bccd8ab3af80920266273c86005738df26df5edcd685bfa2	
step10_candidate_family_phylogenetics/run_18274798/trees/gastropoda/OG0000264/gene_tree_supported.ckp.gz	file	80767	2026-08-06T18:22:04.379900+00:00	925bd44017efae1fbe98d1027248636c34b6401de23ac06b978fad970be06337	
step10_candidate_family_phylogenetics/run_18274798/trees/gastropoda/OG0000264/gene_tree_supported.contree	file	3674	2026-08-06T18:22:04.353807+00:00	40936ef634bb0b089ad71cc9977ca4435cbda083cbda7d246c5f2d0e5c177e82	
step10_candidate_family_phylogenetics/run_18274798/trees/gastropoda/OG0000264/gene_tree_supported.iqtree	file	33017	2026-08-06T18:22:04.371962+00:00	f552b43de497c886bf1e84374730502d7420fe01353baa6d8cea030cc32b65f7	
step10_candidate_family_phylogenetics/run_18274798/trees/gastropoda/OG0000264/gene_tree_supported.log	file	16652	2026-08-06T18:22:04.382416+00:00	e5d869e3b33dec357dd14a44f2a6d770411b42b1279557c23509883548039c1a	
step10_candidate_family_phylogenetics/run_18274798/trees/gastropoda/OG0000264/gene_tree_supported.mldist	file	29532	2026-08-06T18:19:42.329612+00:00	87b08cbf48908127af29cac93e7b7479c3befb8a3610817a13a06b84e91d74c0	
step10_candidate_family_phylogenetics/run_18274798/trees/gastropoda/OG0000264/gene_tree_supported.model.gz	file	5247	2026-08-06T18:19:35.942916+00:00	c8712216e1669b6ce5e5c86294c71dce1ac195242870740ad6f814b57302e8b3	
step10_candidate_family_phylogenetics/run_18274798/trees/gastropoda/OG0000264/gene_tree_supported.splits.nex	file	16687	2026-08-06T18:22:04.080769+00:00	e382bee4647557a989d978fe38b57464885517a39ff1c6b4305202c550fd9ce1	
step10_candidate_family_phylogenetics/run_18274798/trees/gastropoda/OG0000264/gene_tree_supported.treefile	file	3903	2026-08-06T18:22:04.354672+00:00	9b78c52db6dadd7e22e29145c35482bf7bc26bbcced714f383b994a515538022	
step10_candidate_family_phylogenetics/run_18274798/trees/gastropoda/OG0000264/iqtree_supported.stderr	file	0	2026-08-06T18:19:06.541316+00:00	e3b0c44298fc1c149afbf4c8996fb92427ae41e4649b934ca495991b7852b855	
step10_candidate_family_phylogenetics/run_18274798/trees/gastropoda/OG0000264/iqtree_supported.stdout	file	16652	2026-08-06T18:22:04.382394+00:00	e5d869e3b33dec357dd14a44f2a6d770411b42b1279557c23509883548039c1a	
step10_candidate_family_phylogenetics/run_18274798/trees/gastropoda/OG0000264/mafft.log	file	31069	2026-08-06T18:19:06.507743+00:00	6c1b25261d8b17f905a460477194d7cb9f4ae16075906b0cac9358d9596b0b0a	
step10_candidate_family_phylogenetics/run_18274798/trees/gastropoda/OG0000264/task_metadata.tsv	file	81	2026-08-06T18:22:04.389530+00:00	6a452bc04e64b173661589c2175ce5832b4f6026fe31966a2cc5c52fac3928e0	
step10_candidate_family_phylogenetics/run_18274798/trees/gastropoda/OG0000264/trimal.log	file	0	2026-08-06T18:19:06.514969+00:00	e3b0c44298fc1c149afbf4c8996fb92427ae41e4649b934ca495991b7852b855	
step10_candidate_family_phylogenetics/run_18274798/trees/gastropoda/OG0000264/trimmed.faa	file	23287	2026-08-06T18:19:06.535017+00:00	11582520743d9886fb853a9384228f8390cccbcc8a3bc712ee422491ed478cfd	
step10_candidate_family_phylogenetics/run_18274798/trees/gastropoda/OG0000307/COMPLETE	file	27	2026-08-06T18:23:52.470985+00:00	1fecf50f36263796c0c1868f34fddb557f7162ad8820ce6a7531220c30c8e049	
step10_candidate_family_phylogenetics/run_18274798/trees/gastropoda/OG0000307/SUPPORT_MODE	file	20	2026-08-06T18:23:52.469118+00:00	e0e15824ca92202c34b8cb97bbd9579641d13bb5b772586ef14fdd2a190b6c6c	
step10_candidate_family_phylogenetics/run_18274798/trees/gastropoda/OG0000307/TREE_PREFIX	file	164	2026-08-06T18:23:52.468336+00:00	1f8488a294072c6466a4c40b75f38bd62d72ff5993e96b36555ed542b36dd355	
step10_candidate_family_phylogenetics/run_18274798/trees/gastropoda/OG0000307/aligned.faa	file	136678	2026-08-06T18:19:42.886101+00:00	0342621040400cb032ca4338064e39d3323f0f3220b5ce8a10d1976029621e52	
step10_candidate_family_phylogenetics/run_18274798/trees/gastropoda/OG0000307/gene_tree_supported.bionj	file	2417	2026-08-06T18:21:13.660380+00:00	6300279e360120a601ddb18a35dcb7cf610476e1db3a63b59da463d1e4009cff	
step10_candidate_family_phylogenetics/run_18274798/trees/gastropoda/OG0000307/gene_tree_supported.ckp.gz	file	53541	2026-08-06T18:23:52.463953+00:00	5ffd23edef0248664f78d0d4e40899e5bdc276eca78930146c2ed0eb7a9496e1	
step10_candidate_family_phylogenetics/run_18274798/trees/gastropoda/OG0000307/gene_tree_supported.contree	file	2652	2026-08-06T18:23:52.449636+00:00	abb9ffcb0647a8bd70f01d6db884ad883d7b6b318dcc77308bd827e233e5d319	
step10_candidate_family_phylogenetics/run_18274798/trees/gastropoda/OG0000307/gene_tree_supported.iqtree	file	27434	2026-08-06T18:23:52.459364+00:00	e59199a899e487ded110ca02b0f93f801d6c3afddaf755a9a04f42fa089371b8	
step10_candidate_family_phylogenetics/run_18274798/trees/gastropoda/OG0000307/gene_tree_supported.log	file	12840	2026-08-06T18:23:52.465614+00:00	3793acdf647fdbfaf27da8a91b06be68ae0e2d30bee1d6803e74c4d98783fd3b	
step10_candidate_family_phylogenetics/run_18274798/trees/gastropoda/OG0000307/gene_tree_supported.mldist	file	20299	2026-08-06T18:21:13.660419+00:00	ca463596ea512b462338a99f7d40ae9acb86dfcef1c22c5a91e830636f52b5d9	
step10_candidate_family_phylogenetics/run_18274798/trees/gastropoda/OG0000307/gene_tree_supported.model.gz	file	4869	2026-08-06T18:21:11.275978+00:00	4f3cb873960b34ce00518fff333ba7ab0783fd963f3bf3dd6afeceacfe8cba71	
step10_candidate_family_phylogenetics/run_18274798/trees/gastropoda/OG0000307/gene_tree_supported.splits.nex	file	6734	2026-08-06T18:23:51.700887+00:00	f6ebf6ac4c8e076505cba69567c23e1754ba180ac961ac74f1089590f4cd91e1	
step10_candidate_family_phylogenetics/run_18274798/trees/gastropoda/OG0000307/gene_tree_supported.treefile	file	2848	2026-08-06T18:23:52.450239+00:00	860100b557f2d0ac1464b3efcf468ab0f27505e93e6dc119ebe63310860f8ed9	
step10_candidate_family_phylogenetics/run_18274798/trees/gastropoda/OG0000307/iqtree_supported.stderr	file	0	2026-08-06T18:19:42.973855+00:00	e3b0c44298fc1c149afbf4c8996fb92427ae41e4649b934ca495991b7852b855	
step10_candidate_family_phylogenetics/run_18274798/trees/gastropoda/OG0000307/iqtree_supported.stdout	file	12840	2026-08-06T18:23:52.465605+00:00	3793acdf647fdbfaf27da8a91b06be68ae0e2d30bee1d6803e74c4d98783fd3b	
step10_candidate_family_phylogenetics/run_18274798/trees/gastropoda/OG0000307/mafft.log	file	51242	2026-08-06T18:19:42.880186+00:00	e64c67ecff4667d12590804db74f5632eaba0b3284264280c0d3b26b4065dcba	
step10_candidate_family_phylogenetics/run_18274798/trees/gastropoda/OG0000307/task_metadata.tsv	file	81	2026-08-06T18:23:52.469934+00:00	71375063ca48efd882ec1475f6b0a7bd5f1748f29d7de56d19c5d9092ca64406	
step10_candidate_family_phylogenetics/run_18274798/trees/gastropoda/OG0000307/trimal.log	file	0	2026-08-06T18:19:42.888643+00:00	e3b0c44298fc1c149afbf4c8996fb92427ae41e4649b934ca495991b7852b855	
step10_candidate_family_phylogenetics/run_18274798/trees/gastropoda/OG0000307/trimmed.faa	file	56655	2026-08-06T18:19:42.967755+00:00	4b817ee45292036c8f843255650a0ce5b569d7d6cf57a5d199571c31140491fe	
step10_candidate_family_phylogenetics/run_18274798/trees/gastropoda/OG0000320/COMPLETE	file	27	2026-08-06T18:25:22.732325+00:00	1fecf50f36263796c0c1868f34fddb557f7162ad8820ce6a7531220c30c8e049	
step10_candidate_family_phylogenetics/run_18274798/trees/gastropoda/OG0000320/SUPPORT_MODE	file	20	2026-08-06T18:25:22.730376+00:00	e0e15824ca92202c34b8cb97bbd9579641d13bb5b772586ef14fdd2a190b6c6c	
step10_candidate_family_phylogenetics/run_18274798/trees/gastropoda/OG0000320/TREE_PREFIX	file	164	2026-08-06T18:25:22.729150+00:00	2b4242686e3d079f04f1a3a8305d56d3d0c9bb94ca267ad44af695ac976420b2	
step10_candidate_family_phylogenetics/run_18274798/trees/gastropoda/OG0000320/aligned.faa	file	149013	2026-08-06T18:19:36.075721+00:00	414f7b1c577a71b4883acb4336cff39d47e689613aea98f17a379b009e762ded	
step10_candidate_family_phylogenetics/run_18274798/trees/gastropoda/OG0000320/gene_tree_supported.bionj	file	2060	2026-08-06T18:22:41.813956+00:00	ad2c9750138e1ed301bebe2421cca2972974d61d07194666206d4433f627d5f9	
step10_candidate_family_phylogenetics/run_18274798/trees/gastropoda/OG0000320/gene_tree_supported.ckp.gz	file	39989	2026-08-06T18:25:22.723301+00:00	faf54d1496edcebe99aeeff6c0179baff8d4991eaafc4a5f415baa5591269fed	
step10_candidate_family_phylogenetics/run_18274798/trees/gastropoda/OG0000320/gene_tree_supported.contree	file	2248	2026-08-06T18:25:22.709804+00:00	9428575ab54b2fbe1a789224d4eab74af30affdc272ae07919d3a797be450dd2	
step10_candidate_family_phylogenetics/run_18274798/trees/gastropoda/OG0000320/gene_tree_supported.iqtree	file	25384	2026-08-06T18:25:22.719429+00:00	a399deece9516ee8d49e5d1d553b3e5cab4089590738d7f816e6b0c41a57db27	
step10_candidate_family_phylogenetics/run_18274798/trees/gastropoda/OG0000320/gene_tree_supported.log	file	12249	2026-08-06T18:25:22.725035+00:00	b0898ae0dde04ed49a97c276dc23f05b02432ae9a81596479c688e42e8e00c45	
step10_candidate_family_phylogenetics/run_18274798/trees/gastropoda/OG0000320/gene_tree_supported.mldist	file	14295	2026-08-06T18:22:41.813828+00:00	d5216b097221f86214cfef17f8f6dc5c50f37ce6d55ac2dce3147359d53f9de0	
step10_candidate_family_phylogenetics/run_18274798/trees/gastropoda/OG0000320/gene_tree_supported.model.gz	file	4317	2026-08-06T18:22:26.231197+00:00	8d8cb20f4c2b1a5283c3310f0e2fcd36f60dfaf966b9de43dda1c159467763e2	
step10_candidate_family_phylogenetics/run_18274798/trees/gastropoda/OG0000320/gene_tree_supported.splits.nex	file	3820	2026-08-06T18:25:22.151384+00:00	025bb0c31436e14cff14550a45833cd7e8bfad23893a12d63c7ba18e99b4a4b0	
step10_candidate_family_phylogenetics/run_18274798/trees/gastropoda/OG0000320/gene_tree_supported.treefile	file	2392	2026-08-06T18:25:22.710320+00:00	ffe4f5786b62045db1b73dd8acecc5c3522a6351aee322f3b496cfbb597939d7	
step10_candidate_family_phylogenetics/run_18274798/trees/gastropoda/OG0000320/iqtree_supported.stderr	file	0	2026-08-06T18:19:36.207855+00:00	e3b0c44298fc1c149afbf4c8996fb92427ae41e4649b934ca495991b7852b855	
step10_candidate_family_phylogenetics/run_18274798/trees/gastropoda/OG0000320/iqtree_supported.stdout	file	12249	2026-08-06T18:25:22.725025+00:00	b0898ae0dde04ed49a97c276dc23f05b02432ae9a81596479c688e42e8e00c45	
step10_candidate_family_phylogenetics/run_18274798/trees/gastropoda/OG0000320/mafft.log	file	30261	2026-08-06T18:19:36.068803+00:00	d996cdac5f64f21a6b9011f8f0fd589b58be387f0a08bb7b0e639da09d4dd4d3	
step10_candidate_family_phylogenetics/run_18274798/trees/gastropoda/OG0000320/task_metadata.tsv	file	81	2026-08-06T18:25:22.731438+00:00	57dd93de5ade8e6683f347afce598ae73fafb80cec1e664b7d3dfa7664d50a3c	
step10_candidate_family_phylogenetics/run_18274798/trees/gastropoda/OG0000320/trimal.log	file	0	2026-08-06T18:19:36.079412+00:00	e3b0c44298fc1c149afbf4c8996fb92427ae41e4649b934ca495991b7852b855	
step10_candidate_family_phylogenetics/run_18274798/trees/gastropoda/OG0000320/trimmed.faa	file	63801	2026-08-06T18:19:36.201032+00:00	3e7f927cb347c8b551e56cf596dc5350acb8c7fff584e535982ed83a47d57db2	
step11_gene_tree_species_tree_reconciliation/bivalvia/latest	symlink	12	2026-08-06T20:19:23.317195+00:00		run_18286958
step11_gene_tree_species_tree_reconciliation/bivalvia/run_18286958/COMPLETE	file	26	2026-08-06T19:24:11.168078+00:00	22d0a8a28811a929d08361587d3f6922d4a9c40f8f7f0ce4d6dca5ec54ee6a17	
step11_gene_tree_species_tree_reconciliation/bivalvia/run_18286958/METHODS_AND_LIMITATIONS.txt	file	1485	2026-08-06T19:24:11.167662+00:00	58dd2070d504e849d8803ac8c9323e6178b8a025691ad363e19a7870f810df45	
step11_gene_tree_species_tree_reconciliation/bivalvia/run_18286958/alignment_filtered_sequences.tsv	file	529	2026-08-06T19:24:11.161436+00:00	a3f4030a00bac46d4ce4ebfdc4e6b65c735931237df49e88d6a12b60aca2f7f7	
step11_gene_tree_species_tree_reconciliation/bivalvia/run_18286958/branch_event_summary.tsv	file	1219	2026-08-06T19:24:11.163563+00:00	cbbd76894851f1440a8c08fec40726b36645a2092bba112229585ebe5a94097f	
step11_gene_tree_species_tree_reconciliation/bivalvia/run_18286958/duplication_events.tsv	file	411031	2026-08-06T19:24:11.158012+00:00	0927f3bc9e7996a04ac16b9b9dc4469ddcecf6e48bef6d027e1408efacc93a74	
step11_gene_tree_species_tree_reconciliation/bivalvia/run_18286958/family_reconciliation_summary.tsv	file	61329	2026-08-06T19:24:11.147688+00:00	4f105f4438e02ceece31702420ebdd7f2fe1e2bfd29277caa59810ba109ed6b9	
step11_gene_tree_species_tree_reconciliation/bivalvia/run_18286958/high_confidence_duplication_events.tsv	file	77738	2026-08-06T19:24:11.166256+00:00	27f8bbc4a4dbb67721bc6318892fced48abb1fe0a1d23d6d5b83f5ba573052c6	
step11_gene_tree_species_tree_reconciliation/bivalvia/run_18286958/loss_events.tsv	file	58720	2026-08-06T19:24:11.160675+00:00	07ae4b95484139883c2c393821713d36d66c9d7c7d42313b58a4a1b08f7d129e	
step11_gene_tree_species_tree_reconciliation/bivalvia/run_18286958/reconciled_trees/OG0000080/OG0000080.reconciled.nwk	file	9956	2026-08-06T19:24:10.431611+00:00	1d8bf94d6db20d7ecf3f93508a92ac1411c4a03561c63ba0b4fb1951e909bc59	
step11_gene_tree_species_tree_reconciliation/bivalvia/run_18286958/reconciled_trees/OG0000080/OG0000080.root_candidates.tsv	file	689229	2026-08-06T19:24:10.448321+00:00	028c6b0d844288337e669bd6c10b91dd9883229f4d0f430e1b584c79ca465a92	
step11_gene_tree_species_tree_reconciliation/bivalvia/run_18286958/reconciled_trees/OG0000109/OG0000109.reconciled.nwk	file	7354	2026-08-06T19:24:10.180524+00:00	6c3a4c7cc042582297940025822c46d550cac8d02bfb2dafa649d83ed5f09763	
step11_gene_tree_species_tree_reconciliation/bivalvia/run_18286958/reconciled_trees/OG0000109/OG0000109.root_candidates.tsv	file	424790	2026-08-06T19:24:10.190434+00:00	2b2695ee3aa925f42a9eb001bda741f20415197df76b57216dc9e989192b39cc	
step11_gene_tree_species_tree_reconciliation/bivalvia/run_18286958/reconciled_trees/OG0000120/OG0000120.reconciled.nwk	file	5042	2026-08-06T19:24:10.251054+00:00	32250f7d51d3a7f06e870298a349327a048b49fbbac1851e331e68c8732acbb7	
step11_gene_tree_species_tree_reconciliation/bivalvia/run_18286958/reconciled_trees/OG0000120/OG0000120.root_candidates.tsv	file	195906	2026-08-06T19:24:10.255913+00:00	42f70f4f5fabd60a58d8e4d6169c13d91caf8f7947ee8d45e142352a3f4064d3	
step11_gene_tree_species_tree_reconciliation/bivalvia/run_18286958/reconciled_trees/OG0000140/OG0000140.reconciled.nwk	file	2643	2026-08-06T19:24:09.499583+00:00	91a33a08ec52afeb1ed10c0d87a7b17f7e26da2a99523e60e9b3dc5a29bcc17c	
step11_gene_tree_species_tree_reconciliation/bivalvia/run_18286958/reconciled_trees/OG0000140/OG0000140.root_candidates.tsv	file	53099	2026-08-06T19:24:09.501468+00:00	f2ee7d7730b9e4361039d3f6cc1c141ef036900d4d4913046f76abc8be81c465	
step11_gene_tree_species_tree_reconciliation/bivalvia/run_18286958/reconciled_trees/OG0000149/OG0000149.reconciled.nwk	file	2739	2026-08-06T19:24:09.418206+00:00	5ef0e7581a37bcc0c9ebb2abe3adcee54056195acc177d00223b3273c5bd47b9	
step11_gene_tree_species_tree_reconciliation/bivalvia/run_18286958/reconciled_trees/OG0000149/OG0000149.root_candidates.tsv	file	53041	2026-08-06T19:24:09.420459+00:00	2d27f92528805d2acc453ac6f9e5675389be047efa3bcb0582ed356a8f04697c	
step11_gene_tree_species_tree_reconciliation/bivalvia/run_18286958/reconciled_trees/OG0000150/OG0000150.reconciled.nwk	file	2038	2026-08-06T19:24:09.430636+00:00	917b5490c529d33727f045c975f859c92bf6de5958d632dc4a2401477a3eb8a6	
step11_gene_tree_species_tree_reconciliation/bivalvia/run_18286958/reconciled_trees/OG0000150/OG0000150.root_candidates.tsv	file	37960	2026-08-06T19:24:09.432160+00:00	b83bfb418dc9537f6359fd294b9395245e85db799f9f14e49de538807679b17f	
step11_gene_tree_species_tree_reconciliation/bivalvia/run_18286958/reconciled_trees/OG0000156/OG0000156.reconciled.nwk	file	2253	2026-08-06T19:24:09.587215+00:00	f2da2b0d1da8601a2552a5b16f3f05d803615641d1c09bc3a2db3045aa24f8c7	
step11_gene_tree_species_tree_reconciliation/bivalvia/run_18286958/reconciled_trees/OG0000156/OG0000156.root_candidates.tsv	file	39026	2026-08-06T19:24:09.588711+00:00	073f7142d9c53aacbb60336cf4a04e81497d0396c756422dc4795b20b3d227bb	
step11_gene_tree_species_tree_reconciliation/bivalvia/run_18286958/reconciled_trees/OG0000163/OG0000163.reconciled.nwk	file	3179	2026-08-06T19:24:09.571076+00:00	44696f0e0748a14eb4c9d95325a70f614c77e9cc28abae7e4d03f41e2d0dde29	
step11_gene_tree_species_tree_reconciliation/bivalvia/run_18286958/reconciled_trees/OG0000163/OG0000163.root_candidates.tsv	file	79051	2026-08-06T19:24:09.573812+00:00	d1d2566fe2848e5c4ab68ab5af784f1a61034ebcaf40f10f729a2d463dd67f37	
step11_gene_tree_species_tree_reconciliation/bivalvia/run_18286958/reconciled_trees/OG0000174/OG0000174.reconciled.nwk	file	2822	2026-08-06T19:24:09.614852+00:00	a831b81d42c3dec0774a1119c388d9b2a6319b2b0a1c7e301b6458107f3b8fa9	
step11_gene_tree_species_tree_reconciliation/bivalvia/run_18286958/reconciled_trees/OG0000174/OG0000174.root_candidates.tsv	file	57509	2026-08-06T19:24:09.616731+00:00	bd83a447a1383b004084951156cf44e75eb9f2160e5f49f79f9da9aabda2eceb	
step11_gene_tree_species_tree_reconciliation/bivalvia/run_18286958/reconciled_trees/OG0000189/OG0000189.reconciled.nwk	file	2688	2026-08-06T19:24:09.674611+00:00	34642f6a4c2dc39fb4e1121149cff3e187deb1d6e30aaff568375424e84b9a53	
step11_gene_tree_species_tree_reconciliation/bivalvia/run_18286958/reconciled_trees/OG0000189/OG0000189.root_candidates.tsv	file	54310	2026-08-06T19:24:09.676541+00:00	368773083afe4b15147860f2ece897e7f286a458619e34f0df3eab5aeba20733	
step11_gene_tree_species_tree_reconciliation/bivalvia/run_18286958/reconciled_trees/OG0000193/OG0000193.reconciled.nwk	file	2224	2026-08-06T19:24:09.629887+00:00	954a13d75b2fad8bbc9eb08066235d3e6326db91098ff97a436769682a309a00	
step11_gene_tree_species_tree_reconciliation/bivalvia/run_18286958/reconciled_trees/OG0000193/OG0000193.root_candidates.tsv	file	39108	2026-08-06T19:24:09.631453+00:00	db128521f5b3ed81e6edbf2a7449a9621007f9f401e8eb8b9c7823b8c8f025fa	
step11_gene_tree_species_tree_reconciliation/bivalvia/run_18286958/reconciled_trees/OG0000200/OG0000200.reconciled.nwk	file	3386	2026-08-06T19:24:09.847673+00:00	efc42ea22209a86ca21c1b1e41404eaf87fcfb77cde1d9b21904b811ed9b3186	
step11_gene_tree_species_tree_reconciliation/bivalvia/run_18286958/reconciled_trees/OG0000200/OG0000200.root_candidates.tsv	file	83807	2026-08-06T19:24:09.850847+00:00	3c735d8fd7ad57d4729244e0d4b30c930768189a68f1ffeca8e48093c2ce157b	
step11_gene_tree_species_tree_reconciliation/bivalvia/run_18286958/reconciled_trees/OG0000236/OG0000236.reconciled.nwk	file	2906	2026-08-06T19:24:09.786678+00:00	1b129cbca42ee7ffcc0af44e193fb2b28435b7154a133596ee366fbf9b03d4ba	
step11_gene_tree_species_tree_reconciliation/bivalvia/run_18286958/reconciled_trees/OG0000236/OG0000236.root_candidates.tsv	file	57406	2026-08-06T19:24:09.788554+00:00	f0adff43323c97347ed89aa7d414a5b9eb9bdc1388250c45848e4abd51edb879	
step11_gene_tree_species_tree_reconciliation/bivalvia/run_18286958/reconciled_trees/OG0000237/OG0000237.reconciled.nwk	file	6518	2026-08-06T19:24:10.907724+00:00	c67433fc2e62ce363a72515b8fa2a0ff0cc7809b2466e50d60f2bef1abc87e04	
step11_gene_tree_species_tree_reconciliation/bivalvia/run_18286958/reconciled_trees/OG0000237/OG0000237.root_candidates.tsv	file	334823	2026-08-06T19:24:10.917646+00:00	95a2d7b777cf6ce784aff1f97e92855ea7069679680d94c04c786b168790f722	
step11_gene_tree_species_tree_reconciliation/bivalvia/run_18286958/reconciled_trees/OG0000238/OG0000238.reconciled.nwk	file	4013	2026-08-06T19:24:10.633473+00:00	84ac0648a154d9549d7450716867111715b1328220dd3aca575f7901c79ff948	
step11_gene_tree_species_tree_reconciliation/bivalvia/run_18286958/reconciled_trees/OG0000238/OG0000238.root_candidates.tsv	file	113627	2026-08-06T19:24:10.636613+00:00	eb0405c2a3641631101e30c9e8193a73b8645df9b84e905e3607166a1757c182	
step11_gene_tree_species_tree_reconciliation/bivalvia/run_18286958/reconciled_trees/OG0000244/OG0000244.reconciled.nwk	file	3021	2026-08-06T19:24:09.920426+00:00	7890dbf0c6088df5dc54b8a9aeda84cfd5a460e3faabcdf608ad8640d010f6eb	
step11_gene_tree_species_tree_reconciliation/bivalvia/run_18286958/reconciled_trees/OG0000244/OG0000244.root_candidates.tsv	file	67815	2026-08-06T19:24:09.922733+00:00	47d89b39c5f3e19351eb5cb172c33604f9349ac37d61252fd38a50b27037532b	
step11_gene_tree_species_tree_reconciliation/bivalvia/run_18286958/reconciled_trees/OG0000261/OG0000261.reconciled.nwk	file	2599	2026-08-06T19:24:09.973043+00:00	7cc6fea91497e8a7950ae94e49b4126408a59f867546f5efd80c44dcd9620933	
step11_gene_tree_species_tree_reconciliation/bivalvia/run_18286958/reconciled_trees/OG0000261/OG0000261.root_candidates.tsv	file	50526	2026-08-06T19:24:09.974886+00:00	3dbf45ebcda6742770129790ccdc09f250a821e84cd9e07ade95fb4d5027815d	
step11_gene_tree_species_tree_reconciliation/bivalvia/run_18286958/reconciled_trees/OG0000303/OG0000303.reconciled.nwk	file	2545	2026-08-06T19:24:10.466491+00:00	69ceb8b8be76767c79d8e766e6321a25d8b3152720e848f5612e2d66c8276f7c	
step11_gene_tree_species_tree_reconciliation/bivalvia/run_18286958/reconciled_trees/OG0000303/OG0000303.root_candidates.tsv	file	48316	2026-08-06T19:24:10.468169+00:00	7d10b50d19d037b3cfdadf35af9ad8ab132d2351f5416ba5679f12d66a93456d	
step11_gene_tree_species_tree_reconciliation/bivalvia/run_18286958/reconciled_trees/OG0000323/OG0000323.reconciled.nwk	file	2122	2026-08-06T19:24:10.011688+00:00	905ea87d0edbf48abc0751448de680049d7900f6a7c1bfeed478c4bb80fec806	
step11_gene_tree_species_tree_reconciliation/bivalvia/run_18286958/reconciled_trees/OG0000323/OG0000323.root_candidates.tsv	file	34327	2026-08-06T19:24:10.013041+00:00	ae657fe9cce5f9444ea8da0a6f30515ca9e2fcb2e40ce8950f6df8f90bf5f5f1	
step11_gene_tree_species_tree_reconciliation/bivalvia/run_18286958/reconciled_trees/OG0000330/OG0000330.reconciled.nwk	file	2620	2026-08-06T19:24:10.752734+00:00	10cd4866429de9453d6cee67d9316546a2df972a431994763daf8b402278a776	
step11_gene_tree_species_tree_reconciliation/bivalvia/run_18286958/reconciled_trees/OG0000330/OG0000330.root_candidates.tsv	file	49353	2026-08-06T19:24:10.754453+00:00	0553d3b184eee4248eedfb431331a4dab0c0630716146d7563ec64aa4f2d9dbc	
step11_gene_tree_species_tree_reconciliation/bivalvia/run_18286958/reconciled_trees/OG0000374/OG0000374.reconciled.nwk	file	3306	2026-08-06T19:24:10.674081+00:00	3c2bc605c8d92c07a7979c6af2775e9c1fcf4e8354e3817328e256dddad2586f	
step11_gene_tree_species_tree_reconciliation/bivalvia/run_18286958/reconciled_trees/OG0000374/OG0000374.root_candidates.tsv	file	75968	2026-08-06T19:24:10.676644+00:00	7614d3c5a28c429f16f769c5331fe26b140bb14ba3e9df7108f5e4c132eb7cac	
step11_gene_tree_species_tree_reconciliation/bivalvia/run_18286958/reconciled_trees/OG0000376/OG0000376.reconciled.nwk	file	2428	2026-08-06T19:24:10.703997+00:00	c2de7cba5b0a55efeda80d80030542b74caf9e9a254eda624f144e9e3c11b48c	
step11_gene_tree_species_tree_reconciliation/bivalvia/run_18286958/reconciled_trees/OG0000376/OG0000376.root_candidates.tsv	file	43038	2026-08-06T19:24:10.705631+00:00	5b65087d3a037e5dc2f28650aa8310fe4cf0ced4446012f5d6b0e0066ef81196	
step11_gene_tree_species_tree_reconciliation/bivalvia/run_18286958/reconciled_trees/OG0000377/OG0000377.reconciled.nwk	file	2704	2026-08-06T19:24:10.564066+00:00	6970ec135ceaeadfbc256a5010f0ece33bd913d6e8666d69c269feb472e8b517	
step11_gene_tree_species_tree_reconciliation/bivalvia/run_18286958/reconciled_trees/OG0000377/OG0000377.root_candidates.tsv	file	53137	2026-08-06T19:24:10.565918+00:00	63a226e6e8b9ae1a3b5ba21a28cb0318d110d72a779a572b1fe8783b71163569	
step11_gene_tree_species_tree_reconciliation/bivalvia/run_18286958/reconciled_trees/OG0000403/OG0000403.reconciled.nwk	file	3973	2026-08-06T19:24:11.082716+00:00	e64b7b13ad80d323a03ff453ee42448192e74de9dfcb18e0e53b5dde3e93da82	
step11_gene_tree_species_tree_reconciliation/bivalvia/run_18286958/reconciled_trees/OG0000403/OG0000403.root_candidates.tsv	file	127106	2026-08-06T19:24:11.086176+00:00	9147dc263045549696a1a65d3c48c8e2f0f9e2877c28576538b86407a53993a9	
step11_gene_tree_species_tree_reconciliation/bivalvia/run_18286958/reconciled_trees/OG0000404/OG0000404.reconciled.nwk	file	1600	2026-08-06T19:24:10.800848+00:00	b0bf8eaf07972b37ba32680b9197995d4999ad41e5a1bfe938330f929f9bdd60	
step11_gene_tree_species_tree_reconciliation/bivalvia/run_18286958/reconciled_trees/OG0000404/OG0000404.root_candidates.tsv	file	19438	2026-08-06T19:24:10.801998+00:00	0cc6b60abc805b7a54575449c214287982d73bc29189ab9fa44ebdb11d0bc064	
step11_gene_tree_species_tree_reconciliation/bivalvia/run_18286958/reconciled_trees/OG0000450/OG0000450.reconciled.nwk	file	4281	2026-08-06T19:24:10.994637+00:00	d035f0d8ed6b693cff002def435c4ede87e17855861881a7b4ce8f6725425187	
step11_gene_tree_species_tree_reconciliation/bivalvia/run_18286958/reconciled_trees/OG0000450/OG0000450.root_candidates.tsv	file	135715	2026-08-06T19:24:10.998478+00:00	719565e5d7adf01dae21f4159a03bec564f3b22bd1cecd788f987be0940399a0	
step11_gene_tree_species_tree_reconciliation/bivalvia/run_18286958/reconciled_trees/OG0000498/OG0000498.reconciled.nwk	file	2509	2026-08-06T19:24:10.530730+00:00	e6ecfac5e8c01076e127a89cc565a89196d86f264841b6c0db5b8d85190f2c80	
step11_gene_tree_species_tree_reconciliation/bivalvia/run_18286958/reconciled_trees/OG0000498/OG0000498.root_candidates.tsv	file	42689	2026-08-06T19:24:10.532319+00:00	f45225f90afc6ab1a5a8d9fa7aab571005c57df2cde8dd01d8ec6dd3786c3af2	
step11_gene_tree_species_tree_reconciliation/bivalvia/run_18286958/reconciled_trees/OG0000752/OG0000752.reconciled.nwk	file	2333	2026-08-06T19:24:11.025799+00:00	bf21febe93512bb60a80200301b5d5490dc37efe0c08ef965f764885e0511a4d	
step11_gene_tree_species_tree_reconciliation/bivalvia/run_18286958/reconciled_trees/OG0000752/OG0000752.root_candidates.tsv	file	38850	2026-08-06T19:24:11.027387+00:00	2c42e1a0f0efa782c792c5eac1bc560020157571edbe4988757919f03ad3c297	
step11_gene_tree_species_tree_reconciliation/bivalvia/run_18286958/reconciled_trees/OG0000943/OG0000943.reconciled.nwk	file	1842	2026-08-06T19:24:11.133307+00:00	bbd667a38e65d8f2fbaca57efd02f2e5999ef9d171c970cea993eb489c8bc828	
step11_gene_tree_species_tree_reconciliation/bivalvia/run_18286958/reconciled_trees/OG0000943/OG0000943.root_candidates.tsv	file	27623	2026-08-06T19:24:11.134867+00:00	fa87fc17b1719fcb929e1197612c402033fbe09e02fc68fdc7ea19170b0b1998	
step11_gene_tree_species_tree_reconciliation/bivalvia/run_18286958/reconciled_trees/OG0001001/OG0001001.reconciled.nwk	file	1231	2026-08-06T19:24:11.144564+00:00	d592ccac4d7ff5a13b513e8f257bf18538fd127456271db36400794d7e1cd225	
step11_gene_tree_species_tree_reconciliation/bivalvia/run_18286958/reconciled_trees/OG0001001/OG0001001.root_candidates.tsv	file	12628	2026-08-06T19:24:11.145641+00:00	8e21d4f407e7362cbe4d82249da28ecbefa2f25b80734cf08397e7c381daa5e5	
step11_gene_tree_species_tree_reconciliation/bivalvia/run_18286958/species_tree_branches.tsv	file	911	2026-08-06T19:24:11.162011+00:00	bcdc0538bccc6fec7fbfeccd8efb60bdb479d2f7ed4f828bbe16eeffc1c7f6cd	
step11_gene_tree_species_tree_reconciliation/bivalvia/run_18286958/step11_group_summary.tsv	file	305	2026-08-06T19:24:11.167257+00:00	a93b3d2b2824a7526d329f10e8d6751182b6b73604453e0f1f84aabafc55afb6	
step11_gene_tree_species_tree_reconciliation/combined/latest	symlink	12	2026-08-06T20:19:23.339990+00:00		run_18286960
step11_gene_tree_species_tree_reconciliation/combined/run_18286960/COMPLETE	file	41	2026-08-06T19:24:20.264651+00:00	72b4176d2707bea1c519c5b51d631ab5ee54542f2cf83aa999ceafa99739f3df	
step11_gene_tree_species_tree_reconciliation/combined/run_18286960/METHODS_AND_LIMITATIONS.txt	file	443	2026-08-06T19:24:20.261748+00:00	97e7109f085aec119ee412ed11c25155f54316a9658b30e9b9fb43c0921cfe18	
step11_gene_tree_species_tree_reconciliation/combined/run_18286960/alignment_filtered_sequences.tsv	file	1250	2026-08-06T19:24:20.098709+00:00	4cb46348cbb7e568c28c6007edf6fec7a2599cc5e6dcca6ff475bc1654b3d80d	
step11_gene_tree_species_tree_reconciliation/combined/run_18286960/branch_event_summary.tsv	file	2793	2026-08-06T19:24:20.246707+00:00	153c1d75db37aca9d69576cbb11d0c26ae54f259b3921e59960da19ba3ef53b4	
step11_gene_tree_species_tree_reconciliation/combined/run_18286960/duplication_events.tsv	file	860215	2026-08-06T19:24:20.046338+00:00	475ace946aeebd671bac457b353539f1f7a51cf9b4e2a31684e291017aa32eeb	
step11_gene_tree_species_tree_reconciliation/combined/run_18286960/family_reconciliation_priorities.tsv	file	120741	2026-08-06T19:24:20.259523+00:00	feb2cad664236f121c4931e6dcf142a1ebf4facf8f5b27f8a625258bde887391	
step11_gene_tree_species_tree_reconciliation/combined/run_18286960/family_reconciliation_summary.tsv	file	120137	2026-08-06T19:24:20.009140+00:00	565c51b3c333ef988b7d618836af7bdbcef021c7597793c979442e4207f17ba6	
step11_gene_tree_species_tree_reconciliation/combined/run_18286960/high_confidence_duplication_events.tsv	file	176488	2026-08-06T19:24:20.240139+00:00	2fd7740070fef03639b14a69706383c57b1c9765b9f7401dca7b990d360110a6	
step11_gene_tree_species_tree_reconciliation/combined/run_18286960/input_result_directories.tsv	file	296	2026-08-06T19:24:20.260825+00:00	798b5dad46f989cf0e0ae11ff0bd1f4453051f4f89d920d9c1e3649e9a1be41d	
step11_gene_tree_species_tree_reconciliation/combined/run_18286960/loss_events.tsv	file	166484	2026-08-06T19:24:20.092095+00:00	a06c6f98a2695e3bf6443b44426f084662b31da1de9cb31b077d9b3f39c44f87	
step11_gene_tree_species_tree_reconciliation/combined/run_18286960/result_manifest.tsv	file	403	2026-08-06T19:24:20.263760+00:00	df9acb9070b5c2d952c066157a2ad0442052d3991547d12741ebf239425a8e68	
step11_gene_tree_species_tree_reconciliation/combined/run_18286960/species_tree_branches.tsv	file	2236	2026-08-06T19:24:20.253272+00:00	932363a58701503d58d7477490bc680846a094a235da2fa5a273690a55a983e2	
step11_gene_tree_species_tree_reconciliation/combined/run_18286960/step11_summary.tsv	file	313	2026-08-06T19:24:20.255399+00:00	e107063ed59d71c608e69ca9628315c05a82e4d598c74585c813b231531025fa	
step11_gene_tree_species_tree_reconciliation/gastropoda/latest	symlink	12	2026-08-06T20:19:23.329948+00:00		run_18286959
step11_gene_tree_species_tree_reconciliation/gastropoda/run_18286959/COMPLETE	file	28	2026-08-06T19:24:11.514244+00:00	9f91d985be4088f0909b92fc8fe1dc33b25e5701fd8d036dbf2c7f83c7f723ae	
step11_gene_tree_species_tree_reconciliation/gastropoda/run_18286959/METHODS_AND_LIMITATIONS.txt	file	1509	2026-08-06T19:24:11.513452+00:00	850a2a02ef69059fa5337e44f985234c2f0d9f87b72b53b61da85acdc6e81759	
step11_gene_tree_species_tree_reconciliation/gastropoda/run_18286959/alignment_filtered_sequences.tsv	file	773	2026-08-06T19:24:11.504161+00:00	420b6fd19d3061ffb0f7b4607653b3d9195d7bde980a076c05dc0f083640be34	
step11_gene_tree_species_tree_reconciliation/gastropoda/run_18286959/branch_event_summary.tsv	file	1799	2026-08-06T19:24:11.507267+00:00	5538d73873a8d49b46710737361b10dece5746cda19661a3752106c66dcc52ba	
step11_gene_tree_species_tree_reconciliation/gastropoda/run_18286959/duplication_events.tsv	file	449543	2026-08-06T19:24:11.496136+00:00	4599cdb9a9b40a2a4f4c8c5653256c4d77362146bc92b7e66fcb482e4c931a79	
step11_gene_tree_species_tree_reconciliation/gastropoda/run_18286959/family_reconciliation_summary.tsv	file	59323	2026-08-06T19:24:11.482519+00:00	5d0a6d0884e39c1b01b26166a7e899ed3fb58cace958151d6d22b699350309d1	
step11_gene_tree_species_tree_reconciliation/gastropoda/run_18286959/high_confidence_duplication_events.tsv	file	99109	2026-08-06T19:24:11.511032+00:00	066ea048cb9c6bd247b72225eae47f2bf2a462cc9d141d737c3262b3063b5337	
step11_gene_tree_species_tree_reconciliation/gastropoda/run_18286959/loss_events.tsv	file	107958	2026-08-06T19:24:11.502150+00:00	33d99731cdc0d99c1e265bcba63b2ca3605e289849a2f4914176cee2c4f81a3a	
step11_gene_tree_species_tree_reconciliation/gastropoda/run_18286959/reconciled_trees/OG0000065/OG0000065.reconciled.nwk	file	4624	2026-08-06T19:24:10.337339+00:00	f67376057ea551d60d2f502a6dc9bc60c84b72f5cd155f1867a73762185820dc	
step11_gene_tree_species_tree_reconciliation/gastropoda/run_18286959/reconciled_trees/OG0000065/OG0000065.root_candidates.tsv	file	151748	2026-08-06T19:24:10.344519+00:00	3be5ff6bbd4cb1b61a99f267a767a6ecbf4db386490bb87c003faffe96a8714b	
step11_gene_tree_species_tree_reconciliation/gastropoda/run_18286959/reconciled_trees/OG0000074/OG0000074.reconciled.nwk	file	534	2026-08-06T19:24:10.819289+00:00	251def29e15c60df90ab28c75c3ea177f58b565f217732c3c96fccda6cdc092a	
step11_gene_tree_species_tree_reconciliation/gastropoda/run_18286959/reconciled_trees/OG0000074/OG0000074.root_candidates.tsv	file	3068	2026-08-06T19:24:10.820494+00:00	57850d54cfaa4b579f69ac5d105fa4fa862ac0705e10804aa4e5cf62b35c4631	
step11_gene_tree_species_tree_reconciliation/gastropoda/run_18286959/reconciled_trees/OG0000075/OG0000075.reconciled.nwk	file	9236	2026-08-06T19:24:11.088174+00:00	790a956f73b84b989bed834ce6686f6d257c60fcc084d61a01ccb44fc53ef2f3	
step11_gene_tree_species_tree_reconciliation/gastropoda/run_18286959/reconciled_trees/OG0000075/OG0000075.root_candidates.tsv	file	564791	2026-08-06T19:24:11.102927+00:00	b4d8b2dbde5bb173743603e207e4ab8fd7e68258f7a6aaa0483a359210c05c28	
step11_gene_tree_species_tree_reconciliation/gastropoda/run_18286959/reconciled_trees/OG0000088/OG0000088.reconciled.nwk	file	5168	2026-08-06T19:24:09.901242+00:00	a4f958de1bd06daf98e7d6a7f32fb47534082ce74a7788f1c01c52a508c81315	
step11_gene_tree_species_tree_reconciliation/gastropoda/run_18286959/reconciled_trees/OG0000088/OG0000088.root_candidates.tsv	file	211281	2026-08-06T19:24:09.908057+00:00	7631f29b89677155adff31ba4090e74a2856e7a5a9aef3eb38eab8d8654c955f	
step11_gene_tree_species_tree_reconciliation/gastropoda/run_18286959/reconciled_trees/OG0000091/OG0000091.reconciled.nwk	file	3922	2026-08-06T19:24:10.090259+00:00	3ee60fdcbc2f8a7135d76b2a4a4c57581a5a26e0472386926ef928b6bbc8f435	
step11_gene_tree_species_tree_reconciliation/gastropoda/run_18286959/reconciled_trees/OG0000091/OG0000091.root_candidates.tsv	file	109440	2026-08-06T19:24:10.095264+00:00	ff5c11fcee69782e9ceb7921147f6bdf9020af9b2901ebf6f94f5fb567e66c80	
step11_gene_tree_species_tree_reconciliation/gastropoda/run_18286959/reconciled_trees/OG0000096/OG0000096.reconciled.nwk	file	4523	2026-08-06T19:24:09.471927+00:00	53306e80d7cf34d61c7178a486488eae9b622fabad8301ef98be6444b61b28cc	
step11_gene_tree_species_tree_reconciliation/gastropoda/run_18286959/reconciled_trees/OG0000096/OG0000096.root_candidates.tsv	file	143899	2026-08-06T19:24:09.476317+00:00	fed85b24ed5a790ffa3974c93d0c56f4e06c9f62c36b49280cc6987420c82c39	
step11_gene_tree_species_tree_reconciliation/gastropoda/run_18286959/reconciled_trees/OG0000104/OG0000104.reconciled.nwk	file	3184	2026-08-06T19:24:10.627103+00:00	8fcb64d038fa12de8469c7260193b6f25ac065fa46f8793bb5afd424667de84b	
step11_gene_tree_species_tree_reconciliation/gastropoda/run_18286959/reconciled_trees/OG0000104/OG0000104.root_candidates.tsv	file	67398	2026-08-06T19:24:10.635590+00:00	d54f34f23433f537b37dfb621c83f4eb7f40cdba9262a30df2ca9c8ce8bd4289	
step11_gene_tree_species_tree_reconciliation/gastropoda/run_18286959/reconciled_trees/OG0000107/OG0000107.reconciled.nwk	file	5666	2026-08-06T19:24:09.706158+00:00	a2f62886fc9c3758a271c01538a9eac34786cf1163f6454b0060128c0178373d	
step11_gene_tree_species_tree_reconciliation/gastropoda/run_18286959/reconciled_trees/OG0000107/OG0000107.root_candidates.tsv	file	241144	2026-08-06T19:24:09.713513+00:00	c2cbb6a8162590c0e1bb14c12baac98b2afe9ca6f826d608d5c6dee97ee361dd	
step11_gene_tree_species_tree_reconciliation/gastropoda/run_18286959/reconciled_trees/OG0000111/OG0000111.reconciled.nwk	file	2736	2026-08-06T19:24:10.751032+00:00	498fa39626747b74531f3faf1f9bac79453fb9c39bdb4ab7c2c9f4a292fc2c54	
step11_gene_tree_species_tree_reconciliation/gastropoda/run_18286959/reconciled_trees/OG0000111/OG0000111.root_candidates.tsv	file	49962	2026-08-06T19:24:10.758688+00:00	74bc8d5084b9df2fa1187207bed7e8139ec0b8475e84e0eec7cc7b0df08612a9	
step11_gene_tree_species_tree_reconciliation/gastropoda/run_18286959/reconciled_trees/OG0000113/OG0000113.reconciled.nwk	file	3316	2026-08-06T19:24:09.533738+00:00	684db2a810802af7f0d620f3cdfcdad4aa4ac04a26ba4840f00114367bcca3ae	
step11_gene_tree_species_tree_reconciliation/gastropoda/run_18286959/reconciled_trees/OG0000113/OG0000113.root_candidates.tsv	file	71784	2026-08-06T19:24:09.536435+00:00	9cfd1057db178abb8d0a828e09009158c4c255a80b41053c4505612898aa0fbd	
step11_gene_tree_species_tree_reconciliation/gastropoda/run_18286959/reconciled_trees/OG0000117/OG0000117.reconciled.nwk	file	4046	2026-08-06T19:24:10.232806+00:00	70faad7b5d0158afb5388e0a9ff36c11660d26d1aeaf84be57b269cfa8f31e7b	
step11_gene_tree_species_tree_reconciliation/gastropoda/run_18286959/reconciled_trees/OG0000117/OG0000117.root_candidates.tsv	file	117842	2026-08-06T19:24:10.239477+00:00	b9185e5e66e1e4acc56cea4d464fe10c276ce7aa1c0fdf8ad01a61170b730259	
step11_gene_tree_species_tree_reconciliation/gastropoda/run_18286959/reconciled_trees/OG0000121/OG0000121.reconciled.nwk	file	3393	2026-08-06T19:24:09.785441+00:00	46f83bd6c70569b0af5c7a4fce6472dd669157c1b10aa18327f26c50536374f0	
step11_gene_tree_species_tree_reconciliation/gastropoda/run_18286959/reconciled_trees/OG0000121/OG0000121.root_candidates.tsv	file	82241	2026-08-06T19:24:09.788755+00:00	350b2cf2744ce54a6149f4e5fc35b0dfec71b7fedd60134687e5b03337ea98a7	
step11_gene_tree_species_tree_reconciliation/gastropoda/run_18286959/reconciled_trees/OG0000122/OG0000122.reconciled.nwk	file	6205	2026-08-06T19:24:11.224323+00:00	ed42131e368908abe0d9c7fab69bb80a7380b51f4484d9f877befce12883d5ba	
step11_gene_tree_species_tree_reconciliation/gastropoda/run_18286959/reconciled_trees/OG0000122/OG0000122.root_candidates.tsv	file	265640	2026-08-06T19:24:11.232132+00:00	dbcf088999bc907f159cb6a695dad4d6861e0dd4ac21344bbf25c126f0a93efe	
step11_gene_tree_species_tree_reconciliation/gastropoda/run_18286959/reconciled_trees/OG0000123/OG0000123.reconciled.nwk	file	2445	2026-08-06T19:24:09.735947+00:00	8948322900bf1dab0782c016e81f61f662988e5226f70a6219b4d1041b896c35	
step11_gene_tree_species_tree_reconciliation/gastropoda/run_18286959/reconciled_trees/OG0000123/OG0000123.root_candidates.tsv	file	46185	2026-08-06T19:24:09.738673+00:00	1ff6931fceda297c326468a6cdef018c543ec2ed8644723a99a5e7cf0ef819f1	
step11_gene_tree_species_tree_reconciliation/gastropoda/run_18286959/reconciled_trees/OG0000124/OG0000124.reconciled.nwk	file	3648	2026-08-06T19:24:10.416960+00:00	6790355a7cb09aa3cefd4d0c45518dd967930e31283dfef1d657d54310e8ce90	
step11_gene_tree_species_tree_reconciliation/gastropoda/run_18286959/reconciled_trees/OG0000124/OG0000124.root_candidates.tsv	file	92963	2026-08-06T19:24:10.421361+00:00	8a1862a66bd5388cac781519b67ce3ee7dcc53ee31d2e81670bb9747f1d943b5	
step11_gene_tree_species_tree_reconciliation/gastropoda/run_18286959/reconciled_trees/OG0000126/OG0000126.reconciled.nwk	file	3268	2026-08-06T19:24:09.962066+00:00	0e71cbd294188c30d8c3abffd5d37f2db5ae984ed78b002dd43f93d31fdf1fa3	
step11_gene_tree_species_tree_reconciliation/gastropoda/run_18286959/reconciled_trees/OG0000126/OG0000126.root_candidates.tsv	file	71216	2026-08-06T19:24:09.965063+00:00	f7d53309572ac852eff732bcba535e53627a7d1fee4612e0abc755006e80e488	
step11_gene_tree_species_tree_reconciliation/gastropoda/run_18286959/reconciled_trees/OG0000132/OG0000132.reconciled.nwk	file	2546	2026-08-06T19:24:10.141877+00:00	fa6c6d2d7e5480310ff46c2bfea2e801efd2dc9b0903fba3e06c7dbec1daf5ae	
step11_gene_tree_species_tree_reconciliation/gastropoda/run_18286959/reconciled_trees/OG0000132/OG0000132.root_candidates.tsv	file	43694	2026-08-06T19:24:10.144969+00:00	2893cf875ec630f4bfb8f3ef9db2c3e57c553d51acfc60ad08fe723857f0e5cc	
step11_gene_tree_species_tree_reconciliation/gastropoda/run_18286959/reconciled_trees/OG0000134/OG0000134.reconciled.nwk	file	1942	2026-08-06T19:24:10.810764+00:00	fa764b32fab08aeb90bb098dfc8447cd1482c0b3cb7a8f658310ed6746ecbd16	
step11_gene_tree_species_tree_reconciliation/gastropoda/run_18286959/reconciled_trees/OG0000134/OG0000134.root_candidates.tsv	file	28494	2026-08-06T19:24:10.812912+00:00	7598bf006a7c25b4fcd0175d1abd4352e8de0b7a79b6735fb4b5ae3836eaf091	
step11_gene_tree_species_tree_reconciliation/gastropoda/run_18286959/reconciled_trees/OG0000136/OG0000136.reconciled.nwk	file	3337	2026-08-06T19:24:09.608735+00:00	44eeac926799f3dd7c5596c81452fa5e8ce070f0aa82e5916aa1618a338f21d8	
step11_gene_tree_species_tree_reconciliation/gastropoda/run_18286959/reconciled_trees/OG0000136/OG0000136.root_candidates.tsv	file	77957	2026-08-06T19:24:09.611882+00:00	8a78c0664b8e00706d45174ae3103fcc6aa0131f4e4b6b04e73652a99a5e903f	
step11_gene_tree_species_tree_reconciliation/gastropoda/run_18286959/reconciled_trees/OG0000141/OG0000141.reconciled.nwk	file	1996	2026-08-06T19:24:09.982061+00:00	340facbc6d6354e9f628cbeeb384a71443a24c2c9e0d3716ef63c71a50eb13c2	
step11_gene_tree_species_tree_reconciliation/gastropoda/run_18286959/reconciled_trees/OG0000141/OG0000141.root_candidates.tsv	file	31494	2026-08-06T19:24:09.984034+00:00	0eb38b47a367e8e4c61b81786946bbfef991c73941d71fe4cf292a90f37e11ff	
step11_gene_tree_species_tree_reconciliation/gastropoda/run_18286959/reconciled_trees/OG0000142/OG0000142.reconciled.nwk	file	2823	2026-08-06T19:24:10.678760+00:00	b10bf0f655aa9837855e4e7eabaa1f2edfc971e37393439ef8e545371aa407e5	
step11_gene_tree_species_tree_reconciliation/gastropoda/run_18286959/reconciled_trees/OG0000142/OG0000142.root_candidates.tsv	file	51894	2026-08-06T19:24:10.681405+00:00	b1ae5bd3bcf36627ced89c64586dee1820887e6a613e8d84af938519c8a58e4b	
step11_gene_tree_species_tree_reconciliation/gastropoda/run_18286959/reconciled_trees/OG0000159/OG0000159.reconciled.nwk	file	3404	2026-08-06T19:24:10.545867+00:00	5241aedc31064369aca0c4d47d1cae2cdd9f9f3909427beb344debecfd40c729	
step11_gene_tree_species_tree_reconciliation/gastropoda/run_18286959/reconciled_trees/OG0000159/OG0000159.root_candidates.tsv	file	80162	2026-08-06T19:24:10.549446+00:00	fc8466b749a00219be2ac902ce47a83549cc52c11eb1fb909915f92410a7db72	
step11_gene_tree_species_tree_reconciliation/gastropoda/run_18286959/reconciled_trees/OG0000162/OG0000162.reconciled.nwk	file	2887	2026-08-06T19:24:09.496079+00:00	8f1e44eb87d82b74cdde3c5e1a00ecf95f7bcd6dcebe61af70402c7e4337dca1	
step11_gene_tree_species_tree_reconciliation/gastropoda/run_18286959/reconciled_trees/OG0000162/OG0000162.root_candidates.tsv	file	62610	2026-08-06T19:24:09.498560+00:00	9f280a71a41677c2dd25d3e0e76948c6f5bd49a047a5c56faee6abce05e8de82	
step11_gene_tree_species_tree_reconciliation/gastropoda/run_18286959/reconciled_trees/OG0000165/OG0000165.reconciled.nwk	file	3012	2026-08-06T19:24:10.728846+00:00	80824d549f6f93f9d2062c29d5807584c22aaf567544c77c2b199d8291582d24	
step11_gene_tree_species_tree_reconciliation/gastropoda/run_18286959/reconciled_trees/OG0000165/OG0000165.root_candidates.tsv	file	57475	2026-08-06T19:24:10.731411+00:00	8f669730e9a3b5ad4349ce881e1bc6e904554b6c54ba60e20ad94051fe1b0aa6	
step11_gene_tree_species_tree_reconciliation/gastropoda/run_18286959/reconciled_trees/OG0000214/OG0000214.reconciled.nwk	file	3089	2026-08-06T19:24:10.485352+00:00	2d721ff2b52aa405032a582dcd70607c5e9292df81264b9d49b301c493b94e70	
step11_gene_tree_species_tree_reconciliation/gastropoda/run_18286959/reconciled_trees/OG0000214/OG0000214.root_candidates.tsv	file	64924	2026-08-06T19:24:10.488521+00:00	aa43b9a34677ef9b1405b919b3a70d1275002635541cf003bd357254e0615c1e	
step11_gene_tree_species_tree_reconciliation/gastropoda/run_18286959/reconciled_trees/OG0000221/OG0000221.reconciled.nwk	file	2459	2026-08-06T19:24:10.507838+00:00	3820ed1a4ba53df299832b6b1c77d6fd17801521a4bec62828d6adf1ff862ab8	
step11_gene_tree_species_tree_reconciliation/gastropoda/run_18286959/reconciled_trees/OG0000221/OG0000221.root_candidates.tsv	file	39981	2026-08-06T19:24:10.511667+00:00	a435ecf965c1dd176e1cc0bcd7447ccea47a10f99d69fdec48a7d2f6d2d38a93	
step11_gene_tree_species_tree_reconciliation/gastropoda/run_18286959/reconciled_trees/OG0000231/OG0000231.reconciled.nwk	file	2066	2026-08-06T19:24:10.791971+00:00	73ebdae1e885d5115066c4e655f78f8262d4f4fc470d89746936d635a9fec93e	
step11_gene_tree_species_tree_reconciliation/gastropoda/run_18286959/reconciled_trees/OG0000231/OG0000231.root_candidates.tsv	file	28286	2026-08-06T19:24:10.794161+00:00	cdb67fb2d6f393dd2ac3f1f3a8e84fa4d6063916c9bafd565c60f03197b636c1	
step11_gene_tree_species_tree_reconciliation/gastropoda/run_18286959/reconciled_trees/OG0000264/OG0000264.reconciled.nwk	file	5535	2026-08-06T19:24:11.293090+00:00	ad64758ebeff30bf22652831fcd3be5005f8b168cbed18e2a01e7f3142a1ea84	
step11_gene_tree_species_tree_reconciliation/gastropoda/run_18286959/reconciled_trees/OG0000264/OG0000264.root_candidates.tsv	file	218871	2026-08-06T19:24:11.299757+00:00	eeb9dfe59575661a9acafc52cf3c23874dfbd4847d30581df88b5e3fc3f965fb	
step11_gene_tree_species_tree_reconciliation/gastropoda/run_18286959/reconciled_trees/OG0000307/OG0000307.reconciled.nwk	file	4217	2026-08-06T19:24:11.392654+00:00	6e600142515043711868cf02cda9c3ab6a53f8a8ac7ed0936bc0007a32ee9654	
step11_gene_tree_species_tree_reconciliation/gastropoda/run_18286959/reconciled_trees/OG0000307/OG0000307.root_candidates.tsv	file	119362	2026-08-06T19:24:11.397075+00:00	d7b530b1a19727aca48cdbddb54a6bfbfc86d3d4de448cbc3a4d2e775560dbeb	
step11_gene_tree_species_tree_reconciliation/gastropoda/run_18286959/reconciled_trees/OG0000320/OG0000320.reconciled.nwk	file	3597	2026-08-06T19:24:11.474707+00:00	bed78fd2c9b7c3d1fc4def638eb313765bbd08a5a35cfe848b57172b0ba95900	
step11_gene_tree_species_tree_reconciliation/gastropoda/run_18286959/reconciled_trees/OG0000320/OG0000320.root_candidates.tsv	file	85189	2026-08-06T19:24:11.478249+00:00	b6eb44dd2e4298c5966ba05a19ebf05d8e5d8d62ef744c41615d0b682cee3243	
step11_gene_tree_species_tree_reconciliation/gastropoda/run_18286959/species_tree_branches.tsv	file	1421	2026-08-06T19:24:11.505233+00:00	184acf64ce1af96208b25649eb7e16634dec9a481c6c99633abf1c9c2aa0c82b	
step11_gene_tree_species_tree_reconciliation/gastropoda/run_18286959/step11_group_summary.tsv	file	307	2026-08-06T19:24:11.512700+00:00	f61f98dfaf89dd533cf0276627570be6191b84c13d9fbc72f13e4d1c7014e7ca	
step12_molecular_evolution/latest	symlink	12	2026-08-07T06:19:55.665887+00:00		run_18288232
step12_molecular_evolution/run_18288232/COMPLETE	file	46	2026-08-07T06:14:58.132016+00:00	945f67b631cdb55926c9de05e004a5dad7348c1edbe396d122b893c21a3d5a08	
step12_molecular_evolution/run_18288232/METHODS_AND_LIMITATIONS.txt	file	1833	2026-08-07T06:14:57.658461+00:00	32daf4eb64f237df39ae9a6c03b7f02f4851a14280ba908079c1cac9032d5701	
step12_molecular_evolution/run_18288232/PREPARED	file	37	2026-08-06T21:10:04.350930+00:00	679785aff0bb741de1eee321fca8d94b1e874059114d7b80f5188b3ce778c1be	
step12_molecular_evolution/run_18288232/absrel_branch_results.tsv	file	145740	2026-08-07T06:14:57.651369+00:00	ccd4a58bc2dea41aa849516d6bd0dec733cd5a652b4b1278ffdd26c448f29789	
step12_molecular_evolution/run_18288232/cds_by_species/Acanthocardia_echinata.candidate_cds.fna	file	19886	2026-08-06T21:09:22.525995+00:00	4e24a225d95441a8ed36c93b686da441cf0514f238d161348004006a99ec6562	
step12_molecular_evolution/run_18288232/cds_by_species/Americardia_media.candidate_cds.fna	file	104083	2026-08-06T21:09:23.998731+00:00	0b5c0bf6dbd5025ba9e4f9d051645ae1ec8e787dafb517566e306b25db48303b	
step12_molecular_evolution/run_18288232/cds_by_species/Aplysia_californica.candidate_cds.fna	file	118444	2026-08-06T21:09:25.167972+00:00	43cca61d0e19c9eff3e142857219e7a31e3205e67cfa58afcb00526bbc0fbf2f	
step12_molecular_evolution/run_18288232/cds_by_species/Berghia_stephanieae.candidate_cds.fna	file	187213	2026-08-06T21:09:26.705835+00:00	6a55f682ad9eccf4a4be78f44f8fff9c619c313c12ae4efd96f4f983be4ff5b1	
step12_molecular_evolution/run_18288232/cds_by_species/Bullacta_exarata.candidate_cds.fna	file	46720	2026-08-06T21:09:27.562464+00:00	24d6d3709b5a5ae4d65975de67696fc6b2219a562359f1ce1ef67e071ecd9b7c	
step12_molecular_evolution/run_18288232/cds_by_species/Cerastoderma_edule.candidate_cds.fna	file	189050	2026-08-06T21:09:36.325110+00:00	d0d100d15b4e1d23ddfdf713c41dc471f715e48f548770c46d9484d68b722738	
step12_molecular_evolution/run_18288232/cds_by_species/Elysia_chlorotica.candidate_cds.fna	file	158263	2026-08-06T21:09:37.718254+00:00	86f6cf2a0ec7daf688ede35aebd0b277a9f1a4aabe96a00daa568950acc2a4ca	
step12_molecular_evolution/run_18288232/cds_by_species/Elysia_crispata.candidate_cds.fna	file	100485	2026-08-06T21:09:39.004874+00:00	050c54120c8ae19ce49fa3b9d93060916dc3be3230746a006b9d5f6e543fec5c	
step12_molecular_evolution/run_18288232/cds_by_species/Elysia_marginata.candidate_cds.fna	file	293842	2026-08-06T21:09:40.175448+00:00	fb2b0fb627307574cfd9bdf8b641d1c14e15790d208a9c5fd190f620503140e7	
step12_molecular_evolution/run_18288232/cds_by_species/Fragum_sueziense.candidate_cds.fna	file	171484	2026-08-06T21:09:52.685912+00:00	b705828b6aaa612e74a518541e3b8cd0e7ee19d6f68ae2cb9feb114e01117f8a	
step12_molecular_evolution/run_18288232/cds_by_species/Onchidella_celtica.candidate_cds.fna	file	77081	2026-08-06T21:10:00.279259+00:00	8a56f5da02cd32b5a50ddc1935947a1e533c41d54e37af063e48b3de4381931d	
step12_molecular_evolution/run_18288232/cds_by_species/Plakobranchus_ocellatus.candidate_cds.fna	file	302968	2026-08-06T21:10:01.418752+00:00	dba6e300d6b0977966aa8f58b23d595b47033f3d51930d83b5c90dcf4f2dd0d4	
step12_molecular_evolution/run_18288232/cds_by_species/Tridacna_gigas.candidate_cds.fna	file	59879	2026-08-06T21:10:02.664804+00:00	ddec4493107ad7a4a61f56fd862e22cc904df8f56d088b089ddcd2f9ec0aa920	
step12_molecular_evolution/run_18288232/cds_by_species/Tridacna_maxima.candidate_cds.fna	file	43231	2026-08-06T21:10:03.400351+00:00	87ca6fdfe1752604a7ceee45f148692ea6faf8f7aea565865532ea0da560edf0	
step12_molecular_evolution/run_18288232/cds_source_summary.tsv	file	2223	2026-08-06T21:10:03.401579+00:00	c99a9c990a9a0e54c17f9e57e4964fe703a67274055e7725c10352d4d468be8d	
step12_molecular_evolution/run_18288232/family_molecular_evolution_results.tsv	file	75265	2026-08-07T06:14:57.643681+00:00	9f4197137066f369a744a7be2d58d03db1a757f7efe344e0765520c55993ef4d	
step12_molecular_evolution/run_18288232/family_preparation_summary.tsv	file	54635	2026-08-06T21:10:04.349436+00:00	5c34b7d78107fd29fc57e0959f3903f881a2c963fd4bdf646d956a54210619d7	
step12_molecular_evolution/run_18288232/hyphy_results/bivalvia/OG0000080/COMPLETE	file	63	2026-08-07T01:22:43.850476+00:00	7761b77eb287d26c64c9cbc9070daeb0bb38f107c175698c7eecebc2e4b46291	
step12_molecular_evolution/run_18288232/hyphy_results/bivalvia/OG0000080/absrel.json	file	516127	2026-08-07T01:09:05.576395+00:00	3b8a24030402fc9b7e579c36920a91959555bef0e583403e732ee4f9b32b847b	
step12_molecular_evolution/run_18288232/hyphy_results/bivalvia/OG0000080/absrel.stderr	file	0	2026-08-07T01:03:07.923729+00:00	e3b0c44298fc1c149afbf4c8996fb92427ae41e4649b934ca495991b7852b855	
step12_molecular_evolution/run_18288232/hyphy_results/bivalvia/OG0000080/absrel.stdout	file	40836	2026-08-07T01:09:05.561410+00:00	ac797968eabb2fde3e4775dbe615028693656ce7d460d023960ecc64eb42197b	
step12_molecular_evolution/run_18288232/hyphy_results/bivalvia/OG0000080/busted.json	file	1127281	2026-08-07T01:03:07.825589+00:00	1593af3bc6f6b7adc8e5df1c7b8e16a77a1bf68f9a738e9f19848a45ea79a07e	
step12_molecular_evolution/run_18288232/hyphy_results/bivalvia/OG0000080/busted.stderr	file	0	2026-08-07T00:54:31.732362+00:00	e3b0c44298fc1c149afbf4c8996fb92427ae41e4649b934ca495991b7852b855	
step12_molecular_evolution/run_18288232/hyphy_results/bivalvia/OG0000080/busted.stdout	file	9649	2026-08-07T01:03:07.795942+00:00	20aace23928c87847e3513fbf30329f10c5ca4a19a8a9a5ed20754b65c935f59	
step12_molecular_evolution/run_18288232/hyphy_results/bivalvia/OG0000080/relax.json	file	265776	2026-08-07T01:22:43.688616+00:00	58d44205b20f4ad6df89386768ef9e731e3e53a22ce7ad46ef3a71dc1eb087a1	
step12_molecular_evolution/run_18288232/hyphy_results/bivalvia/OG0000080/relax.stderr	file	0	2026-08-07T01:09:05.635448+00:00	e3b0c44298fc1c149afbf4c8996fb92427ae41e4649b934ca495991b7852b855	
step12_molecular_evolution/run_18288232/hyphy_results/bivalvia/OG0000080/relax.stdout	file	12919	2026-08-07T01:22:43.680375+00:00	0da2d5414491b8fbf92797bfcb20e18670a425909ef92cb08e347a2ae7faee3c	
step12_molecular_evolution/run_18288232/hyphy_results/bivalvia/OG0000109/COMPLETE	file	63	2026-08-07T02:20:49.435774+00:00	7761b77eb287d26c64c9cbc9070daeb0bb38f107c175698c7eecebc2e4b46291	
step12_molecular_evolution/run_18288232/hyphy_results/bivalvia/OG0000109/absrel.json	file	1031023	2026-08-07T02:01:39.408497+00:00	c9d6dc592320ac8f3d9c683dcba13c07be602d67d8c2e53397227dcd8e8049fb	
step12_molecular_evolution/run_18288232/hyphy_results/bivalvia/OG0000109/absrel.stderr	file	0	2026-08-07T01:20:39.475173+00:00	e3b0c44298fc1c149afbf4c8996fb92427ae41e4649b934ca495991b7852b855	
step12_molecular_evolution/run_18288232/hyphy_results/bivalvia/OG0000109/absrel.stdout	file	69414	2026-08-07T02:01:39.381697+00:00	476555340ad291c3b71bdec6e8456991eea301bc5ad5997d776e4b30f6b0fc97	
step12_molecular_evolution/run_18288232/hyphy_results/bivalvia/OG0000109/busted.json	file	1742804	2026-08-07T01:20:39.420796+00:00	a01f247f952946cd8f307409f2245724c85b868539911ae3e7da5a3aeca3892b	
step12_molecular_evolution/run_18288232/hyphy_results/bivalvia/OG0000109/busted.stderr	file	0	2026-08-07T00:49:31.596199+00:00	e3b0c44298fc1c149afbf4c8996fb92427ae41e4649b934ca495991b7852b855	
step12_molecular_evolution/run_18288232/hyphy_results/bivalvia/OG0000109/busted.stdout	file	10840	2026-08-07T01:20:39.380428+00:00	8815d7730ad2889f55fc31a2ab492db01c2f173fe9ced08a34a15147195f8115	
step12_molecular_evolution/run_18288232/hyphy_results/bivalvia/OG0000109/relax.json	file	502310	2026-08-07T02:20:49.241300+00:00	450ea4cb09232335d2042e86e40677be2748a47f7950427a911c9e94ededac2d	
step12_molecular_evolution/run_18288232/hyphy_results/bivalvia/OG0000109/relax.stderr	file	0	2026-08-07T02:01:39.468753+00:00	e3b0c44298fc1c149afbf4c8996fb92427ae41e4649b934ca495991b7852b855	
step12_molecular_evolution/run_18288232/hyphy_results/bivalvia/OG0000109/relax.stdout	file	14108	2026-08-07T02:20:49.230047+00:00	db596e432fe6b718ef9348708bc706efb576237d833b90a4b6662595694367f2	
step12_molecular_evolution/run_18288232/hyphy_results/bivalvia/OG0000120/SKIPPED	file	35	2026-08-07T00:49:31.595411+00:00	f7cca8eebe14bbc07493d765a13ebce5db92ced04ae7da4413342b1d52cbe72d	
step12_molecular_evolution/run_18288232/hyphy_results/bivalvia/OG0000140/SKIPPED	file	16	2026-08-07T00:09:28.957477+00:00	d4a16daef357c129854ccea1ce718c41c2e0cfdc959888c0208b3ca2972ae82f	
step12_molecular_evolution/run_18288232/hyphy_results/bivalvia/OG0000149/COMPLETE	file	63	2026-08-07T00:21:02.681707+00:00	7761b77eb287d26c64c9cbc9070daeb0bb38f107c175698c7eecebc2e4b46291	
step12_molecular_evolution/run_18288232/hyphy_results/bivalvia/OG0000149/absrel.json	file	177528	2026-08-07T00:17:44.847864+00:00	66ede3183df2a667f76dc02cd1c0e3cdad82e0d458acca5b542a4acd0611175f	
step12_molecular_evolution/run_18288232/hyphy_results/bivalvia/OG0000149/absrel.stderr	file	0	2026-08-07T00:16:10.248498+00:00	e3b0c44298fc1c149afbf4c8996fb92427ae41e4649b934ca495991b7852b855	
step12_molecular_evolution/run_18288232/hyphy_results/bivalvia/OG0000149/absrel.stdout	file	23744	2026-08-07T00:17:44.842246+00:00	43e46ec0ae888e1fa6b1b4bd50c5c928f0b395e99530d331a4003aeeb1043689	
step12_molecular_evolution/run_18288232/hyphy_results/bivalvia/OG0000149/busted.json	file	365254	2026-08-07T00:16:10.189937+00:00	5cf64c8852f8611cfa99d6cc548385b7a11c45aeeb4fdf078df370c3eb663a49	
step12_molecular_evolution/run_18288232/hyphy_results/bivalvia/OG0000149/busted.stderr	file	0	2026-08-07T00:09:28.959386+00:00	e3b0c44298fc1c149afbf4c8996fb92427ae41e4649b934ca495991b7852b855	
step12_molecular_evolution/run_18288232/hyphy_results/bivalvia/OG0000149/busted.stdout	file	8274	2026-08-07T00:16:10.168711+00:00	0a07518d01163121ea7a761079d71a72a34a56251a468713a62e3bc7e9b6d74a	
step12_molecular_evolution/run_18288232/hyphy_results/bivalvia/OG0000149/relax.json	file	70716	2026-08-07T00:21:02.577634+00:00	7cf02042e0fcee88e86cb43920de3b9f75ec9a6b9a7c0990a0a427a4139faef6	
step12_molecular_evolution/run_18288232/hyphy_results/bivalvia/OG0000149/relax.stderr	file	0	2026-08-07T00:17:44.893400+00:00	e3b0c44298fc1c149afbf4c8996fb92427ae41e4649b934ca495991b7852b855	
step12_molecular_evolution/run_18288232/hyphy_results/bivalvia/OG0000149/relax.stdout	file	9916	2026-08-07T00:21:02.573720+00:00	a18386e7d1c7c3ab5276c6e375796d83360e34aeed19d73381143b461327e3cc	
step12_molecular_evolution/run_18288232/hyphy_results/bivalvia/OG0000150/SKIPPED	file	16	2026-08-07T00:09:28.958139+00:00	d4a16daef357c129854ccea1ce718c41c2e0cfdc959888c0208b3ca2972ae82f	
step12_molecular_evolution/run_18288232/hyphy_results/bivalvia/OG0000156/SKIPPED	file	16	2026-08-07T00:14:28.662314+00:00	d4a16daef357c129854ccea1ce718c41c2e0cfdc959888c0208b3ca2972ae82f	
step12_molecular_evolution/run_18288232/hyphy_results/bivalvia/OG0000163/SKIPPED	file	16	2026-08-07T00:14:28.662513+00:00	d4a16daef357c129854ccea1ce718c41c2e0cfdc959888c0208b3ca2972ae82f	
step12_molecular_evolution/run_18288232/hyphy_results/bivalvia/OG0000174/COMPLETE	file	63	2026-08-07T00:35:41.228906+00:00	7761b77eb287d26c64c9cbc9070daeb0bb38f107c175698c7eecebc2e4b46291	
step12_molecular_evolution/run_18288232/hyphy_results/bivalvia/OG0000174/absrel.json	file	261781	2026-08-07T00:30:39.028532+00:00	80234725322114c4271d5bd779f15dc7632ded8c83bbe3ed0b7bc00963322105	
step12_molecular_evolution/run_18288232/hyphy_results/bivalvia/OG0000174/absrel.stderr	file	0	2026-08-07T00:24:55.767709+00:00	e3b0c44298fc1c149afbf4c8996fb92427ae41e4649b934ca495991b7852b855	
step12_molecular_evolution/run_18288232/hyphy_results/bivalvia/OG0000174/absrel.stdout	file	26237	2026-08-07T00:30:39.019846+00:00	a7d934e4842681a40fe48e915b26cb71d40886be3d7b6c38ea8ad944dc314266	
step12_molecular_evolution/run_18288232/hyphy_results/bivalvia/OG0000174/busted.json	file	449434	2026-08-07T00:24:55.069445+00:00	5598218849f5ae0a6cb978d6f4d1ff821c276e18a87c4e0b340649a8c67d9d7b	
step12_molecular_evolution/run_18288232/hyphy_results/bivalvia/OG0000174/busted.stderr	file	0	2026-08-07T00:19:29.490009+00:00	e3b0c44298fc1c149afbf4c8996fb92427ae41e4649b934ca495991b7852b855	
step12_molecular_evolution/run_18288232/hyphy_results/bivalvia/OG0000174/busted.stdout	file	8298	2026-08-07T00:24:55.054822+00:00	1bc368b6d6a58f18ac45c9e11723c06bee7b2d347bdd14bbe8c27ce8abfc6107	
step12_molecular_evolution/run_18288232/hyphy_results/bivalvia/OG0000174/relax.json	file	134643	2026-08-07T00:35:41.108130+00:00	c31225540bf95ece80087ba47cd863de627d2d30b839c882ec49120aa236f7b9	
step12_molecular_evolution/run_18288232/hyphy_results/bivalvia/OG0000174/relax.stderr	file	0	2026-08-07T00:30:39.079865+00:00	e3b0c44298fc1c149afbf4c8996fb92427ae41e4649b934ca495991b7852b855	
step12_molecular_evolution/run_18288232/hyphy_results/bivalvia/OG0000174/relax.stdout	file	9941	2026-08-07T00:35:41.102645+00:00	e97800d9cd776080a469b3d33c4663265d50cbebf8e13f4f44875760125d706a	
step12_molecular_evolution/run_18288232/hyphy_results/bivalvia/OG0000189/SKIPPED	file	16	2026-08-07T00:24:29.311037+00:00	d4a16daef357c129854ccea1ce718c41c2e0cfdc959888c0208b3ca2972ae82f	
step12_molecular_evolution/run_18288232/hyphy_results/bivalvia/OG0000193/SKIPPED	file	16	2026-08-07T00:19:28.899340+00:00	d4a16daef357c129854ccea1ce718c41c2e0cfdc959888c0208b3ca2972ae82f	
step12_molecular_evolution/run_18288232/hyphy_results/bivalvia/OG0000200/SKIPPED	file	16	2026-08-07T00:29:32.800448+00:00	d4a16daef357c129854ccea1ce718c41c2e0cfdc959888c0208b3ca2972ae82f	
step12_molecular_evolution/run_18288232/hyphy_results/bivalvia/OG0000236/COMPLETE	file	63	2026-08-07T00:47:11.289948+00:00	7761b77eb287d26c64c9cbc9070daeb0bb38f107c175698c7eecebc2e4b46291	
step12_molecular_evolution/run_18288232/hyphy_results/bivalvia/OG0000236/absrel.json	file	1291811	2026-08-07T00:44:04.464323+00:00	f03ec554a5826ddc9b9baaa557cb40ac4cd173a3dfacc3db36c0d5aeab00427f	
step12_molecular_evolution/run_18288232/hyphy_results/bivalvia/OG0000236/absrel.stderr	file	0	2026-08-07T00:31:13.587079+00:00	e3b0c44298fc1c149afbf4c8996fb92427ae41e4649b934ca495991b7852b855	
step12_molecular_evolution/run_18288232/hyphy_results/bivalvia/OG0000236/absrel.stdout	file	27875	2026-08-07T00:44:04.427231+00:00	075f36e58c1e1ca163db795c5f53b1123a8b581d31f7c5fa84d890b5862de9d6	
step12_molecular_evolution/run_18288232/hyphy_results/bivalvia/OG0000236/busted.json	file	1645750	2026-08-07T00:31:13.528774+00:00	b065aba6f50b2d1f1b9b794d2ad6c037270eecf2468ec85c38a1d2a7109d587b	
step12_molecular_evolution/run_18288232/hyphy_results/bivalvia/OG0000236/busted.stderr	file	0	2026-08-07T00:24:29.313818+00:00	e3b0c44298fc1c149afbf4c8996fb92427ae41e4649b934ca495991b7852b855	
step12_molecular_evolution/run_18288232/hyphy_results/bivalvia/OG0000236/busted.stdout	file	8078	2026-08-07T00:31:13.488322+00:00	b052b2931305c26c85e662682e43cb191ddef3b9e7ef4b1c8ff7a3f1513aed95	
step12_molecular_evolution/run_18288232/hyphy_results/bivalvia/OG0000236/relax.json	file	316144	2026-08-07T00:47:11.186351+00:00	28f826937998c355e68293a6830f9026799a1b28059023eaf15d9644a1967e6d	
step12_molecular_evolution/run_18288232/hyphy_results/bivalvia/OG0000236/relax.stderr	file	0	2026-08-07T00:44:04.512406+00:00	e3b0c44298fc1c149afbf4c8996fb92427ae41e4649b934ca495991b7852b855	
step12_molecular_evolution/run_18288232/hyphy_results/bivalvia/OG0000236/relax.stdout	file	9723	2026-08-07T00:47:11.178915+00:00	198a04ea894760bae87ffd3d6e146690a0bc41ec13332a1422e975df0ce00ace	
step12_molecular_evolution/run_18288232/hyphy_results/bivalvia/OG0000237/COMPLETE	file	63	2026-08-07T03:06:36.406622+00:00	2d4f16d6aabe9b03544c208c698b11b37ea9598ac6dd42dc452f4c38e459b272	
step12_molecular_evolution/run_18288232/hyphy_results/bivalvia/OG0000237/RELAX_SKIPPED	file	76	2026-08-07T03:06:36.404924+00:00	80583275023b8a5811a4babde23c6c3bfbcb4e179757ae21dceaa0380b4cac53	
step12_molecular_evolution/run_18288232/hyphy_results/bivalvia/OG0000237/absrel.json	file	829248	2026-08-07T03:06:36.346351+00:00	85d117396aab229d4442d17dc02ffb59981b5cc14bdc0436e3a39348746e612d	
step12_molecular_evolution/run_18288232/hyphy_results/bivalvia/OG0000237/absrel.stderr	file	0	2026-08-07T02:13:23.387042+00:00	e3b0c44298fc1c149afbf4c8996fb92427ae41e4649b934ca495991b7852b855	
step12_molecular_evolution/run_18288232/hyphy_results/bivalvia/OG0000237/absrel.stdout	file	60985	2026-08-07T03:06:36.320268+00:00	d6852bbd492c5d4dbd57598482fee1660d1b3ea4c7b3233397d42e7487564f8b	
step12_molecular_evolution/run_18288232/hyphy_results/bivalvia/OG0000237/busted.json	file	1458205	2026-08-07T02:13:23.262477+00:00	832f2a941cdf6c89c48149ebcd41432d8ee54f448357f4288dd259e8d66ed6bc	
step12_molecular_evolution/run_18288232/hyphy_results/bivalvia/OG0000237/busted.stderr	file	0	2026-08-07T01:49:35.145395+00:00	e3b0c44298fc1c149afbf4c8996fb92427ae41e4649b934ca495991b7852b855	
step12_molecular_evolution/run_18288232/hyphy_results/bivalvia/OG0000237/busted.stdout	file	10330	2026-08-07T02:13:23.224714+00:00	652a164d9cb728aceab0cac126b687ced8f5eecd53ca661976c0a9aaccdae5c6	
step12_molecular_evolution/run_18288232/hyphy_results/bivalvia/OG0000238/SKIPPED	file	16	2026-08-07T01:29:33.311748+00:00	d4a16daef357c129854ccea1ce718c41c2e0cfdc959888c0208b3ca2972ae82f	
step12_molecular_evolution/run_18288232/hyphy_results/bivalvia/OG0000244/COMPLETE	file	63	2026-08-07T00:45:56.508476+00:00	7761b77eb287d26c64c9cbc9070daeb0bb38f107c175698c7eecebc2e4b46291	
step12_molecular_evolution/run_18288232/hyphy_results/bivalvia/OG0000244/absrel.json	file	321627	2026-08-07T00:41:18.289375+00:00	5662622105ce43e683a308dd6e612172fabb9bce8248f65c0e596d8b209b4e21	
step12_molecular_evolution/run_18288232/hyphy_results/bivalvia/OG0000244/absrel.stderr	file	0	2026-08-07T00:38:15.001454+00:00	e3b0c44298fc1c149afbf4c8996fb92427ae41e4649b934ca495991b7852b855	
step12_molecular_evolution/run_18288232/hyphy_results/bivalvia/OG0000244/absrel.stdout	file	19562	2026-08-07T00:41:18.278036+00:00	53280a106422224834446877b8333017415cfcc192019bfdab456715656833f7	
step12_molecular_evolution/run_18288232/hyphy_results/bivalvia/OG0000244/busted.json	file	530420	2026-08-07T00:38:14.943770+00:00	13567e76100ff8b2eb1a16b1403820a2d7eacccb3dd35270435a231f2dfa405c	
step12_molecular_evolution/run_18288232/hyphy_results/bivalvia/OG0000244/busted.stderr	file	0	2026-08-07T00:34:29.843879+00:00	e3b0c44298fc1c149afbf4c8996fb92427ae41e4649b934ca495991b7852b855	
step12_molecular_evolution/run_18288232/hyphy_results/bivalvia/OG0000244/busted.stdout	file	8485	2026-08-07T00:38:14.928181+00:00	66dbf28d43ebfe461bf77adff96b007bfa865f39207c02ae8672134da23b2a0b	
step12_molecular_evolution/run_18288232/hyphy_results/bivalvia/OG0000244/relax.json	file	167720	2026-08-07T00:45:56.415242+00:00	ab6f26b03a143ea33901d939188502ce7ee51638f6e4d0da4b105fc1207c02e8	
step12_molecular_evolution/run_18288232/hyphy_results/bivalvia/OG0000244/relax.stderr	file	0	2026-08-07T00:41:18.346502+00:00	e3b0c44298fc1c149afbf4c8996fb92427ae41e4649b934ca495991b7852b855	
step12_molecular_evolution/run_18288232/hyphy_results/bivalvia/OG0000244/relax.stdout	file	11960	2026-08-07T00:45:56.410215+00:00	61c8f0f77ec5e76a0a061013c68cfa6207026cd1bce1641eae9c3388b800993b	
step12_molecular_evolution/run_18288232/hyphy_results/bivalvia/OG0000261/SKIPPED	file	16	2026-08-07T00:39:30.305936+00:00	d4a16daef357c129854ccea1ce718c41c2e0cfdc959888c0208b3ca2972ae82f	
step12_molecular_evolution/run_18288232/hyphy_results/bivalvia/OG0000303/COMPLETE	file	63	2026-08-07T01:10:59.576232+00:00	7761b77eb287d26c64c9cbc9070daeb0bb38f107c175698c7eecebc2e4b46291	
step12_molecular_evolution/run_18288232/hyphy_results/bivalvia/OG0000303/absrel.json	file	378928	2026-08-07T01:04:16.376964+00:00	e506b8a5f2fdca009361a598b203d6094929ee2aa2561f6a8facbfa85afa9486	
step12_molecular_evolution/run_18288232/hyphy_results/bivalvia/OG0000303/absrel.stderr	file	0	2026-08-07T01:01:48.240675+00:00	e3b0c44298fc1c149afbf4c8996fb92427ae41e4649b934ca495991b7852b855	
step12_molecular_evolution/run_18288232/hyphy_results/bivalvia/OG0000303/absrel.stdout	file	21849	2026-08-07T01:04:16.367478+00:00	6d4fc60ce45629368b37c308a06392e8b89f90458493a3070532793a61abd9df	
step12_molecular_evolution/run_18288232/hyphy_results/bivalvia/OG0000303/busted.json	file	764646	2026-08-07T01:01:48.177685+00:00	7e7725db29ca3431c7e0390a1dfbb525e095e040f66d9dab9ea732d34764f814	
step12_molecular_evolution/run_18288232/hyphy_results/bivalvia/OG0000303/busted.stderr	file	0	2026-08-07T00:54:31.867575+00:00	e3b0c44298fc1c149afbf4c8996fb92427ae41e4649b934ca495991b7852b855	
step12_molecular_evolution/run_18288232/hyphy_results/bivalvia/OG0000303/busted.stdout	file	8162	2026-08-07T01:01:48.159209+00:00	a1c3dd2c12f236df532e19d9bb85a732e22f72f40e533c9672e67053283ad11f	
step12_molecular_evolution/run_18288232/hyphy_results/bivalvia/OG0000303/relax.json	file	245766	2026-08-07T01:10:59.466134+00:00	4bc31be2746d857c7d23c7e94f252bc7c37a49d19dc21add71d20400217265fb	
step12_molecular_evolution/run_18288232/hyphy_results/bivalvia/OG0000303/relax.stderr	file	0	2026-08-07T01:04:16.425772+00:00	e3b0c44298fc1c149afbf4c8996fb92427ae41e4649b934ca495991b7852b855	
step12_molecular_evolution/run_18288232/hyphy_results/bivalvia/OG0000303/relax.stdout	file	9840	2026-08-07T01:10:59.460699+00:00	43c44a63950dbc6acab9e53501be06b0cdd1d07333e4b19797e92eec3c5f48d9	
step12_molecular_evolution/run_18288232/hyphy_results/bivalvia/OG0000323/COMPLETE	file	63	2026-08-07T00:54:03.878958+00:00	7761b77eb287d26c64c9cbc9070daeb0bb38f107c175698c7eecebc2e4b46291	
step12_molecular_evolution/run_18288232/hyphy_results/bivalvia/OG0000323/absrel.json	file	321754	2026-08-07T00:50:59.251553+00:00	c8d78d6550979542884d6f5c69987b8fe597d799d460998e8e91285d7de4d3d6	
step12_molecular_evolution/run_18288232/hyphy_results/bivalvia/OG0000323/absrel.stderr	file	0	2026-08-07T00:48:18.421741+00:00	e3b0c44298fc1c149afbf4c8996fb92427ae41e4649b934ca495991b7852b855	
step12_molecular_evolution/run_18288232/hyphy_results/bivalvia/OG0000323/absrel.stdout	file	18119	2026-08-07T00:50:59.242856+00:00	90ae4ec8a0c88655372fb2b29ac292854eae0445a4d1676e08eb7cf006cdfbc8	
step12_molecular_evolution/run_18288232/hyphy_results/bivalvia/OG0000323/busted.json	file	237614	2026-08-07T00:48:18.371367+00:00	598c8003eba2e2ab3f0c7d493272faf0599059940f00d983859ebedaf31e2a01	
step12_molecular_evolution/run_18288232/hyphy_results/bivalvia/OG0000323/busted.stderr	file	0	2026-08-07T00:44:31.314643+00:00	e3b0c44298fc1c149afbf4c8996fb92427ae41e4649b934ca495991b7852b855	
step12_molecular_evolution/run_18288232/hyphy_results/bivalvia/OG0000323/busted.stdout	file	6781	2026-08-07T00:48:18.366580+00:00	7d0f763adcc2b8ab17c04e688fa447bff8439b141a5be49540be7d0cbf5ba46e	
step12_molecular_evolution/run_18288232/hyphy_results/bivalvia/OG0000323/relax.json	file	235459	2026-08-07T00:54:03.790948+00:00	9a137d9a00f4624d53de5ca79554165976a19d78955ac3285b2f8c0409b15404	
step12_molecular_evolution/run_18288232/hyphy_results/bivalvia/OG0000323/relax.stderr	file	0	2026-08-07T00:50:59.302116+00:00	e3b0c44298fc1c149afbf4c8996fb92427ae41e4649b934ca495991b7852b855	
step12_molecular_evolution/run_18288232/hyphy_results/bivalvia/OG0000323/relax.stdout	file	12692	2026-08-07T00:54:03.785923+00:00	8b7dd862ae80acc7a7e6bb1ed6f8e2bba7aef043aeb1d663836a9bbab567a3e8	
step12_molecular_evolution/run_18288232/hyphy_results/bivalvia/OG0000330/SKIPPED	file	16	2026-08-07T01:39:34.216612+00:00	d4a16daef357c129854ccea1ce718c41c2e0cfdc959888c0208b3ca2972ae82f	
step12_molecular_evolution/run_18288232/hyphy_results/bivalvia/OG0000374/COMPLETE	file	63	2026-08-07T01:47:39.958087+00:00	7761b77eb287d26c64c9cbc9070daeb0bb38f107c175698c7eecebc2e4b46291	
step12_molecular_evolution/run_18288232/hyphy_results/bivalvia/OG0000374/absrel.json	file	495990	2026-08-07T01:44:33.623734+00:00	bc124f7128ad8bc17069c8f8faa29afc0873be98a2dd054afa40f610d1c68d25	
step12_molecular_evolution/run_18288232/hyphy_results/bivalvia/OG0000374/absrel.stderr	file	0	2026-08-07T01:38:24.343246+00:00	e3b0c44298fc1c149afbf4c8996fb92427ae41e4649b934ca495991b7852b855	
step12_molecular_evolution/run_18288232/hyphy_results/bivalvia/OG0000374/absrel.stdout	file	18322	2026-08-07T01:44:33.607528+00:00	a380be57184fa8d865a4adb2c28a06081fbeb77c980ae604429de4b914b0e2e5	
step12_molecular_evolution/run_18288232/hyphy_results/bivalvia/OG0000374/busted.json	file	751573	2026-08-07T01:38:24.286223+00:00	3298fca295c240ecaa013bed3a33af0ceec37a8952d04ac1da83cda781e713d6	
step12_molecular_evolution/run_18288232/hyphy_results/bivalvia/OG0000374/busted.stderr	file	0	2026-08-07T01:34:33.472739+00:00	e3b0c44298fc1c149afbf4c8996fb92427ae41e4649b934ca495991b7852b855	
step12_molecular_evolution/run_18288232/hyphy_results/bivalvia/OG0000374/busted.stdout	file	7734	2026-08-07T01:38:24.266171+00:00	a7e4cdd8238e681b560ece3e97406e326131b22b4f557bf548c91871b54210e7	
step12_molecular_evolution/run_18288232/hyphy_results/bivalvia/OG0000374/relax.json	file	148950	2026-08-07T01:47:39.867863+00:00	4caed35b92197db066b0cc03850e2ec00172200239d6ca73275f5fb95f6fd0e6	
step12_molecular_evolution/run_18288232/hyphy_results/bivalvia/OG0000374/relax.stderr	file	0	2026-08-07T01:44:33.695923+00:00	e3b0c44298fc1c149afbf4c8996fb92427ae41e4649b934ca495991b7852b855	
step12_molecular_evolution/run_18288232/hyphy_results/bivalvia/OG0000374/relax.stdout	file	9376	2026-08-07T01:47:39.862538+00:00	475f7109ccb3a9e7365e9d2c474fd773b60191d5323f49e65b9d08c65ed912ec	
step12_molecular_evolution/run_18288232/hyphy_results/bivalvia/OG0000376/SKIPPED	file	16	2026-08-07T01:34:33.371002+00:00	d4a16daef357c129854ccea1ce718c41c2e0cfdc959888c0208b3ca2972ae82f	
step12_molecular_evolution/run_18288232/hyphy_results/bivalvia/OG0000377/SKIPPED	file	16	2026-08-07T01:24:33.279347+00:00	d4a16daef357c129854ccea1ce718c41c2e0cfdc959888c0208b3ca2972ae82f	
step12_molecular_evolution/run_18288232/hyphy_results/bivalvia/OG0000403/COMPLETE	file	63	2026-08-07T02:40:57.678684+00:00	2d4f16d6aabe9b03544c208c698b11b37ea9598ac6dd42dc452f4c38e459b272	
step12_molecular_evolution/run_18288232/hyphy_results/bivalvia/OG0000403/RELAX_SKIPPED	file	76	2026-08-07T02:40:57.677518+00:00	80583275023b8a5811a4babde23c6c3bfbcb4e179757ae21dceaa0380b4cac53	
step12_molecular_evolution/run_18288232/hyphy_results/bivalvia/OG0000403/absrel.json	file	573790	2026-08-07T02:40:57.636542+00:00	a98ce133744ba1d5521bcddaacd1e03a5f9ea64a16a9c8c2821dc1a527e4faba	
step12_molecular_evolution/run_18288232/hyphy_results/bivalvia/OG0000403/absrel.stderr	file	0	2026-08-07T02:31:47.295385+00:00	e3b0c44298fc1c149afbf4c8996fb92427ae41e4649b934ca495991b7852b855	
step12_molecular_evolution/run_18288232/hyphy_results/bivalvia/OG0000403/absrel.stdout	file	35623	2026-08-07T02:40:57.622186+00:00	2d71f4b807d662abe60613f25490f1d0f5a3e274e241f7d9c7d290a599757340	
step12_molecular_evolution/run_18288232/hyphy_results/bivalvia/OG0000403/busted.json	file	1191883	2026-08-07T02:31:47.238828+00:00	fcd53ab8feff9a77e821df1ae1755587154705f0d9e33ecf74e1147aa93cb35d	
step12_molecular_evolution/run_18288232/hyphy_results/bivalvia/OG0000403/busted.stderr	file	0	2026-08-07T02:24:36.821945+00:00	e3b0c44298fc1c149afbf4c8996fb92427ae41e4649b934ca495991b7852b855	
step12_molecular_evolution/run_18288232/hyphy_results/bivalvia/OG0000403/busted.stdout	file	8929	2026-08-07T02:31:47.209649+00:00	0098659bf1addf5216b37c2aafa25374e9d7da9fef57871e467b5126e63991db	
step12_molecular_evolution/run_18288232/hyphy_results/bivalvia/OG0000404/COMPLETE	file	63	2026-08-07T01:55:46.670544+00:00	7761b77eb287d26c64c9cbc9070daeb0bb38f107c175698c7eecebc2e4b46291	
step12_molecular_evolution/run_18288232/hyphy_results/bivalvia/OG0000404/absrel.json	file	357837	2026-08-07T01:51:42.424904+00:00	08c94979973c50e9f765b93819bd5d51111481946d16b4862fefeb558f8c21bb	
step12_molecular_evolution/run_18288232/hyphy_results/bivalvia/OG0000404/absrel.stderr	file	0	2026-08-07T01:49:50.005119+00:00	e3b0c44298fc1c149afbf4c8996fb92427ae41e4649b934ca495991b7852b855	
step12_molecular_evolution/run_18288232/hyphy_results/bivalvia/OG0000404/absrel.stdout	file	16609	2026-08-07T01:51:42.417099+00:00	097a66093dfcc52617637b621a623803197e31c18a712adfa971cbfacc0812fa	
step12_molecular_evolution/run_18288232/hyphy_results/bivalvia/OG0000404/busted.json	file	714535	2026-08-07T01:49:49.953266+00:00	603e440c2f61923cf0a79afb0e7130c9b1f87f461c1ab765fe27425037709f9e	
step12_molecular_evolution/run_18288232/hyphy_results/bivalvia/OG0000404/busted.stderr	file	0	2026-08-07T01:44:34.530115+00:00	e3b0c44298fc1c149afbf4c8996fb92427ae41e4649b934ca495991b7852b855	
step12_molecular_evolution/run_18288232/hyphy_results/bivalvia/OG0000404/busted.stdout	file	9319	2026-08-07T01:49:49.933767+00:00	4ddef6db731d0bb08518442e18e0b9ccd32b2e99698df04ed4fa0d4fa0d8fa9e	
step12_molecular_evolution/run_18288232/hyphy_results/bivalvia/OG0000404/relax.json	file	257859	2026-08-07T01:55:46.593549+00:00	ee7539f72cc84e58e27866e4eb3a28a1d61b4750dfe8db742ebb5df9a9be7e5b	
step12_molecular_evolution/run_18288232/hyphy_results/bivalvia/OG0000404/relax.stderr	file	0	2026-08-07T01:51:42.471258+00:00	e3b0c44298fc1c149afbf4c8996fb92427ae41e4649b934ca495991b7852b855	
step12_molecular_evolution/run_18288232/hyphy_results/bivalvia/OG0000404/relax.stdout	file	13490	2026-08-07T01:55:46.588181+00:00	f6ca913395dcdd7e0fdd9d1f28251cdd2ef1e6cf7927b239e1b4a9630d3151ef	
step12_molecular_evolution/run_18288232/hyphy_results/bivalvia/OG0000450/COMPLETE	file	63	2026-08-07T02:24:33.518900+00:00	2d4f16d6aabe9b03544c208c698b11b37ea9598ac6dd42dc452f4c38e459b272	
step12_molecular_evolution/run_18288232/hyphy_results/bivalvia/OG0000450/RELAX_SKIPPED	file	76	2026-08-07T02:24:33.517801+00:00	80583275023b8a5811a4babde23c6c3bfbcb4e179757ae21dceaa0380b4cac53	
step12_molecular_evolution/run_18288232/hyphy_results/bivalvia/OG0000450/absrel.json	file	813419	2026-08-07T02:24:33.465347+00:00	24174d1b9d8d2be430cd936038b1b607d8beff7f749b4e7c1f9d2b804e3ac8dc	
step12_molecular_evolution/run_18288232/hyphy_results/bivalvia/OG0000450/absrel.stderr	file	0	2026-08-07T02:12:26.191321+00:00	e3b0c44298fc1c149afbf4c8996fb92427ae41e4649b934ca495991b7852b855	
step12_molecular_evolution/run_18288232/hyphy_results/bivalvia/OG0000450/absrel.stdout	file	38599	2026-08-07T02:24:33.441588+00:00	21a8c27f3617bfc9d17b113494fe23e9816e9a46a3add1556c5f991752144dd1	
step12_molecular_evolution/run_18288232/hyphy_results/bivalvia/OG0000450/busted.json	file	1241446	2026-08-07T02:12:26.148139+00:00	5e902f28ac94f6c8a872a6f0d12ebca8bfd29b48fb5a8319670908d2d4dd79cc	
step12_molecular_evolution/run_18288232/hyphy_results/bivalvia/OG0000450/busted.stderr	file	0	2026-08-07T01:59:35.235979+00:00	e3b0c44298fc1c149afbf4c8996fb92427ae41e4649b934ca495991b7852b855	
step12_molecular_evolution/run_18288232/hyphy_results/bivalvia/OG0000450/busted.stdout	file	8925	2026-08-07T02:12:26.117719+00:00	bff983de1c2dba7ede034f453c69d298362c8ee304da58b116e8882ae38943f0	
step12_molecular_evolution/run_18288232/hyphy_results/bivalvia/OG0000498/COMPLETE	file	63	2026-08-07T01:30:06.970166+00:00	7761b77eb287d26c64c9cbc9070daeb0bb38f107c175698c7eecebc2e4b46291	
step12_molecular_evolution/run_18288232/hyphy_results/bivalvia/OG0000498/absrel.json	file	534257	2026-08-07T01:22:55.603502+00:00	5f7aa58581571d18bf205f0e4207ceaf2ac2a1cc85971fd44fe5f246a96b079b	
step12_molecular_evolution/run_18288232/hyphy_results/bivalvia/OG0000498/absrel.stderr	file	0	2026-08-07T01:18:08.384965+00:00	e3b0c44298fc1c149afbf4c8996fb92427ae41e4649b934ca495991b7852b855	
step12_molecular_evolution/run_18288232/hyphy_results/bivalvia/OG0000498/absrel.stdout	file	23741	2026-08-07T01:22:55.587738+00:00	6dfe9e8221c74cf4a17d37bd9ac1d255109d9eb26aa207118cd8de597aec1515	
step12_molecular_evolution/run_18288232/hyphy_results/bivalvia/OG0000498/busted.json	file	789014	2026-08-07T01:18:08.336108+00:00	2707e0475630ab00aa41ae994059d47b317c9f04ad882001067ccb9ea2e81855	
step12_molecular_evolution/run_18288232/hyphy_results/bivalvia/OG0000498/busted.stderr	file	0	2026-08-07T01:14:32.372653+00:00	e3b0c44298fc1c149afbf4c8996fb92427ae41e4649b934ca495991b7852b855	
step12_molecular_evolution/run_18288232/hyphy_results/bivalvia/OG0000498/busted.stdout	file	8004	2026-08-07T01:18:08.315150+00:00	7b4e7bf0a9748ec9a481f620ef00fe0280055a064cb79d5bd7a5a0cee34b965a	
step12_molecular_evolution/run_18288232/hyphy_results/bivalvia/OG0000498/relax.json	file	196466	2026-08-07T01:30:06.867908+00:00	cc3f42a99b75c985d80d601751d5eb24511709748e4958c8e16f72e14b6b2f6c	
step12_molecular_evolution/run_18288232/hyphy_results/bivalvia/OG0000498/relax.stderr	file	0	2026-08-07T01:22:55.654949+00:00	e3b0c44298fc1c149afbf4c8996fb92427ae41e4649b934ca495991b7852b855	
step12_molecular_evolution/run_18288232/hyphy_results/bivalvia/OG0000498/relax.stdout	file	12032	2026-08-07T01:30:06.861568+00:00	5dd0270b5557223185d143ee15a26be6dd7b7640baa57f9ba23c45c9e4c8ccb0	
step12_molecular_evolution/run_18288232/hyphy_results/bivalvia/OG0000752/COMPLETE	file	63	2026-08-07T02:39:19.295171+00:00	2d4f16d6aabe9b03544c208c698b11b37ea9598ac6dd42dc452f4c38e459b272	
step12_molecular_evolution/run_18288232/hyphy_results/bivalvia/OG0000752/RELAX_SKIPPED	file	76	2026-08-07T02:39:19.294043+00:00	80583275023b8a5811a4babde23c6c3bfbcb4e179757ae21dceaa0380b4cac53	
step12_molecular_evolution/run_18288232/hyphy_results/bivalvia/OG0000752/absrel.json	file	908458	2026-08-07T02:39:19.245165+00:00	51ff7c70f171fa1c4baa0d2c57e34613e112feec9dc2cb878f13f7dbcdd88c50	
step12_molecular_evolution/run_18288232/hyphy_results/bivalvia/OG0000752/absrel.stderr	file	0	2026-08-07T02:31:30.054597+00:00	e3b0c44298fc1c149afbf4c8996fb92427ae41e4649b934ca495991b7852b855	
step12_molecular_evolution/run_18288232/hyphy_results/bivalvia/OG0000752/absrel.stdout	file	22932	2026-08-07T02:39:19.215687+00:00	e3cfe552236e5ea743208795b7e5d469b5d885daf3e8a5fdfeaa41888fc4d2a1	
step12_molecular_evolution/run_18288232/hyphy_results/bivalvia/OG0000752/busted.json	file	1251866	2026-08-07T02:31:29.999399+00:00	65e74290e92d6655c4ad209e5d32e3d18053ff7dce89c52e8c1786d7ac13ec4a	
step12_molecular_evolution/run_18288232/hyphy_results/bivalvia/OG0000752/busted.stderr	file	0	2026-08-07T02:24:36.820856+00:00	e3b0c44298fc1c149afbf4c8996fb92427ae41e4649b934ca495991b7852b855	
step12_molecular_evolution/run_18288232/hyphy_results/bivalvia/OG0000752/busted.stdout	file	8008	2026-08-07T02:31:29.966520+00:00	ca886951fde4ce10bb578ba2e3fed91abc8d9e5c5e5c55cfc477c9e8b83214cf	
step12_molecular_evolution/run_18288232/hyphy_results/bivalvia/OG0000943/COMPLETE	file	63	2026-08-07T02:51:01.916731+00:00	2d4f16d6aabe9b03544c208c698b11b37ea9598ac6dd42dc452f4c38e459b272	
step12_molecular_evolution/run_18288232/hyphy_results/bivalvia/OG0000943/RELAX_SKIPPED	file	76	2026-08-07T02:51:01.915199+00:00	80583275023b8a5811a4babde23c6c3bfbcb4e179757ae21dceaa0380b4cac53	
step12_molecular_evolution/run_18288232/hyphy_results/bivalvia/OG0000943/absrel.json	file	379254	2026-08-07T02:51:01.858150+00:00	7039df1f77a7f4796b14f6792ad98cfded1a3e327c88d99013f40c64086b7ced	
step12_molecular_evolution/run_18288232/hyphy_results/bivalvia/OG0000943/absrel.stderr	file	0	2026-08-07T02:46:47.259082+00:00	e3b0c44298fc1c149afbf4c8996fb92427ae41e4649b934ca495991b7852b855	
step12_molecular_evolution/run_18288232/hyphy_results/bivalvia/OG0000943/absrel.stdout	file	20086	2026-08-07T02:51:01.846411+00:00	92c39abe544be1df70417b8ba37afee83096218beba3ddd0e41dd3cc884aa1d4	
step12_molecular_evolution/run_18288232/hyphy_results/bivalvia/OG0000943/busted.json	file	901479	2026-08-07T02:46:47.205846+00:00	5c7780f4262ad51fa8a4d7726aba2356c17b4c88e0ea7285f5500f3580b7ff24	
step12_molecular_evolution/run_18288232/hyphy_results/bivalvia/OG0000943/busted.stderr	file	0	2026-08-07T02:39:37.386638+00:00	e3b0c44298fc1c149afbf4c8996fb92427ae41e4649b934ca495991b7852b855	
step12_molecular_evolution/run_18288232/hyphy_results/bivalvia/OG0000943/busted.stdout	file	7867	2026-08-07T02:46:47.185496+00:00	a05e185a4b1c7f8ac41687e1c7b2af0a64202a03aadd8430505d55ae646ed2ad	
step12_molecular_evolution/run_18288232/hyphy_results/bivalvia/OG0001001/COMPLETE	file	63	2026-08-07T02:53:36.554482+00:00	2d4f16d6aabe9b03544c208c698b11b37ea9598ac6dd42dc452f4c38e459b272	
step12_molecular_evolution/run_18288232/hyphy_results/bivalvia/OG0001001/RELAX_SKIPPED	file	76	2026-08-07T02:53:36.553834+00:00	80583275023b8a5811a4babde23c6c3bfbcb4e179757ae21dceaa0380b4cac53	
step12_molecular_evolution/run_18288232/hyphy_results/bivalvia/OG0001001/absrel.json	file	996297	2026-08-07T02:53:36.505904+00:00	503a6fed2d7f06a40dbc1c5e81a466e006a9f8ea99ed8ff246e20505a37fc384	
step12_molecular_evolution/run_18288232/hyphy_results/bivalvia/OG0001001/absrel.stderr	file	0	2026-08-07T02:50:29.620299+00:00	e3b0c44298fc1c149afbf4c8996fb92427ae41e4649b934ca495991b7852b855	
step12_molecular_evolution/run_18288232/hyphy_results/bivalvia/OG0001001/absrel.stdout	file	11094	2026-08-07T02:53:36.480862+00:00	94889b29d7050cdec84dc731abb31b256bc789e6d9ea657c94d17a047cfe2bbc	
step12_molecular_evolution/run_18288232/hyphy_results/bivalvia/OG0001001/busted.json	file	1834331	2026-08-07T02:50:29.580998+00:00	1ded77b8bbae303094b55281334210a5a9f74552d356452e346d0496cfad3dc3	
step12_molecular_evolution/run_18288232/hyphy_results/bivalvia/OG0001001/busted.stderr	file	0	2026-08-07T02:44:37.772328+00:00	e3b0c44298fc1c149afbf4c8996fb92427ae41e4649b934ca495991b7852b855	
step12_molecular_evolution/run_18288232/hyphy_results/bivalvia/OG0001001/busted.stdout	file	7341	2026-08-07T02:50:29.538662+00:00	613ff8db029fbca45087ad4260235ce1992c6034ef63234e88037b6a63dd97a6	
step12_molecular_evolution/run_18288232/hyphy_results/gastropoda/OG0000065/SKIPPED	file	16	2026-08-07T01:04:32.400621+00:00	d4a16daef357c129854ccea1ce718c41c2e0cfdc959888c0208b3ca2972ae82f	
step12_molecular_evolution/run_18288232/hyphy_results/gastropoda/OG0000074/COMPLETE	file	63	2026-08-07T02:01:00.909999+00:00	2d4f16d6aabe9b03544c208c698b11b37ea9598ac6dd42dc452f4c38e459b272	
step12_molecular_evolution/run_18288232/hyphy_results/gastropoda/OG0000074/RELAX_SKIPPED	file	76	2026-08-07T02:01:00.909156+00:00	80583275023b8a5811a4babde23c6c3bfbcb4e179757ae21dceaa0380b4cac53	
step12_molecular_evolution/run_18288232/hyphy_results/gastropoda/OG0000074/absrel.json	file	108634	2026-08-07T02:01:00.865207+00:00	0a2f25c44b77a00cfef31b0239669e15387f8b7ff9749b574a2fad41671db196	
step12_molecular_evolution/run_18288232/hyphy_results/gastropoda/OG0000074/absrel.stderr	file	0	2026-08-07T02:00:45.236505+00:00	e3b0c44298fc1c149afbf4c8996fb92427ae41e4649b934ca495991b7852b855	
step12_molecular_evolution/run_18288232/hyphy_results/gastropoda/OG0000074/absrel.stdout	file	7917	2026-08-07T02:01:00.861722+00:00	0ab487afedb38fde02848fa3db1ca702f04d93c72a89d21eb2449f54f32bced4	
step12_molecular_evolution/run_18288232/hyphy_results/gastropoda/OG0000074/busted.json	file	172137	2026-08-07T02:00:45.194438+00:00	69aa9574f43dcd78971617627fddb5c5e85eb3f7bc3c409da262086248dc443a	
step12_molecular_evolution/run_18288232/hyphy_results/gastropoda/OG0000074/busted.stderr	file	0	2026-08-07T01:59:35.128456+00:00	e3b0c44298fc1c149afbf4c8996fb92427ae41e4649b934ca495991b7852b855	
step12_molecular_evolution/run_18288232/hyphy_results/gastropoda/OG0000074/busted.stdout	file	7124	2026-08-07T02:00:45.189493+00:00	77095d18a8cc40b77a096a90e8b0c190e49a029fa8add12b7a882f129713c849	
step12_molecular_evolution/run_18288232/hyphy_results/gastropoda/OG0000075/COMPLETE	file	63	2026-08-07T06:10:55.998697+00:00	7761b77eb287d26c64c9cbc9070daeb0bb38f107c175698c7eecebc2e4b46291	
step12_molecular_evolution/run_18288232/hyphy_results/gastropoda/OG0000075/absrel.json	file	2126747	2026-08-07T05:31:04.057389+00:00	d3e2462688664307407ae467a3f3281f72335c8e6f43660e33d6b9141767244e	
step12_molecular_evolution/run_18288232/hyphy_results/gastropoda/OG0000075/absrel.stderr	file	0	2026-08-07T02:44:48.698300+00:00	e3b0c44298fc1c149afbf4c8996fb92427ae41e4649b934ca495991b7852b855	
step12_molecular_evolution/run_18288232/hyphy_results/gastropoda/OG0000075/absrel.stdout	file	90110	2026-08-07T05:31:03.996347+00:00	a6aaf7e48607f1bccee503d514856b9320ceb690e308ac8712566616e28e003a	
step12_molecular_evolution/run_18288232/hyphy_results/gastropoda/OG0000075/busted.json	file	3125449	2026-08-07T02:44:48.648230+00:00	dfa272276316b323f50b78063aefe2f7c6984926ba9bcea99c56d6a569fb8f82	
step12_molecular_evolution/run_18288232/hyphy_results/gastropoda/OG0000075/busted.stderr	file	0	2026-08-07T01:59:35.264266+00:00	e3b0c44298fc1c149afbf4c8996fb92427ae41e4649b934ca495991b7852b855	
step12_molecular_evolution/run_18288232/hyphy_results/gastropoda/OG0000075/busted.stdout	file	10883	2026-08-07T02:44:48.573976+00:00	cb291a079ee745ca042183ce7f77a6713bc85ec098ccc626e76b0aa65588588f	
step12_molecular_evolution/run_18288232/hyphy_results/gastropoda/OG0000075/relax.json	file	675937	2026-08-07T06:10:55.722654+00:00	9ca1ab51cbabb62441fe6c285b434eaee45650776f3eff9c740781b4c1f96cbf	
step12_molecular_evolution/run_18288232/hyphy_results/gastropoda/OG0000075/relax.stderr	file	0	2026-08-07T05:31:04.120407+00:00	e3b0c44298fc1c149afbf4c8996fb92427ae41e4649b934ca495991b7852b855	
step12_molecular_evolution/run_18288232/hyphy_results/gastropoda/OG0000075/relax.stdout	file	17961	2026-08-07T06:10:55.706386+00:00	ada3ef29fb493bf2172be317559e908f152641dc5e9137a6c27b91383044e022	
step12_molecular_evolution/run_18288232/hyphy_results/gastropoda/OG0000088/SKIPPED	file	16	2026-08-07T00:24:31.778489+00:00	d4a16daef357c129854ccea1ce718c41c2e0cfdc959888c0208b3ca2972ae82f	
step12_molecular_evolution/run_18288232/hyphy_results/gastropoda/OG0000091/COMPLETE	file	63	2026-08-07T01:24:08.707442+00:00	7761b77eb287d26c64c9cbc9070daeb0bb38f107c175698c7eecebc2e4b46291	
step12_molecular_evolution/run_18288232/hyphy_results/gastropoda/OG0000091/absrel.json	file	676200	2026-08-07T01:11:29.807947+00:00	717a18ec351bf5eb436324ca4f53d5ffba29f064535a36602786546fc600f2af	
step12_molecular_evolution/run_18288232/hyphy_results/gastropoda/OG0000091/absrel.stderr	file	0	2026-08-07T00:51:40.540986+00:00	e3b0c44298fc1c149afbf4c8996fb92427ae41e4649b934ca495991b7852b855	
step12_molecular_evolution/run_18288232/hyphy_results/gastropoda/OG0000091/absrel.stdout	file	30904	2026-08-07T01:11:29.783492+00:00	fe89cffa3719e1eec04865a60f453984ac56c9997300d68e6ab1691c6c0ae2ed	
step12_molecular_evolution/run_18288232/hyphy_results/gastropoda/OG0000091/busted.json	file	1116544	2026-08-07T00:51:40.467851+00:00	70383639e3b198cf61f5c0b318d692c424b676eb4db50d7f65e7dc00d90193d4	
step12_molecular_evolution/run_18288232/hyphy_results/gastropoda/OG0000091/busted.stderr	file	0	2026-08-07T00:39:30.042304+00:00	e3b0c44298fc1c149afbf4c8996fb92427ae41e4649b934ca495991b7852b855	
step12_molecular_evolution/run_18288232/hyphy_results/gastropoda/OG0000091/busted.stdout	file	8227	2026-08-07T00:51:40.438953+00:00	329bf48dc479687ec51ae92a5eeee2eb39a0e50f6bfc9ec7410aeff48a069362	
step12_molecular_evolution/run_18288232/hyphy_results/gastropoda/OG0000091/relax.json	file	225184	2026-08-07T01:24:08.594939+00:00	5746e512faafc37e2a89e869a9174eded4cfc228efac20f302e33a8c280280f2	
step12_molecular_evolution/run_18288232/hyphy_results/gastropoda/OG0000091/relax.stderr	file	0	2026-08-07T01:11:29.890115+00:00	e3b0c44298fc1c149afbf4c8996fb92427ae41e4649b934ca495991b7852b855	
step12_molecular_evolution/run_18288232/hyphy_results/gastropoda/OG0000091/relax.stdout	file	12291	2026-08-07T01:24:08.588377+00:00	68bbdca8cbbee4beb7dde6c99fd1737c06033b8fd46dffb0ac7a895d25336d5e	
step12_molecular_evolution/run_18288232/hyphy_results/gastropoda/OG0000096/SKIPPED	file	16	2026-08-07T00:09:28.961023+00:00	d4a16daef357c129854ccea1ce718c41c2e0cfdc959888c0208b3ca2972ae82f	
step12_molecular_evolution/run_18288232/hyphy_results/gastropoda/OG0000104/COMPLETE	file	63	2026-08-07T01:58:50.380703+00:00	7761b77eb287d26c64c9cbc9070daeb0bb38f107c175698c7eecebc2e4b46291	
step12_molecular_evolution/run_18288232/hyphy_results/gastropoda/OG0000104/absrel.json	file	386089	2026-08-07T01:39:16.001725+00:00	818e48a104284f47cb67b7146edd268e4381cc3673c3c38e6712da71374eeb35	
step12_molecular_evolution/run_18288232/hyphy_results/gastropoda/OG0000104/absrel.stderr	file	0	2026-08-07T01:31:35.780415+00:00	e3b0c44298fc1c149afbf4c8996fb92427ae41e4649b934ca495991b7852b855	
step12_molecular_evolution/run_18288232/hyphy_results/gastropoda/OG0000104/absrel.stdout	file	23498	2026-08-07T01:39:15.991457+00:00	0abd05243663a561fd96e1cfff2eaa6c773ef4d2b6b21b0a14b05da312cc79ff	
step12_molecular_evolution/run_18288232/hyphy_results/gastropoda/OG0000104/busted.json	file	731692	2026-08-07T01:31:35.716107+00:00	b5cc9c540f93556cff0972c03436963555b1df75ab550a90eab235342f517a01	
step12_molecular_evolution/run_18288232/hyphy_results/gastropoda/OG0000104/busted.stderr	file	0	2026-08-07T01:24:32.712866+00:00	e3b0c44298fc1c149afbf4c8996fb92427ae41e4649b934ca495991b7852b855	
step12_molecular_evolution/run_18288232/hyphy_results/gastropoda/OG0000104/busted.stdout	file	8061	2026-08-07T01:31:35.697042+00:00	861e75e37c55f8024e9aa7581e76eea2322b887826e609b68e2444b4bd3aaa03	
step12_molecular_evolution/run_18288232/hyphy_results/gastropoda/OG0000104/relax.json	file	192661	2026-08-07T01:58:50.246276+00:00	dc90e676d695dd1c094efeded7a9460cb4543fcaccc909ebc1dec6705b695b62	
step12_molecular_evolution/run_18288232/hyphy_results/gastropoda/OG0000104/relax.stderr	file	0	2026-08-07T01:39:16.046872+00:00	e3b0c44298fc1c149afbf4c8996fb92427ae41e4649b934ca495991b7852b855	
step12_molecular_evolution/run_18288232/hyphy_results/gastropoda/OG0000104/relax.stdout	file	9706	2026-08-07T01:58:50.240218+00:00	e3e318cc85f0d91e0c2f7c90159b440fae00bf400a0532bed1ea639d48e82ff3	
step12_molecular_evolution/run_18288232/hyphy_results/gastropoda/OG0000107/SKIPPED	file	16	2026-08-07T00:14:30.785964+00:00	d4a16daef357c129854ccea1ce718c41c2e0cfdc959888c0208b3ca2972ae82f	
step12_molecular_evolution/run_18288232/hyphy_results/gastropoda/OG0000111/COMPLETE	file	63	2026-08-07T01:58:21.867254+00:00	7761b77eb287d26c64c9cbc9070daeb0bb38f107c175698c7eecebc2e4b46291	
step12_molecular_evolution/run_18288232/hyphy_results/gastropoda/OG0000111/absrel.json	file	283749	2026-08-07T01:54:29.588932+00:00	15f035934b35befde188467adc7152256b4910c26a3102667b8e2e98eb24724c	
step12_molecular_evolution/run_18288232/hyphy_results/gastropoda/OG0000111/absrel.stderr	file	0	2026-08-07T01:49:17.726104+00:00	e3b0c44298fc1c149afbf4c8996fb92427ae41e4649b934ca495991b7852b855	
step12_molecular_evolution/run_18288232/hyphy_results/gastropoda/OG0000111/absrel.stdout	file	18643	2026-08-07T01:54:29.580817+00:00	b2a30994319a06e627b8f3c3df6e287fa8ddf2fa0dca49cc238973fb345e74c2	
step12_molecular_evolution/run_18288232/hyphy_results/gastropoda/OG0000111/busted.json	file	542777	2026-08-07T01:49:17.675370+00:00	2ef07c7516c32f8efa2f7c151921fe6cea8b7da5f7583ae8c47359b4aeb5bee3	
step12_molecular_evolution/run_18288232/hyphy_results/gastropoda/OG0000111/busted.stderr	file	0	2026-08-07T01:44:34.529213+00:00	e3b0c44298fc1c149afbf4c8996fb92427ae41e4649b934ca495991b7852b855	
step12_molecular_evolution/run_18288232/hyphy_results/gastropoda/OG0000111/busted.stdout	file	7816	2026-08-07T01:49:17.660118+00:00	d6a66bcb9177af4a817638f16d379dc53aa4d66f1cbc60d3b720045727722622	
step12_molecular_evolution/run_18288232/hyphy_results/gastropoda/OG0000111/relax.json	file	145031	2026-08-07T01:58:21.793298+00:00	f8906ab69079791dcf611f94c6cf59da8892a5a81f68c91c86c1b84f4a0f50a1	
step12_molecular_evolution/run_18288232/hyphy_results/gastropoda/OG0000111/relax.stderr	file	0	2026-08-07T01:54:29.637818+00:00	e3b0c44298fc1c149afbf4c8996fb92427ae41e4649b934ca495991b7852b855	
step12_molecular_evolution/run_18288232/hyphy_results/gastropoda/OG0000111/relax.stdout	file	36615	2026-08-07T01:58:21.788925+00:00	d9a60277144f276bd75e204f634dd4180e8473c9831fadf32de81b25f6219029	
step12_molecular_evolution/run_18288232/hyphy_results/gastropoda/OG0000113/COMPLETE	file	63	2026-08-07T00:22:53.234490+00:00	7761b77eb287d26c64c9cbc9070daeb0bb38f107c175698c7eecebc2e4b46291	
step12_molecular_evolution/run_18288232/hyphy_results/gastropoda/OG0000113/absrel.json	file	256032	2026-08-07T00:19:03.137722+00:00	3bc11f5c0bbdc757b985b096831112332eb7ecb1cfcc8a85bef080c5e0d28349	
step12_molecular_evolution/run_18288232/hyphy_results/gastropoda/OG0000113/absrel.stderr	file	0	2026-08-07T00:15:43.195116+00:00	e3b0c44298fc1c149afbf4c8996fb92427ae41e4649b934ca495991b7852b855	
step12_molecular_evolution/run_18288232/hyphy_results/gastropoda/OG0000113/absrel.stdout	file	27213	2026-08-07T00:19:03.129551+00:00	f40d9a1e7c20e021dace8ad29e9c80c29309fba86c69aeb09d57226c2fbeb97f	
step12_molecular_evolution/run_18288232/hyphy_results/gastropoda/OG0000113/busted.json	file	459092	2026-08-07T00:15:42.407928+00:00	09104566601ed3367d1abadf0b61c8df49e7e83c130a27bab948fa10a147121d	
step12_molecular_evolution/run_18288232/hyphy_results/gastropoda/OG0000113/busted.stderr	file	0	2026-08-07T00:09:46.168549+00:00	e3b0c44298fc1c149afbf4c8996fb92427ae41e4649b934ca495991b7852b855	
step12_molecular_evolution/run_18288232/hyphy_results/gastropoda/OG0000113/busted.stdout	file	8088	2026-08-07T00:15:42.395251+00:00	830f358cb10f6e7285a5bff06f8d066c05761537a6c0cb8880953f550b4e775b	
step12_molecular_evolution/run_18288232/hyphy_results/gastropoda/OG0000113/relax.json	file	107317	2026-08-07T00:22:53.110267+00:00	a76efcdcf0e58c8547c3f8dceaf55ba7fe54a16d813aff9746a2793e11e8880a	
step12_molecular_evolution/run_18288232/hyphy_results/gastropoda/OG0000113/relax.stderr	file	0	2026-08-07T00:19:03.190281+00:00	e3b0c44298fc1c149afbf4c8996fb92427ae41e4649b934ca495991b7852b855	
step12_molecular_evolution/run_18288232/hyphy_results/gastropoda/OG0000113/relax.stdout	file	9731	2026-08-07T00:22:53.104669+00:00	2d06f049be7e8d87e93a145dd5204ff8d7d68a9326accb8ab7f1312e1bb85e85	
step12_molecular_evolution/run_18288232/hyphy_results/gastropoda/OG0000117/COMPLETE	file	63	2026-08-07T01:14:39.322275+00:00	7761b77eb287d26c64c9cbc9070daeb0bb38f107c175698c7eecebc2e4b46291	
step12_molecular_evolution/run_18288232/hyphy_results/gastropoda/OG0000117/absrel.json	file	573497	2026-08-07T01:07:06.600269+00:00	04ddc5d4856ded8b3c5127ab7d56369f70f4d3dd19cc70de910bf85a5200e436	
step12_molecular_evolution/run_18288232/hyphy_results/gastropoda/OG0000117/absrel.stderr	file	0	2026-08-07T00:58:44.508893+00:00	e3b0c44298fc1c149afbf4c8996fb92427ae41e4649b934ca495991b7852b855	
step12_molecular_evolution/run_18288232/hyphy_results/gastropoda/OG0000117/absrel.stdout	file	32585	2026-08-07T01:07:06.583320+00:00	277bdf99795363ebf04588d9e97bb6462f8d071d57ab647cd19fc61c302639ac	
step12_molecular_evolution/run_18288232/hyphy_results/gastropoda/OG0000117/busted.json	file	1039008	2026-08-07T00:58:44.435911+00:00	e0a6741070b75440b22eab7a4dfb08f0670d2b7309517ec20a00306c386a8fa2	
step12_molecular_evolution/run_18288232/hyphy_results/gastropoda/OG0000117/busted.stderr	file	0	2026-08-07T00:49:31.595626+00:00	e3b0c44298fc1c149afbf4c8996fb92427ae41e4649b934ca495991b7852b855	
step12_molecular_evolution/run_18288232/hyphy_results/gastropoda/OG0000117/busted.stdout	file	8897	2026-08-07T00:58:44.409365+00:00	563efee7f8d7865f673f2825f7dc01777dff7a4d776a93bd235df09cb82d1251	
step12_molecular_evolution/run_18288232/hyphy_results/gastropoda/OG0000117/relax.json	file	235199	2026-08-07T01:14:39.171823+00:00	62eaa202f29f41d4607d446be202aac13283c9b245d58355470abeeaf8331b2d	
step12_molecular_evolution/run_18288232/hyphy_results/gastropoda/OG0000117/relax.stderr	file	0	2026-08-07T01:07:06.650393+00:00	e3b0c44298fc1c149afbf4c8996fb92427ae41e4649b934ca495991b7852b855	
step12_molecular_evolution/run_18288232/hyphy_results/gastropoda/OG0000117/relax.stdout	file	18374	2026-08-07T01:14:39.165157+00:00	b7e97b47c07b29c10c950c64a5fcf267b0eb75627c1d74a95f5366460dc97d79	
step12_molecular_evolution/run_18288232/hyphy_results/gastropoda/OG0000121/COMPLETE	file	63	2026-08-07T00:45:31.261594+00:00	7761b77eb287d26c64c9cbc9070daeb0bb38f107c175698c7eecebc2e4b46291	
step12_molecular_evolution/run_18288232/hyphy_results/gastropoda/OG0000121/absrel.json	file	256319	2026-08-07T00:37:14.962928+00:00	4e507e198abc2eb25c2a2e567f8d5f78edc01255064f47ca7c2514a042dd02c1	
step12_molecular_evolution/run_18288232/hyphy_results/gastropoda/OG0000121/absrel.stderr	file	0	2026-08-07T00:33:19.818602+00:00	e3b0c44298fc1c149afbf4c8996fb92427ae41e4649b934ca495991b7852b855	
step12_molecular_evolution/run_18288232/hyphy_results/gastropoda/OG0000121/absrel.stdout	file	24819	2026-08-07T00:37:14.955863+00:00	189a2f563bf2c5957798450aed81f941c9351094cf31fd015e0a690e8cf9a2cf	
step12_molecular_evolution/run_18288232/hyphy_results/gastropoda/OG0000121/busted.json	file	575095	2026-08-07T00:33:19.769097+00:00	feca44d26f3fb287fc9b07e2f3a11abddcec83134f03e19ae3901e18eff0dea8	
step12_molecular_evolution/run_18288232/hyphy_results/gastropoda/OG0000121/busted.stderr	file	0	2026-08-07T00:24:29.312573+00:00	e3b0c44298fc1c149afbf4c8996fb92427ae41e4649b934ca495991b7852b855	
step12_molecular_evolution/run_18288232/hyphy_results/gastropoda/OG0000121/busted.stdout	file	8097	2026-08-07T00:33:19.753737+00:00	076b5ca9ea8dfdea5993f9dcf0fa45f1d9957f7cb4210b7cb4ebecf21002fd23	
step12_molecular_evolution/run_18288232/hyphy_results/gastropoda/OG0000121/relax.json	file	159486	2026-08-07T00:45:31.143440+00:00	19deaf12938b7f3069180be3a7da75fa1b359ba215254353c88055d54cf1b7e0	
step12_molecular_evolution/run_18288232/hyphy_results/gastropoda/OG0000121/relax.stderr	file	0	2026-08-07T00:37:15.016616+00:00	e3b0c44298fc1c149afbf4c8996fb92427ae41e4649b934ca495991b7852b855	
step12_molecular_evolution/run_18288232/hyphy_results/gastropoda/OG0000121/relax.stdout	file	12157	2026-08-07T00:45:31.138618+00:00	19f7385551669787f5f26224dc08051c79e16ab55ebb393729eafaa7f2ea3d14	
step12_molecular_evolution/run_18288232/hyphy_results/gastropoda/OG0000122/COMPLETE	file	63	2026-08-07T04:58:06.328815+00:00	7761b77eb287d26c64c9cbc9070daeb0bb38f107c175698c7eecebc2e4b46291	
step12_molecular_evolution/run_18288232/hyphy_results/gastropoda/OG0000122/absrel.json	file	3029210	2026-08-07T04:36:41.039676+00:00	da8a5ee96d2b521875e097f4a872c90031efae582d651e1a08c1411ea3c3b2b0	
step12_molecular_evolution/run_18288232/hyphy_results/gastropoda/OG0000122/absrel.stderr	file	0	2026-08-07T02:45:55.583379+00:00	e3b0c44298fc1c149afbf4c8996fb92427ae41e4649b934ca495991b7852b855	
step12_molecular_evolution/run_18288232/hyphy_results/gastropoda/OG0000122/absrel.stdout	file	60915	2026-08-07T04:36:40.955887+00:00	44a2656eab224179404060cdb2b79803d4b8f4e822360ab08bb4ccbc3ad8b26b	
step12_molecular_evolution/run_18288232/hyphy_results/gastropoda/OG0000122/busted.json	file	4678820	2026-08-07T02:45:55.522910+00:00	2b97bc470eb94da8b925f0789a08a3745727ce8f737f850ab4722fa1882fa4c6	
step12_molecular_evolution/run_18288232/hyphy_results/gastropoda/OG0000122/busted.stderr	file	0	2026-08-07T02:04:35.960467+00:00	e3b0c44298fc1c149afbf4c8996fb92427ae41e4649b934ca495991b7852b855	
step12_molecular_evolution/run_18288232/hyphy_results/gastropoda/OG0000122/busted.stdout	file	9445	2026-08-07T02:45:55.411095+00:00	3b01092c5fd58e8e9f2c33be5452b64547fa6f6e715194454721e0175fc2a90b	
step12_molecular_evolution/run_18288232/hyphy_results/gastropoda/OG0000122/relax.json	file	936131	2026-08-07T04:58:06.115077+00:00	a477330cbdf0cc8875302ead4bef8555b634ee7b73aacd074de9409407e2d313	
step12_molecular_evolution/run_18288232/hyphy_results/gastropoda/OG0000122/relax.stderr	file	0	2026-08-07T04:36:41.110015+00:00	e3b0c44298fc1c149afbf4c8996fb92427ae41e4649b934ca495991b7852b855	
step12_molecular_evolution/run_18288232/hyphy_results/gastropoda/OG0000122/relax.stdout	file	13485	2026-08-07T04:58:06.097301+00:00	f47be462edae43fc80cc0f3c57079eb3cc86a3170045566ebf6c3898ba17fe03	
step12_molecular_evolution/run_18288232/hyphy_results/gastropoda/OG0000123/SKIPPED	file	16	2026-08-07T00:19:28.910649+00:00	d4a16daef357c129854ccea1ce718c41c2e0cfdc959888c0208b3ca2972ae82f	
step12_molecular_evolution/run_18288232/hyphy_results/gastropoda/OG0000124/SKIPPED	file	16	2026-08-07T01:09:32.994687+00:00	d4a16daef357c129854ccea1ce718c41c2e0cfdc959888c0208b3ca2972ae82f	
step12_molecular_evolution/run_18288232/hyphy_results/gastropoda/OG0000126/SKIPPED	file	16	2026-08-07T00:29:36.172826+00:00	d4a16daef357c129854ccea1ce718c41c2e0cfdc959888c0208b3ca2972ae82f	
step12_molecular_evolution/run_18288232/hyphy_results/gastropoda/OG0000132/COMPLETE	file	63	2026-08-07T01:03:12.568186+00:00	7761b77eb287d26c64c9cbc9070daeb0bb38f107c175698c7eecebc2e4b46291	
step12_molecular_evolution/run_18288232/hyphy_results/gastropoda/OG0000132/absrel.json	file	459034	2026-08-07T00:58:46.830404+00:00	47936852be302488e28a39ed961762c646957f9e5c121c58dd28b03f93caaad5	
step12_molecular_evolution/run_18288232/hyphy_results/gastropoda/OG0000132/absrel.stderr	file	0	2026-08-07T00:53:35.681918+00:00	e3b0c44298fc1c149afbf4c8996fb92427ae41e4649b934ca495991b7852b855	
step12_molecular_evolution/run_18288232/hyphy_results/gastropoda/OG0000132/absrel.stdout	file	23468	2026-08-07T00:58:46.815576+00:00	0cbbf5f38e316a4765bd28862685fc68513d98246e22844e70c92d8b636b71a2	
step12_molecular_evolution/run_18288232/hyphy_results/gastropoda/OG0000132/busted.json	file	852534	2026-08-07T00:53:35.617827+00:00	058be9f2e0bfc726cd74946c63aa5f4a477b95b14f8f986b0d44959db1c472e0	
step12_molecular_evolution/run_18288232/hyphy_results/gastropoda/OG0000132/busted.stderr	file	0	2026-08-07T00:44:31.381089+00:00	e3b0c44298fc1c149afbf4c8996fb92427ae41e4649b934ca495991b7852b855	
step12_molecular_evolution/run_18288232/hyphy_results/gastropoda/OG0000132/busted.stdout	file	7965	2026-08-07T00:53:35.595907+00:00	2da41046793bdd60a52741de05a3a83ae7c7837dfff2cd67bc3857d49b0539f1	
step12_molecular_evolution/run_18288232/hyphy_results/gastropoda/OG0000132/relax.json	file	143764	2026-08-07T01:03:12.440647+00:00	5ad542617a18f76e1007702f6c52d5a80e6fd04df593624714c09f4e277770c8	
step12_molecular_evolution/run_18288232/hyphy_results/gastropoda/OG0000132/relax.stderr	file	0	2026-08-07T00:58:46.879801+00:00	e3b0c44298fc1c149afbf4c8996fb92427ae41e4649b934ca495991b7852b855	
step12_molecular_evolution/run_18288232/hyphy_results/gastropoda/OG0000132/relax.stdout	file	9607	2026-08-07T01:03:12.436272+00:00	3668d3f4683aef85c551b71b6b5af28fa71ed116ee272fee75faae4c4b05b7ec	
step12_molecular_evolution/run_18288232/hyphy_results/gastropoda/OG0000134/COMPLETE	file	63	2026-08-07T02:00:21.579094+00:00	7761b77eb287d26c64c9cbc9070daeb0bb38f107c175698c7eecebc2e4b46291	
step12_molecular_evolution/run_18288232/hyphy_results/gastropoda/OG0000134/absrel.json	file	142334	2026-08-07T01:58:44.239977+00:00	da8b78c4e21c79db2f900c9ff7eb6a49efb99c3c765b97a1e7ea455373b72b04	
step12_molecular_evolution/run_18288232/hyphy_results/gastropoda/OG0000134/absrel.stderr	file	0	2026-08-07T01:58:02.182110+00:00	e3b0c44298fc1c149afbf4c8996fb92427ae41e4649b934ca495991b7852b855	
step12_molecular_evolution/run_18288232/hyphy_results/gastropoda/OG0000134/absrel.stdout	file	15335	2026-08-07T01:58:44.235370+00:00	c94b03c2cd6f4653ebd4f5b3ee1ca83278f682f5114e075ba3c297e60bf4275d	
step12_molecular_evolution/run_18288232/hyphy_results/gastropoda/OG0000134/busted.json	file	333884	2026-08-07T01:58:02.132693+00:00	d2c10c9cb22f1c88562cbc4b71253cfe17d1c455b48a8d7008b50663a65c3a41	
step12_molecular_evolution/run_18288232/hyphy_results/gastropoda/OG0000134/busted.stderr	file	0	2026-08-07T01:54:34.826866+00:00	e3b0c44298fc1c149afbf4c8996fb92427ae41e4649b934ca495991b7852b855	
step12_molecular_evolution/run_18288232/hyphy_results/gastropoda/OG0000134/busted.stdout	file	7722	2026-08-07T01:58:02.123330+00:00	ff10707a0c5b15fbaa3dbda24ef188c38cdef29e0466950bb516bec99200221b	
step12_molecular_evolution/run_18288232/hyphy_results/gastropoda/OG0000134/relax.json	file	60965	2026-08-07T02:00:21.510719+00:00	051a14a4e836139ef94867c39eac318f507ed9d9e97d1a5c234565114b3c3384	
step12_molecular_evolution/run_18288232/hyphy_results/gastropoda/OG0000134/relax.stderr	file	0	2026-08-07T01:58:44.287215+00:00	e3b0c44298fc1c149afbf4c8996fb92427ae41e4649b934ca495991b7852b855	
step12_molecular_evolution/run_18288232/hyphy_results/gastropoda/OG0000134/relax.stdout	file	39543	2026-08-07T02:00:21.507718+00:00	82bff83199cec0ba24180b99c331dce8e95bcc3edeaafccc3770392c759a278e	
step12_molecular_evolution/run_18288232/hyphy_results/gastropoda/OG0000136/COMPLETE	file	63	2026-08-07T00:38:25.935225+00:00	7761b77eb287d26c64c9cbc9070daeb0bb38f107c175698c7eecebc2e4b46291	
step12_molecular_evolution/run_18288232/hyphy_results/gastropoda/OG0000136/absrel.json	file	360880	2026-08-07T00:31:44.883591+00:00	55fb63e70f875ca631f2c002807d8ac2bf148d5b4fbf002fcec1dd6252679ae0	
step12_molecular_evolution/run_18288232/hyphy_results/gastropoda/OG0000136/absrel.stderr	file	0	2026-08-07T00:21:58.095185+00:00	e3b0c44298fc1c149afbf4c8996fb92427ae41e4649b934ca495991b7852b855	
step12_molecular_evolution/run_18288232/hyphy_results/gastropoda/OG0000136/absrel.stdout	file	26520	2026-08-07T00:31:44.869935+00:00	078e71f27432822d06caf9e5ddce8a9b4541183ffabb005bbd81c0ac5eb02e9a	
step12_molecular_evolution/run_18288232/hyphy_results/gastropoda/OG0000136/busted.json	file	449206	2026-08-07T00:21:58.033381+00:00	dfc3227e4b047beab51405ee4769e97eec2f72df45ebc8e40ce87f2ddbe5a03b	
step12_molecular_evolution/run_18288232/hyphy_results/gastropoda/OG0000136/busted.stderr	file	0	2026-08-07T00:14:28.694429+00:00	e3b0c44298fc1c149afbf4c8996fb92427ae41e4649b934ca495991b7852b855	
step12_molecular_evolution/run_18288232/hyphy_results/gastropoda/OG0000136/busted.stdout	file	7902	2026-08-07T00:21:58.018821+00:00	1b0d358791c1a2365c8bbb3bf9aca66a7e03d4b59722180aac6d8dd128e401a5	
step12_molecular_evolution/run_18288232/hyphy_results/gastropoda/OG0000136/relax.json	file	111729	2026-08-07T00:38:25.821959+00:00	9dff49f18f122810fab10924c46e3f54fa31f4383f3ac14dd7919ca3af1d9625	
step12_molecular_evolution/run_18288232/hyphy_results/gastropoda/OG0000136/relax.stderr	file	0	2026-08-07T00:31:44.930083+00:00	e3b0c44298fc1c149afbf4c8996fb92427ae41e4649b934ca495991b7852b855	
step12_molecular_evolution/run_18288232/hyphy_results/gastropoda/OG0000136/relax.stdout	file	36702	2026-08-07T00:38:25.817743+00:00	29fccb0e24e9b367472ceb8741aeed34cae9772cd9f2375b8be547da0d261d42	
step12_molecular_evolution/run_18288232/hyphy_results/gastropoda/OG0000141/COMPLETE	file	63	2026-08-07T00:41:51.413843+00:00	7761b77eb287d26c64c9cbc9070daeb0bb38f107c175698c7eecebc2e4b46291	
step12_molecular_evolution/run_18288232/hyphy_results/gastropoda/OG0000141/absrel.json	file	184827	2026-08-07T00:39:12.789154+00:00	34c7240b85b0393ee961ed09659951a4b34cddb4079ed699b157235ca428992d	
step12_molecular_evolution/run_18288232/hyphy_results/gastropoda/OG0000141/absrel.stderr	file	0	2026-08-07T00:37:24.439358+00:00	e3b0c44298fc1c149afbf4c8996fb92427ae41e4649b934ca495991b7852b855	
step12_molecular_evolution/run_18288232/hyphy_results/gastropoda/OG0000141/absrel.stdout	file	14865	2026-08-07T00:39:12.783554+00:00	d3e8b7dee537c852c6eb1411be65eff6e753870e73d12adc92194f1e9b13c10f	
step12_molecular_evolution/run_18288232/hyphy_results/gastropoda/OG0000141/busted.json	file	275118	2026-08-07T00:37:24.390951+00:00	be1e1172ccf255e9691c278a49bbe5717a5a035dca954cad10f6d95bd2f834ac	
step12_molecular_evolution/run_18288232/hyphy_results/gastropoda/OG0000141/busted.stderr	file	0	2026-08-07T00:34:29.862827+00:00	e3b0c44298fc1c149afbf4c8996fb92427ae41e4649b934ca495991b7852b855	
step12_molecular_evolution/run_18288232/hyphy_results/gastropoda/OG0000141/busted.stdout	file	7611	2026-08-07T00:37:24.383411+00:00	4ed8951a9cfe2fcfbaa9eae4df26defddcb575220d1546874f475cca77032a11	
step12_molecular_evolution/run_18288232/hyphy_results/gastropoda/OG0000141/relax.json	file	90402	2026-08-07T00:41:51.339261+00:00	b55bc46e7753ebf1bd0df830270ded07f33a5d572d8b52ac43ec4aa2d54a7f24	
step12_molecular_evolution/run_18288232/hyphy_results/gastropoda/OG0000141/relax.stderr	file	0	2026-08-07T00:39:12.836706+00:00	e3b0c44298fc1c149afbf4c8996fb92427ae41e4649b934ca495991b7852b855	
step12_molecular_evolution/run_18288232/hyphy_results/gastropoda/OG0000141/relax.stdout	file	9252	2026-08-07T00:41:51.336052+00:00	29a1b68d93641cd6844b4a8d2a6b9bd7794beb81ec3c0b04ed2ceb88597223dd	
step12_molecular_evolution/run_18288232/hyphy_results/gastropoda/OG0000142/COMPLETE	file	63	2026-08-07T01:47:42.683118+00:00	7761b77eb287d26c64c9cbc9070daeb0bb38f107c175698c7eecebc2e4b46291	
step12_molecular_evolution/run_18288232/hyphy_results/gastropoda/OG0000142/absrel.json	file	485190	2026-08-07T01:44:15.801589+00:00	93a47d38f5385e4f5d3ada300f8105b4e76d5312bee3a94363c9cd7ff2fd3af0	
step12_molecular_evolution/run_18288232/hyphy_results/gastropoda/OG0000142/absrel.stderr	file	0	2026-08-07T01:35:54.816466+00:00	e3b0c44298fc1c149afbf4c8996fb92427ae41e4649b934ca495991b7852b855	
step12_molecular_evolution/run_18288232/hyphy_results/gastropoda/OG0000142/absrel.stdout	file	24007	2026-08-07T01:44:15.786929+00:00	d7248c22e301df4d2ca0abf1e46917a8b249c2b5c5ac203ae37733c975d73329	
step12_molecular_evolution/run_18288232/hyphy_results/gastropoda/OG0000142/busted.json	file	795218	2026-08-07T01:35:54.772953+00:00	1a1ebd2f8188ae281c2b722a68a7c1bc25d3af4288ab6a7c3c2499d0c290f70d	
step12_molecular_evolution/run_18288232/hyphy_results/gastropoda/OG0000142/busted.stderr	file	0	2026-08-07T01:29:33.264851+00:00	e3b0c44298fc1c149afbf4c8996fb92427ae41e4649b934ca495991b7852b855	
step12_molecular_evolution/run_18288232/hyphy_results/gastropoda/OG0000142/busted.stdout	file	8514	2026-08-07T01:35:54.753288+00:00	1efbbc36eb30711e72cfc3d15560e7d78c78e7cb69645f03af119d6a20ca2087	
step12_molecular_evolution/run_18288232/hyphy_results/gastropoda/OG0000142/relax.json	file	144904	2026-08-07T01:47:42.581375+00:00	e1fe6a2b67bb2e03442b5ac80e8bdc3667cfaad0256ac1b3985056f6057e6255	
step12_molecular_evolution/run_18288232/hyphy_results/gastropoda/OG0000142/relax.stderr	file	0	2026-08-07T01:44:15.848373+00:00	e3b0c44298fc1c149afbf4c8996fb92427ae41e4649b934ca495991b7852b855	
step12_molecular_evolution/run_18288232/hyphy_results/gastropoda/OG0000142/relax.stdout	file	10156	2026-08-07T01:47:42.576621+00:00	7a6ed461e959ea3d534d032727c0876fdcb702e6e46a783be6fc4377b6f5a137	
step12_molecular_evolution/run_18288232/hyphy_results/gastropoda/OG0000159/SKIPPED	file	16	2026-08-07T01:24:32.708958+00:00	d4a16daef357c129854ccea1ce718c41c2e0cfdc959888c0208b3ca2972ae82f	
step12_molecular_evolution/run_18288232/hyphy_results/gastropoda/OG0000162/SKIPPED	file	16	2026-08-07T00:09:46.164451+00:00	d4a16daef357c129854ccea1ce718c41c2e0cfdc959888c0208b3ca2972ae82f	
step12_molecular_evolution/run_18288232/hyphy_results/gastropoda/OG0000165/COMPLETE	file	63	2026-08-07T01:42:42.969122+00:00	7761b77eb287d26c64c9cbc9070daeb0bb38f107c175698c7eecebc2e4b46291	
step12_molecular_evolution/run_18288232/hyphy_results/gastropoda/OG0000165/absrel.json	file	324679	2026-08-07T01:37:08.792494+00:00	fba1e852306ae236c2a069d94610131bb380edefe8d5fbc23e44cb5bc51e348b	
step12_molecular_evolution/run_18288232/hyphy_results/gastropoda/OG0000165/absrel.stderr	file	0	2026-08-07T01:32:40.068264+00:00	e3b0c44298fc1c149afbf4c8996fb92427ae41e4649b934ca495991b7852b855	
step12_molecular_evolution/run_18288232/hyphy_results/gastropoda/OG0000165/absrel.stdout	file	20434	2026-08-07T01:37:08.782263+00:00	3bec68789e4ecfe19c63bf0a61c4f48436aeaa1f7463aa865aa61ea08c4c598f	
step12_molecular_evolution/run_18288232/hyphy_results/gastropoda/OG0000165/busted.json	file	601121	2026-08-07T01:32:40.020396+00:00	c742da1fa3fcc5570e6817635baec8bb5e4dcd307fc57f672cd69942cdb1e261	
step12_molecular_evolution/run_18288232/hyphy_results/gastropoda/OG0000165/busted.stderr	file	0	2026-08-07T01:29:33.260424+00:00	e3b0c44298fc1c149afbf4c8996fb92427ae41e4649b934ca495991b7852b855	
step12_molecular_evolution/run_18288232/hyphy_results/gastropoda/OG0000165/busted.stdout	file	8012	2026-08-07T01:32:40.005105+00:00	ac34d43495a2eb9186c8d03168656df86fa71ee00224a82fea47c0fc613f954e	
step12_molecular_evolution/run_18288232/hyphy_results/gastropoda/OG0000165/relax.json	file	126972	2026-08-07T01:42:42.849761+00:00	d46f3ec2d19e2ddc2765ef5bb5418f7a07abbada2f7a94c76ea15d15f3f6a1eb	
step12_molecular_evolution/run_18288232/hyphy_results/gastropoda/OG0000165/relax.stderr	file	0	2026-08-07T01:37:08.839089+00:00	e3b0c44298fc1c149afbf4c8996fb92427ae41e4649b934ca495991b7852b855	
step12_molecular_evolution/run_18288232/hyphy_results/gastropoda/OG0000165/relax.stdout	file	29853	2026-08-07T01:42:42.845063+00:00	39e78d59324199f8b8de5a2bab9988f1f206e7adab81084cd77cdaac44e9e7ef	
step12_molecular_evolution/run_18288232/hyphy_results/gastropoda/OG0000214/COMPLETE	file	63	2026-08-07T01:25:43.742125+00:00	7761b77eb287d26c64c9cbc9070daeb0bb38f107c175698c7eecebc2e4b46291	
step12_molecular_evolution/run_18288232/hyphy_results/gastropoda/OG0000214/absrel.json	file	244892	2026-08-07T01:21:24.225110+00:00	f3dedb2b504cbdaf21752434a1087f74a96e0f7bcd3a2286716951fc23d6747f	
step12_molecular_evolution/run_18288232/hyphy_results/gastropoda/OG0000214/absrel.stderr	file	0	2026-08-07T01:18:28.267729+00:00	e3b0c44298fc1c149afbf4c8996fb92427ae41e4649b934ca495991b7852b855	
step12_molecular_evolution/run_18288232/hyphy_results/gastropoda/OG0000214/absrel.stdout	file	26082	2026-08-07T01:21:24.217069+00:00	3ec20b569be7130abd1c537cb53486f98372c44159ed446494e1a0d2762ad1f4	
step12_molecular_evolution/run_18288232/hyphy_results/gastropoda/OG0000214/busted.json	file	497260	2026-08-07T01:18:28.219244+00:00	c11ec7b1524139271f7be9096cbbd6dbd15ceed2a8ef7659ef60d2d5c4c10b96	
step12_molecular_evolution/run_18288232/hyphy_results/gastropoda/OG0000214/busted.stderr	file	0	2026-08-07T01:14:32.365765+00:00	e3b0c44298fc1c149afbf4c8996fb92427ae41e4649b934ca495991b7852b855	
step12_molecular_evolution/run_18288232/hyphy_results/gastropoda/OG0000214/busted.stdout	file	8210	2026-08-07T01:18:28.205857+00:00	c4cc09c97f0ccc65f7621aa906c03d5fe0486e793a23c05de6f0bbf31375245b	
step12_molecular_evolution/run_18288232/hyphy_results/gastropoda/OG0000214/relax.json	file	101602	2026-08-07T01:25:43.629340+00:00	b780691b2116bbbab45ba8a998ed91f167048608b9c66afdd36ad2f7dedc36d1	
step12_molecular_evolution/run_18288232/hyphy_results/gastropoda/OG0000214/relax.stderr	file	0	2026-08-07T01:21:24.273134+00:00	e3b0c44298fc1c149afbf4c8996fb92427ae41e4649b934ca495991b7852b855	
step12_molecular_evolution/run_18288232/hyphy_results/gastropoda/OG0000214/relax.stdout	file	9859	2026-08-07T01:25:43.625677+00:00	31887fd4f787215de1012b1dcf56dcc21fab5e662279f7514b63158787525d4e	
step12_molecular_evolution/run_18288232/hyphy_results/gastropoda/OG0000221/SKIPPED	file	16	2026-08-07T01:19:32.383785+00:00	d4a16daef357c129854ccea1ce718c41c2e0cfdc959888c0208b3ca2972ae82f	
step12_molecular_evolution/run_18288232/hyphy_results/gastropoda/OG0000231/SKIPPED	file	19	2026-08-07T01:49:34.536270+00:00	f7d994a488538cfd94d767aa04cf0ed832d4f97cc32d8e315bfcef24971ae5bb	
step12_molecular_evolution/run_18288232/hyphy_results/gastropoda/OG0000264/COMPLETE	file	63	2026-08-07T04:19:54.187310+00:00	7761b77eb287d26c64c9cbc9070daeb0bb38f107c175698c7eecebc2e4b46291	
step12_molecular_evolution/run_18288232/hyphy_results/gastropoda/OG0000264/absrel.json	file	2733456	2026-08-07T03:59:50.671902+00:00	56578ad9fbb65eca0ab526b6cc5c71ac6da8aef8b5456aca11345d07d5907352	
step12_molecular_evolution/run_18288232/hyphy_results/gastropoda/OG0000264/absrel.stderr	file	0	2026-08-07T02:37:44.493620+00:00	e3b0c44298fc1c149afbf4c8996fb92427ae41e4649b934ca495991b7852b855	
step12_molecular_evolution/run_18288232/hyphy_results/gastropoda/OG0000264/absrel.stdout	file	54717	2026-08-07T03:59:50.594069+00:00	eb84438a09a308663d6f28dfcbdd6eeb56a734918503bbaf2887f564bd242f55	
step12_molecular_evolution/run_18288232/hyphy_results/gastropoda/OG0000264/busted.json	file	3701958	2026-08-07T02:37:44.451300+00:00	e5cb6956e2f2e6f75697bee5ea315630ecafabaa6309dc251f343350b960e820	
step12_molecular_evolution/run_18288232/hyphy_results/gastropoda/OG0000264/busted.stderr	file	0	2026-08-07T02:04:36.015691+00:00	e3b0c44298fc1c149afbf4c8996fb92427ae41e4649b934ca495991b7852b855	
step12_molecular_evolution/run_18288232/hyphy_results/gastropoda/OG0000264/busted.stdout	file	9372	2026-08-07T02:37:44.365042+00:00	153a7fa9d63bbb3b61b07d71007f76d9fac5cc92430599b3e3a9cd4569ed2c49	
step12_molecular_evolution/run_18288232/hyphy_results/gastropoda/OG0000264/relax.json	file	681680	2026-08-07T04:19:53.988433+00:00	cf8909897e86d4d922744dc7ea7dd28e17d440c69eb6eec8bcab648ef5cdd948	
step12_molecular_evolution/run_18288232/hyphy_results/gastropoda/OG0000264/relax.stderr	file	0	2026-08-07T03:59:50.737667+00:00	e3b0c44298fc1c149afbf4c8996fb92427ae41e4649b934ca495991b7852b855	
step12_molecular_evolution/run_18288232/hyphy_results/gastropoda/OG0000264/relax.stdout	file	13404	2026-08-07T04:19:53.974313+00:00	4f03f116359e54ac6db185c4207a97ea4457ff40bf9f72b14a55dc68e8904525	
step12_molecular_evolution/run_18288232/hyphy_results/gastropoda/OG0000307/COMPLETE	file	63	2026-08-07T05:39:39.879137+00:00	2d4f16d6aabe9b03544c208c698b11b37ea9598ac6dd42dc452f4c38e459b272	
step12_molecular_evolution/run_18288232/hyphy_results/gastropoda/OG0000307/RELAX_SKIPPED	file	76	2026-08-07T05:39:39.878930+00:00	80583275023b8a5811a4babde23c6c3bfbcb4e179757ae21dceaa0380b4cac53	
step12_molecular_evolution/run_18288232/hyphy_results/gastropoda/OG0000307/absrel.json	file	2365788	2026-08-07T05:39:39.769871+00:00	ff0f64bc1e6e68c1fda6a72d2354e8537f34ec84f9781626cda1b4dc926f7bf1	
step12_molecular_evolution/run_18288232/hyphy_results/gastropoda/OG0000307/absrel.stderr	file	0	2026-08-07T04:37:50.853661+00:00	e3b0c44298fc1c149afbf4c8996fb92427ae41e4649b934ca495991b7852b855	
step12_molecular_evolution/run_18288232/hyphy_results/gastropoda/OG0000307/absrel.stdout	file	33008	2026-08-07T05:39:39.702171+00:00	6c2b90ec1492559d0fc360ede4b08f143090a2aee19c3780630386b1556f8f66	
step12_molecular_evolution/run_18288232/hyphy_results/gastropoda/OG0000307/busted.json	file	2935128	2026-08-07T04:37:50.768273+00:00	8d0cc1c53baee335e3e3a59a555300ddb9e4444f7da6958c1adfcbdeecf00ae4	
step12_molecular_evolution/run_18288232/hyphy_results/gastropoda/OG0000307/busted.stderr	file	0	2026-08-07T04:24:44.256399+00:00	e3b0c44298fc1c149afbf4c8996fb92427ae41e4649b934ca495991b7852b855	
step12_molecular_evolution/run_18288232/hyphy_results/gastropoda/OG0000307/busted.stdout	file	8128	2026-08-07T04:37:50.700349+00:00	aaf31651fe034b1f41730afe699461dd79ff749d6f0d5cf91b406eb4a0bdf46c	
step12_molecular_evolution/run_18288232/hyphy_results/gastropoda/OG0000320/COMPLETE	file	63	2026-08-07T05:37:02.343717+00:00	2d4f16d6aabe9b03544c208c698b11b37ea9598ac6dd42dc452f4c38e459b272	
step12_molecular_evolution/run_18288232/hyphy_results/gastropoda/OG0000320/RELAX_SKIPPED	file	76	2026-08-07T05:37:02.343456+00:00	80583275023b8a5811a4babde23c6c3bfbcb4e179757ae21dceaa0380b4cac53	
step12_molecular_evolution/run_18288232/hyphy_results/gastropoda/OG0000320/absrel.json	file	2807347	2026-08-07T05:37:02.284776+00:00	3685d245be12817886948cdca74c23dfe2bf03296e81e824c116ff0fddcd6353	
step12_molecular_evolution/run_18288232/hyphy_results/gastropoda/OG0000320/absrel.stderr	file	0	2026-08-07T05:11:11.389351+00:00	e3b0c44298fc1c149afbf4c8996fb92427ae41e4649b934ca495991b7852b855	
step12_molecular_evolution/run_18288232/hyphy_results/gastropoda/OG0000320/absrel.stdout	file	27153	2026-08-07T05:37:02.202959+00:00	26c70099f606f032c0382456af652a8b6b9ba8d912f36c04225c658a72581602	
step12_molecular_evolution/run_18288232/hyphy_results/gastropoda/OG0000320/busted.json	file	4159054	2026-08-07T05:11:11.327845+00:00	5d84806bcad040684fae77c4e9ab2dda9c1a2939511279edb71e93308883ebad	
step12_molecular_evolution/run_18288232/hyphy_results/gastropoda/OG0000320/busted.stderr	file	0	2026-08-07T04:59:46.045433+00:00	e3b0c44298fc1c149afbf4c8996fb92427ae41e4649b934ca495991b7852b855	
step12_molecular_evolution/run_18288232/hyphy_results/gastropoda/OG0000320/busted.stdout	file	8403	2026-08-07T05:11:11.228840+00:00	f1751fcc3050a27b77b31028a225f8449a13e9fddba8253306a7cd758c8ff318	
step12_molecular_evolution/run_18288232/inputs/bivalvia/OG0000080/OG0000080.clean.nwk	file	3073	2026-08-06T21:10:03.601181+00:00	ea28baebcb823a811cf14c038304ff2babb80acb32d91179e9713433f3b60eaf	
step12_molecular_evolution/run_18288232/inputs/bivalvia/OG0000080/OG0000080.codon.fasta	file	25002	2026-08-06T21:10:03.597464+00:00	6a6c285af65afe6fe16f55df7099af9c4c5a67734f908c0a58e557d1d38ddc71	
step12_molecular_evolution/run_18288232/inputs/bivalvia/OG0000080/OG0000080.relax.nwk	file	3458	2026-08-06T21:10:03.603470+00:00	7e62d2d9583461e1d908deea04907a99bb7a4ca507f6560912c4c05c6e7732ab	
step12_molecular_evolution/run_18288232/inputs/bivalvia/OG0000080/sequence_cds_validation.tsv	file	9978	2026-08-06T21:10:03.596369+00:00	38353d8afbe346f7e1581a50f274cbb962d94373e126687a07658fc3113f7bcc	
step12_molecular_evolution/run_18288232/inputs/bivalvia/OG0000109/OG0000109.clean.nwk	file	4457	2026-08-06T21:10:03.569027+00:00	f1304b0f2a3efbf7af7d5726b2c6d5a88be359034267633af9627d2e459ef6a1	
step12_molecular_evolution/run_18288232/inputs/bivalvia/OG0000109/OG0000109.codon.fasta	file	34376	2026-08-06T21:10:03.555640+00:00	dde5ec2f193cf3b190a31ccc91d508346c0e812d158a5752bdaf363969077248	
step12_molecular_evolution/run_18288232/inputs/bivalvia/OG0000109/OG0000109.relax.nwk	file	5072	2026-08-06T21:10:03.571733+00:00	c4f6eba9ebfdabfec23efd2ccf6e339533042c5824a82ecb78d5abc3fe4e49ab	
step12_molecular_evolution/run_18288232/inputs/bivalvia/OG0000109/sequence_cds_validation.tsv	file	7304	2026-08-06T21:10:03.554864+00:00	d7bb3ca8a3360b18dbd69b7357cd7d0a9fe5d64c5e48b30ed67c3fcfccfddb92	
step12_molecular_evolution/run_18288232/inputs/bivalvia/OG0000120/sequence_cds_validation.tsv	file	5582	2026-08-06T21:10:03.578027+00:00	d695c7614934433941e5e29fba7f84998c4706404e066c203f8cd6a5bf3f226c	
step12_molecular_evolution/run_18288232/inputs/bivalvia/OG0000140/sequence_cds_validation.tsv	file	2476	2026-08-06T21:10:03.461152+00:00	9ac8a533c19cf9e55ffd0858bc4c7510ab7cd47d547874b1ec9c7e3ae50cc112	
step12_molecular_evolution/run_18288232/inputs/bivalvia/OG0000149/OG0000149.clean.nwk	file	1522	2026-08-06T21:10:03.450156+00:00	3cfbc77d7ca8b9288549cb48d6eaf10916f5c28a5e19c8f600c0cefd97bd0e25	
step12_molecular_evolution/run_18288232/inputs/bivalvia/OG0000149/OG0000149.codon.fasta	file	9716	2026-08-06T21:10:03.408649+00:00	fc010af51f0cbced75c70904d05ad8945ce96fd365f014f4a2f269a415b8d2ea	
step12_molecular_evolution/run_18288232/inputs/bivalvia/OG0000149/OG0000149.relax.nwk	file	1697	2026-08-06T21:10:03.452492+00:00	59b29251dc91b071a5ef1621b95bc79f6e342c9b1d8c0c61b046bccf2ebc4797	
step12_molecular_evolution/run_18288232/inputs/bivalvia/OG0000149/sequence_cds_validation.tsv	file	2474	2026-08-06T21:10:03.407915+00:00	4acace6ae44f076947de15dc18459e8370b719dbe0523935e41686e16715e757	
step12_molecular_evolution/run_18288232/inputs/bivalvia/OG0000150/sequence_cds_validation.tsv	file	2180	2026-08-06T21:10:03.456492+00:00	69f695430dabd245fdbe46f94044707a8395023ab5dd71cb8bdeba589e21cdab	
step12_molecular_evolution/run_18288232/inputs/bivalvia/OG0000156/sequence_cds_validation.tsv	file	2090	2026-08-06T21:10:03.469173+00:00	8f3bbd7b5995d1e6edad36184975b58ffb4c6cd4b5894d5497a161f9f8d847e1	
step12_molecular_evolution/run_18288232/inputs/bivalvia/OG0000163/sequence_cds_validation.tsv	file	3580	2026-08-06T21:10:03.465581+00:00	71e33ac383e429fb6ea38691b92149ab38e2e00bdf54c2bd9f66dd48646e4156	
step12_molecular_evolution/run_18288232/inputs/bivalvia/OG0000174/OG0000174.clean.nwk	file	1585	2026-08-06T21:10:03.476762+00:00	a106c0d1ff98c03f84113a0a31bc8e4ce54f2a19d90541c22fa9b47b31c4438b	
step12_molecular_evolution/run_18288232/inputs/bivalvia/OG0000174/OG0000174.codon.fasta	file	9716	2026-08-06T21:10:03.474502+00:00	a2f35f62a434081f59836a21c5c6eb21e7805f61a843808dcd44aaec41801271	
step12_molecular_evolution/run_18288232/inputs/bivalvia/OG0000174/OG0000174.relax.nwk	file	1771	2026-08-06T21:10:03.478272+00:00	fd64e631c644a630e8f5690eff191ed57ab74915f740baf342ed128afb0a18e9	
step12_molecular_evolution/run_18288232/inputs/bivalvia/OG0000174/sequence_cds_validation.tsv	file	2574	2026-08-06T21:10:03.473650+00:00	785259d6e9a57b446f73c254ae9d7b754d029e5db40a1a871db8fa49d1a38c7f	
step12_molecular_evolution/run_18288232/inputs/bivalvia/OG0000189/sequence_cds_validation.tsv	file	2528	2026-08-06T21:10:03.485181+00:00	60fd1aeb0ca6abc9bd2101a176e1ffce2499ec33e5c2f9e489a6923ae224ae31	
step12_molecular_evolution/run_18288232/inputs/bivalvia/OG0000193/sequence_cds_validation.tsv	file	2182	2026-08-06T21:10:03.481752+00:00	50cc9e421da6c45e57568e1e3be13b6c63c2ec9fc981eebc9e2cde3f1d4a08eb	
step12_molecular_evolution/run_18288232/inputs/bivalvia/OG0000200/sequence_cds_validation.tsv	file	3208	2026-08-06T21:10:03.513489+00:00	6ce01188b0047bc34ed60eaa5ff872695920a83090245b53cc621de19c902aa9	
step12_molecular_evolution/run_18288232/inputs/bivalvia/OG0000236/OG0000236.clean.nwk	file	1423	2026-08-06T21:10:03.501643+00:00	5ec7f1d8bed5c5192703b192bfd80e9cb3719ec4b35666291da9d94f6edc1940	
step12_molecular_evolution/run_18288232/inputs/bivalvia/OG0000236/OG0000236.codon.fasta	file	34864	2026-08-06T21:10:03.499189+00:00	7cb23d08718e8bbe287e605131d54697cedb1454d4d1ba3f5f910cb190b77b66	
step12_molecular_evolution/run_18288232/inputs/bivalvia/OG0000236/OG0000236.relax.nwk	file	1587	2026-08-06T21:10:03.503098+00:00	e56ec1cef0d1b368b8a2effeb7d80b6ae429992f341b283c3344c71e3bf5acc3	
step12_molecular_evolution/run_18288232/inputs/bivalvia/OG0000236/sequence_cds_validation.tsv	file	2570	2026-08-06T21:10:03.498192+00:00	d5e99ff560af60a0808a76c7777bc1b1fdbc0ee3061112b1ee319a1263c0ab76	
step12_molecular_evolution/run_18288232/inputs/bivalvia/OG0000237/OG0000237.clean.nwk	file	3892	2026-08-06T21:10:03.705849+00:00	0ed1082fd77aadd48610c2afd27baac3f95ebe5545d7e7c9d264b47a4a2e7209	
step12_molecular_evolution/run_18288232/inputs/bivalvia/OG0000237/OG0000237.codon.fasta	file	29618	2026-08-06T21:10:03.703060+00:00	94d470f002e8f3050b29b38cc4119624840c7c6fe4cbb982d720d66b58352ccb	
step12_molecular_evolution/run_18288232/inputs/bivalvia/OG0000237/OG0000237.relax.nwk	file	4519	2026-08-06T21:10:03.708232+00:00	39dd2c5f62c585cc1b8be89cd2834df3e974738e8af4bfdc3a85bbaf4b2bda16	
step12_molecular_evolution/run_18288232/inputs/bivalvia/OG0000237/sequence_cds_validation.tsv	file	6470	2026-08-06T21:10:03.701951+00:00	08a8decee4cfbea7cff8a605200be7c6c66f20aadbcdbe78450a3cf1d21fb869	
step12_molecular_evolution/run_18288232/inputs/bivalvia/OG0000238/sequence_cds_validation.tsv	file	3804	2026-08-06T21:10:03.645710+00:00	5be1d137fffc0833dd897b6b8745f0717ee806b413e8403aa82bee6a7ee9243f	
step12_molecular_evolution/run_18288232/inputs/bivalvia/OG0000244/OG0000244.clean.nwk	file	1157	2026-08-06T21:10:03.526654+00:00	d9d45d078e392140d9466bd69b717ce16b6dfe4239be5fd12fcf6b5f620b127a	
step12_molecular_evolution/run_18288232/inputs/bivalvia/OG0000244/OG0000244.codon.fasta	file	10824	2026-08-06T21:10:03.524491+00:00	b4a3a6d7c7119eb3062c48c416b9d17868b33479b97c8fa9163d8d6899b79442	
step12_molecular_evolution/run_18288232/inputs/bivalvia/OG0000244/OG0000244.relax.nwk	file	1305	2026-08-06T21:10:03.528274+00:00	51e629bf8c9d2224b36b04c864a4e8366714b02297b56c978c9ce767a145ac63	
step12_molecular_evolution/run_18288232/inputs/bivalvia/OG0000244/sequence_cds_validation.tsv	file	2806	2026-08-06T21:10:03.523790+00:00	a573db620be318ded67a275ead7d8e2c46466b2011afc16fcf204b20ba87cd51	
step12_molecular_evolution/run_18288232/inputs/bivalvia/OG0000261/sequence_cds_validation.tsv	file	2452	2026-08-06T21:10:03.533018+00:00	04bdd7f0ff9f037efd034c9f63db88cd8c981c5728aaa9f534030c9ff426b1b4	
step12_molecular_evolution/run_18288232/inputs/bivalvia/OG0000303/OG0000303.clean.nwk	file	1441	2026-08-06T21:10:03.617119+00:00	8f4bf18280eb7f54943717e8d874b9085a67575882004cdabf045a6a5a37b908	
step12_molecular_evolution/run_18288232/inputs/bivalvia/OG0000303/OG0000303.codon.fasta	file	14348	2026-08-06T21:10:03.615034+00:00	0c9984b090d248088621b924366f129e4ec9afbbf4f0ad9092645ee2e2ccafda	
step12_molecular_evolution/run_18288232/inputs/bivalvia/OG0000303/OG0000303.relax.nwk	file	1569	2026-08-06T21:10:03.618773+00:00	e37679053c307a336beea0eacb344f0fc2845b2f2d56d479bf89702ba29fcb4e	
step12_molecular_evolution/run_18288232/inputs/bivalvia/OG0000303/sequence_cds_validation.tsv	file	2778	2026-08-06T21:10:03.609782+00:00	de620796950b5057d6257c709027b9e35db21bec73afdc59fc0baa22b14e23af	
step12_molecular_evolution/run_18288232/inputs/bivalvia/OG0000323/OG0000323.clean.nwk	file	1188	2026-08-06T21:10:03.542027+00:00	d5ea4e2950a3673416c018523b10992dc119bcbf61cca2576f6f92e979c3bc9d	
step12_molecular_evolution/run_18288232/inputs/bivalvia/OG0000323/OG0000323.codon.fasta	file	10897	2026-08-06T21:10:03.538709+00:00	2e050c6ad3c0eba5e449da4afa93dcf7c2785208fbc6e01b2a8ceec260ad3671	
step12_molecular_evolution/run_18288232/inputs/bivalvia/OG0000323/OG0000323.relax.nwk	file	1303	2026-08-06T21:10:03.543402+00:00	11e7fee213056d74e9221e7afcb5c499e180eeab21599e006612e9896a8a06b1	
step12_molecular_evolution/run_18288232/inputs/bivalvia/OG0000323/sequence_cds_validation.tsv	file	2350	2026-08-06T21:10:03.538076+00:00	56f113ee21cd7563b2126c8cedb028cad9a928f3f81bbbdc7a7280125e4c34c0	
step12_molecular_evolution/run_18288232/inputs/bivalvia/OG0000330/sequence_cds_validation.tsv	file	2488	2026-08-06T21:10:03.683819+00:00	aaf15a313fdeff3fdad12e5b7c00ce77822e728afe1dbf602803c4c0dda34e94	
step12_molecular_evolution/run_18288232/inputs/bivalvia/OG0000374/OG0000374.clean.nwk	file	954	2026-08-06T21:10:03.673354+00:00	8e38a3a0b5041d098d728ae96069b60bd95aca61b30b929d9d1a19a4e696ace0	
step12_molecular_evolution/run_18288232/inputs/bivalvia/OG0000374/OG0000374.codon.fasta	file	16979	2026-08-06T21:10:03.670902+00:00	6f29af5f0d287f9fc331fb40b2e52a6f01b3e3d6daa69b19aa1e32aef1fcecd5	
step12_molecular_evolution/run_18288232/inputs/bivalvia/OG0000374/OG0000374.relax.nwk	file	1065	2026-08-06T21:10:03.674945+00:00	e32688f11d086e322310ce2b0f1495917901a3981b0cc8240788367b21842a59	
step12_molecular_evolution/run_18288232/inputs/bivalvia/OG0000374/sequence_cds_validation.tsv	file	3020	2026-08-06T21:10:03.669880+00:00	475a64059222ed2592e20586d599bd2061f5bdfe764c84c523ee9bd77040fd4d	
step12_molecular_evolution/run_18288232/inputs/bivalvia/OG0000376/sequence_cds_validation.tsv	file	2198	2026-08-06T21:10:03.679533+00:00	928393e320840b9eec76c82ae5cd15f36ab12582480d071c650254aa88355765	
step12_molecular_evolution/run_18288232/inputs/bivalvia/OG0000377/sequence_cds_validation.tsv	file	2478	2026-08-06T21:10:03.635686+00:00	4a698670f4c6b7b0a53ee60ab89ff3a4ff50af0ffadfdb5764b2a03183b3a028	
step12_molecular_evolution/run_18288232/inputs/bivalvia/OG0000403/OG0000403.clean.nwk	file	2300	2026-08-06T21:10:03.750840+00:00	67b340a7be0c8ee1fce2f36c128464fb570da7de426be585b71effedb5e4040e	
step12_molecular_evolution/run_18288232/inputs/bivalvia/OG0000403/OG0000403.codon.fasta	file	23729	2026-08-06T21:10:03.748258+00:00	78bb63eb87944a38764dd9241e3ee6929c80321a9195bc3f07a3b3c8f84cd570	
step12_molecular_evolution/run_18288232/inputs/bivalvia/OG0000403/OG0000403.relax.nwk	file	2674	2026-08-06T21:10:03.752728+00:00	f0749aa983ce09ecd714a179d8eba359559ddaecd7518957971362135f2aae28	
step12_molecular_evolution/run_18288232/inputs/bivalvia/OG0000403/sequence_cds_validation.tsv	file	4010	2026-08-06T21:10:03.747451+00:00	ec3432c27505796996d193e24a0e0ecb655ee155aaafdefc8c9f6e566abde11e	
step12_molecular_evolution/run_18288232/inputs/bivalvia/OG0000404/OG0000404.clean.nwk	file	1022	2026-08-06T21:10:03.691982+00:00	47fcd6766f57825fbed5a68d17fe612e0098784b02916f62a5a102d655311400	
step12_molecular_evolution/run_18288232/inputs/bivalvia/OG0000404/OG0000404.codon.fasta	file	13261	2026-08-06T21:10:03.690137+00:00	c9d244df9518dc65323e327ed854e5c7bb3030b2c6defca11226cdaaeaa0aa12	
step12_molecular_evolution/run_18288232/inputs/bivalvia/OG0000404/OG0000404.relax.nwk	file	1115	2026-08-06T21:10:03.693017+00:00	fda8ffbe071384a541cfacb90c683233be56f2a0d8938edb5e8cdab0a3fe9b20	
step12_molecular_evolution/run_18288232/inputs/bivalvia/OG0000404/sequence_cds_validation.tsv	file	1786	2026-08-06T21:10:03.689392+00:00	500acc15778af36fe841859f0501cedb35dad391a504fab93a6fb31d4cc1619c	
step12_molecular_evolution/run_18288232/inputs/bivalvia/OG0000450/OG0000450.clean.nwk	file	2315	2026-08-06T21:10:03.720979+00:00	391d1f4637bda1db5b68a45fc771507dddc0d909e64019e0f785664130826812	
step12_molecular_evolution/run_18288232/inputs/bivalvia/OG0000450/OG0000450.codon.fasta	file	25374	2026-08-06T21:10:03.718469+00:00	0b407303053cf7028a82d5319bc06441ad4e3b4d83ad892da7feabdcf8bc2494	
step12_molecular_evolution/run_18288232/inputs/bivalvia/OG0000450/OG0000450.relax.nwk	file	2711	2026-08-06T21:10:03.723084+00:00	27da435fa39f0604934e8a06bc64d7bfeeba169c40e990fad5678c7d808c19bb	
step12_molecular_evolution/run_18288232/inputs/bivalvia/OG0000450/sequence_cds_validation.tsv	file	4066	2026-08-06T21:10:03.717714+00:00	3bf1e542fdc05d59b42cc4580aac4a37a286d7de36fa1f9f34ed819ed75d9dd5	
step12_molecular_evolution/run_18288232/inputs/bivalvia/OG0000498/OG0000498.clean.nwk	file	1265	2026-08-06T21:10:03.630075+00:00	52de2c8b00eeb9b5ee929fbf108fab7537d1509c0daa04b12c66822e987c1638	
step12_molecular_evolution/run_18288232/inputs/bivalvia/OG0000498/OG0000498.codon.fasta	file	16420	2026-08-06T21:10:03.627714+00:00	bd956be7189af8db44c0ebe105f7e8401087c5b7be4471b0fc4c8e14f4adab96	
step12_molecular_evolution/run_18288232/inputs/bivalvia/OG0000498/OG0000498.relax.nwk	file	1407	2026-08-06T21:10:03.631439+00:00	4035847d89682fa4ace4f886a9e75bf31fd66c45046b33fe3373fb77cb7cc411	
step12_molecular_evolution/run_18288232/inputs/bivalvia/OG0000498/sequence_cds_validation.tsv	file	2182	2026-08-06T21:10:03.626809+00:00	24c189577653ce9982790e54265bcc7f97ab36b6f29c6eab1006b4e2203c8d9d	
step12_molecular_evolution/run_18288232/inputs/bivalvia/OG0000752/OG0000752.clean.nwk	file	1296	2026-08-06T21:10:03.733854+00:00	0a3ae310d770c682a36b7af2c20f5bec0d9c14a65b5a9ff5c77cd4dbcd3f30e4	
step12_molecular_evolution/run_18288232/inputs/bivalvia/OG0000752/OG0000752.codon.fasta	file	24381	2026-08-06T21:10:03.731643+00:00	c29f967042761cff4af3781239a47e23084591caba98427e14e767a330cbb508	
step12_molecular_evolution/run_18288232/inputs/bivalvia/OG0000752/OG0000752.relax.nwk	file	1505	2026-08-06T21:10:03.735312+00:00	c36e6a0b91eb2ca7cd16199443b249eb1601db529d4d5abde1f8e4c6d2e616b2	
step12_molecular_evolution/run_18288232/inputs/bivalvia/OG0000752/sequence_cds_validation.tsv	file	2266	2026-08-06T21:10:03.730846+00:00	62ee767fecae5afb1154ac48640207c2248f9b04afc2650ee22e3820cca043ef	
step12_molecular_evolution/run_18288232/inputs/bivalvia/OG0000943/OG0000943.clean.nwk	file	1139	2026-08-06T21:10:03.761000+00:00	585751f02d367fbb4aced146a4bd339f8bf83d915b9e58a878ccbe6466fbf176	
step12_molecular_evolution/run_18288232/inputs/bivalvia/OG0000943/OG0000943.codon.fasta	file	16577	2026-08-06T21:10:03.759183+00:00	c0675bd29b6c85d10e2cad778fa0c8bc1778c16884eeeb211145528e469140e6	
step12_molecular_evolution/run_18288232/inputs/bivalvia/OG0000943/OG0000943.relax.nwk	file	1326	2026-08-06T21:10:03.762163+00:00	e75482c32b8dcdf9d83be2b2fa467d84d1a8401727af09a8d9e4490cabfd3f43	
step12_molecular_evolution/run_18288232/inputs/bivalvia/OG0000943/sequence_cds_validation.tsv	file	1916	2026-08-06T21:10:03.758399+00:00	b22cb168f6f943386eb0e01e3c9e6976a3ad0f835229605e64e25ef0de6914d7	
step12_molecular_evolution/run_18288232/inputs/bivalvia/OG0001001/OG0001001.clean.nwk	file	529	2026-08-06T21:10:03.776399+00:00	fd0b13b28aa92a23d44d1d790b5945edb3c88256a073f83ffd365e834a5ef114	
step12_molecular_evolution/run_18288232/inputs/bivalvia/OG0001001/OG0001001.codon.fasta	file	35092	2026-08-06T21:10:03.774717+00:00	629f5a9a8fb01165ef948de6971fe42afe5d405f6180a6ea3ec44e56abab8c4e	
step12_molecular_evolution/run_18288232/inputs/bivalvia/OG0001001/OG0001001.relax.nwk	file	617	2026-08-06T21:10:03.777603+00:00	22398451206747afc3052a7a99ba27a2e0eea2be774d5ba3e0bace073c33a1a7	
step12_molecular_evolution/run_18288232/inputs/bivalvia/OG0001001/sequence_cds_validation.tsv	file	1286	2026-08-06T21:10:03.773683+00:00	50f704f1c24aa6aa54a2c49996b78e4deef0dc7c411522fb6b49c6a82adad66c	
step12_molecular_evolution/run_18288232/inputs/gastropoda/OG0000065/sequence_cds_validation.tsv	file	3906	2026-08-06T21:10:04.023692+00:00	f8eb5440dcaf24d46c48e1b7419213955c5b8b82fc0cb27397e45b5aad017965	
step12_molecular_evolution/run_18288232/inputs/gastropoda/OG0000074/OG0000074.clean.nwk	file	285	2026-08-06T21:10:04.163665+00:00	afefd2195d56005e7b7f1419dfa6c0782c792b168727ff4a1969b33fbfa49c7b	
step12_molecular_evolution/run_18288232/inputs/gastropoda/OG0000074/OG0000074.codon.fasta	file	3412	2026-08-06T21:10:04.162593+00:00	743397e60dc80a5a1c226dd3218739aca6de1bdbf98cc0f82412000414b8a0b0	
step12_molecular_evolution/run_18288232/inputs/gastropoda/OG0000074/OG0000074.relax.nwk	file	351	2026-08-06T21:10:04.164483+00:00	c831f384cca93c5b1d939f12c2f0b1cc7fa6b2a24a4450fe71bb272395d9d9b8	
step12_molecular_evolution/run_18288232/inputs/gastropoda/OG0000074/sequence_cds_validation.tsv	file	586	2026-08-06T21:10:04.161772+00:00	f05a16cf15f28afa3ecb83bdc3d77a1a4c68d504eb06924e05c24bc2018a1daf	
step12_molecular_evolution/run_18288232/inputs/gastropoda/OG0000075/OG0000075.clean.nwk	file	4699	2026-08-06T21:10:04.192308+00:00	7aae710fb9e34c64182a2757b1468ec75dad7f589d5065bca03bcd9cc978f10e	
step12_molecular_evolution/run_18288232/inputs/gastropoda/OG0000075/OG0000075.codon.fasta	file	63814	2026-08-06T21:10:04.188481+00:00	8f8f0727af8195f38449f1c4707cbb09fa063a5931793db7913f5b7de5d0caab	
step12_molecular_evolution/run_18288232/inputs/gastropoda/OG0000075/OG0000075.relax.nwk	file	5668	2026-08-06T21:10:04.195585+00:00	239e136d04c2ab43a4776f2e10ff4be3afc30052e82467c852687162db4ac1e9	
step12_molecular_evolution/run_18288232/inputs/gastropoda/OG0000075/sequence_cds_validation.tsv	file	7432	2026-08-06T21:10:04.187511+00:00	a4a0542155129c1887e0e62b19f3c5c3f92e94129b2a0d8ae1044695247b13c1	
step12_molecular_evolution/run_18288232/inputs/gastropoda/OG0000088/sequence_cds_validation.tsv	file	5078	2026-08-06T21:10:03.907047+00:00	c30f7e0ce552762b490dc0b92f6fe4f6e296484b6ec349bb9ec8ece00870a019	
step12_molecular_evolution/run_18288232/inputs/gastropoda/OG0000091/OG0000091.clean.nwk	file	1573	2026-08-06T21:10:03.962207+00:00	9f6723fae859f5e8e81b767874e0247c34a7b5055536571c5fbdc25594d8ad3f	
step12_molecular_evolution/run_18288232/inputs/gastropoda/OG0000091/OG0000091.codon.fasta	file	23964	2026-08-06T21:10:03.959521+00:00	d6995437dbd220438f994019a592c2285f417f8cead72fefdd18349ccdb1bd4d	
step12_molecular_evolution/run_18288232/inputs/gastropoda/OG0000091/OG0000091.relax.nwk	file	1824	2026-08-06T21:10:03.963860+00:00	27de4797fd56536f98fed306e48a956922ef80db0b7943150b16e9895cd6f4ae	
step12_molecular_evolution/run_18288232/inputs/gastropoda/OG0000091/sequence_cds_validation.tsv	file	3319	2026-08-06T21:10:03.958347+00:00	594717a4cce65c3f49c2922df10058aa626a214f738ad39249eae436879f785e	
step12_molecular_evolution/run_18288232/inputs/gastropoda/OG0000096/sequence_cds_validation.tsv	file	3838	2026-08-06T21:10:03.801122+00:00	5682e6cc29628c2005abc357732843d670825ad245b0881b7950c1fff43796e9	
step12_molecular_evolution/run_18288232/inputs/gastropoda/OG0000104/OG0000104.clean.nwk	file	1319	2026-08-06T21:10:04.081578+00:00	83b35858c655f1138f1177f089c43e3d6d4eb3b7f9d9da74f63ec74460c32953	
step12_molecular_evolution/run_18288232/inputs/gastropoda/OG0000104/OG0000104.codon.fasta	file	15666	2026-08-06T21:10:04.079482+00:00	e244e02fa19b5565646d09d32ab1f3b2060097c468e870a346d3084b92679fef	
step12_molecular_evolution/run_18288232/inputs/gastropoda/OG0000104/OG0000104.relax.nwk	file	1503	2026-08-06T21:10:04.083359+00:00	8db995df4bcd260270f061dee7f9c159bc006f025fad5fcd0fe5b3a35c9cbd08	
step12_molecular_evolution/run_18288232/inputs/gastropoda/OG0000104/sequence_cds_validation.tsv	file	2632	2026-08-06T21:10:04.078619+00:00	cda4ade5953e3a733595c4692d771e023fb4ff79056da2dbbda41c9e1015ddd6	
step12_molecular_evolution/run_18288232/inputs/gastropoda/OG0000107/sequence_cds_validation.tsv	file	5033	2026-08-06T21:10:03.863800+00:00	5ff87ea4d0b7e71d1a76c62f061188650f190da91b73c3dcfd972e226f7b10f4	
step12_molecular_evolution/run_18288232/inputs/gastropoda/OG0000111/OG0000111.clean.nwk	file	1024	2026-08-06T21:10:04.141606+00:00	5d9943484604faff1f06678885926e3c62d4ee7e7ad5f73644d1a9e7aef9dd6d	
step12_molecular_evolution/run_18288232/inputs/gastropoda/OG0000111/OG0000111.codon.fasta	file	12386	2026-08-06T21:10:04.140044+00:00	51d816e1893c841d565f7df754e5fb97b9c8523bf629619f61009ed3742723f0	
step12_molecular_evolution/run_18288232/inputs/gastropoda/OG0000111/OG0000111.relax.nwk	file	1163	2026-08-06T21:10:04.143249+00:00	16ca54f453b2554557b9471384e9e432fb05193c7e81abdba66cbca08d767dda	
step12_molecular_evolution/run_18288232/inputs/gastropoda/OG0000111/sequence_cds_validation.tsv	file	2266	2026-08-06T21:10:04.139306+00:00	4646e2b80271b0db0069b530f4f45bd4801f917a40f7b5ea4c1e08b80b452771	
step12_molecular_evolution/run_18288232/inputs/gastropoda/OG0000113/OG0000113.clean.nwk	file	1447	2026-08-06T21:10:03.818290+00:00	f3da7f03af4029a77306b78789c84bbc59af9b82a6a842f721741c9670dc6976	
step12_molecular_evolution/run_18288232/inputs/gastropoda/OG0000113/OG0000113.codon.fasta	file	9724	2026-08-06T21:10:03.816105+00:00	d4bb9590cb9af5f38e356a526a9f3792eb7c5e23163370d09e42b28498020abb	
step12_molecular_evolution/run_18288232/inputs/gastropoda/OG0000113/OG0000113.relax.nwk	file	1638	2026-08-06T21:10:03.819942+00:00	5e8ddb24880fa1467e00cecd0775590bf98327b155339dc07b50cf3f8a7695cc	
step12_molecular_evolution/run_18288232/inputs/gastropoda/OG0000113/sequence_cds_validation.tsv	file	2786	2026-08-06T21:10:03.815098+00:00	8eaaba5745d9a4e3265e3ea441d89cb092b627df69c7c3a6164ed45886a86134	
step12_molecular_evolution/run_18288232/inputs/gastropoda/OG0000117/OG0000117.clean.nwk	file	1724	2026-08-06T21:10:04.009799+00:00	4b95a07660b182ddcece57510088107bf2295261a57598857fa8f55118f83087	
step12_molecular_evolution/run_18288232/inputs/gastropoda/OG0000117/OG0000117.codon.fasta	file	22131	2026-08-06T21:10:04.007029+00:00	923b825bd0af6d838673e5ed3fbc0671f871781548902ca37eac1c507ba61af0	
step12_molecular_evolution/run_18288232/inputs/gastropoda/OG0000117/OG0000117.relax.nwk	file	1990	2026-08-06T21:10:04.011745+00:00	cf79e13bf4261f013f9c51a3c9a794bc894787a4d46df69e92466e8e32291ad8	
step12_molecular_evolution/run_18288232/inputs/gastropoda/OG0000117/sequence_cds_validation.tsv	file	3470	2026-08-06T21:10:04.006099+00:00	db396bdccd8fbf0670ccea9f9eac22602e58848a90fd0036387b54ba46e57553	
step12_molecular_evolution/run_18288232/inputs/gastropoda/OG0000121/OG0000121.clean.nwk	file	1397	2026-08-06T21:10:03.887369+00:00	03160fa988d1e5cb667c04d44b0b637309a99008668900e7dc278391f3f0dedd	
step12_molecular_evolution/run_18288232/inputs/gastropoda/OG0000121/OG0000121.codon.fasta	file	11962	2026-08-06T21:10:03.885211+00:00	4ce38dd29e87ccdb26a9b49a69e4db269571cd2d734e0090a85c3c4f1d4560ef	
step12_molecular_evolution/run_18288232/inputs/gastropoda/OG0000121/OG0000121.relax.nwk	file	1603	2026-08-06T21:10:03.889088+00:00	25766ef931cbd0c567b76be129b6adcdaabae461114c2882c924f752be589f10	
step12_molecular_evolution/run_18288232/inputs/gastropoda/OG0000121/sequence_cds_validation.tsv	file	2881	2026-08-06T21:10:03.884272+00:00	41ae4de46cb75c39c9e4b86122a58820babc53ed84d6621cb09441a162f983dd	
step12_molecular_evolution/run_18288232/inputs/gastropoda/OG0000122/OG0000122.clean.nwk	file	3057	2026-08-06T21:10:04.227600+00:00	e6123f87d2cacee3761a6978f2f1d8be304bdc2e48afaed14bcb07ac211fddef	
step12_molecular_evolution/run_18288232/inputs/gastropoda/OG0000122/OG0000122.codon.fasta	file	94960	2026-08-06T21:10:04.223638+00:00	0b3090e460e4cf9c396c8404220472c656590a65e666401399fd266e36df183f	
step12_molecular_evolution/run_18288232/inputs/gastropoda/OG0000122/OG0000122.relax.nwk	file	3669	2026-08-06T21:10:04.230667+00:00	176bb6cfb177365a147874320b524d3d35d4d7161565c27b5ddd8908f14734ea	
step12_molecular_evolution/run_18288232/inputs/gastropoda/OG0000122/sequence_cds_validation.tsv	file	5166	2026-08-06T21:10:04.222234+00:00	be75f8388bd84bc817792899e3ca15c333c603a5de84b337e2c2a6df572876c1	
step12_molecular_evolution/run_18288232/inputs/gastropoda/OG0000123/sequence_cds_validation.tsv	file	2350	2026-08-06T21:10:03.876345+00:00	e0fb4aa1e6a9bdaa618d21dc2eef247ccc4a47bbeec65565175c079d53f255d2	
step12_molecular_evolution/run_18288232/inputs/gastropoda/OG0000124/sequence_cds_validation.tsv	file	2956	2026-08-06T21:10:04.037394+00:00	ca0c23aa630e3142e69710f5a097fb6c5d8d1f4bf5e9b399026fab58128ad518	
step12_molecular_evolution/run_18288232/inputs/gastropoda/OG0000126/sequence_cds_validation.tsv	file	2602	2026-08-06T21:10:03.919461+00:00	ba4b719d46aec197f3cf50e90ca11343e837136de6110785ee4c82af15e6cd68	
step12_molecular_evolution/run_18288232/inputs/gastropoda/OG0000132/OG0000132.clean.nwk	file	1225	2026-08-06T21:10:03.985484+00:00	4face5cda9110bd3d709384373bb2aa2fb91d3f6c7a33b1f0f397655c3ed3cf6	
step12_molecular_evolution/run_18288232/inputs/gastropoda/OG0000132/OG0000132.codon.fasta	file	19795	2026-08-06T21:10:03.983385+00:00	555d0a1e67d8d39a5fe9f6cfa00d4233b8e3e001fcb7556dbdd779b39d3a66db	
step12_molecular_evolution/run_18288232/inputs/gastropoda/OG0000132/OG0000132.relax.nwk	file	1383	2026-08-06T21:10:03.987056+00:00	0778a0295dcc6c7146348db3bf9dec8d1049a8e31b17959fcc0d4fb77d9ce5bc	
step12_molecular_evolution/run_18288232/inputs/gastropoda/OG0000132/sequence_cds_validation.tsv	file	2119	2026-08-06T21:10:03.982334+00:00	8a76859e81b025b1a0034c960f7aa0beaa9d4fded1006921567c6d3fa3600e52	
step12_molecular_evolution/run_18288232/inputs/gastropoda/OG0000134/OG0000134.clean.nwk	file	903	2026-08-06T21:10:04.157318+00:00	7bd658eb0ab0c9ca4e1f536bfd2ded17b0f6232619dca154a6a396c4427074a5	
step12_molecular_evolution/run_18288232/inputs/gastropoda/OG0000134/OG0000134.codon.fasta	file	9823	2026-08-06T21:10:04.155713+00:00	1bf61274dabead5cd659adc32019a29f4dd08c00bcf296896be597671a2c3130	
step12_molecular_evolution/run_18288232/inputs/gastropoda/OG0000134/OG0000134.relax.nwk	file	1027	2026-08-06T21:10:04.158587+00:00	5de305f797a7307b9d299fc3fa16f8d798d4bcc09afa31bdfe5ae49af0c14ff8	
step12_molecular_evolution/run_18288232/inputs/gastropoda/OG0000134/sequence_cds_validation.tsv	file	1576	2026-08-06T21:10:04.154719+00:00	7d68be030e75268bac6dbc56d024cd7a42f45447f9ae2c622548e274c95627b1	
step12_molecular_evolution/run_18288232/inputs/gastropoda/OG0000136/OG0000136.clean.nwk	file	1190	2026-08-06T21:10:03.833356+00:00	58e448a873e72b48a7bdf729f5910212f0184242dc4c87e2a08a27a5364dd7b7	
step12_molecular_evolution/run_18288232/inputs/gastropoda/OG0000136/OG0000136.codon.fasta	file	9623	2026-08-06T21:10:03.831107+00:00	ced8855add7b2f9840729e548249595d951a361f78748db5fa8cfba3ff32d0e5	
step12_molecular_evolution/run_18288232/inputs/gastropoda/OG0000136/OG0000136.relax.nwk	file	1364	2026-08-06T21:10:03.835128+00:00	5b6cd6ac04c528f1708e42ea0cd6795b929c7ec60fe2b29cce0873706762d0e3	
step12_molecular_evolution/run_18288232/inputs/gastropoda/OG0000136/sequence_cds_validation.tsv	file	2814	2026-08-06T21:10:03.830265+00:00	d2245892d25850645f9bf4a68f2620dfa79494cb7ad948edb1cbe5f9d11b0e69	
step12_molecular_evolution/run_18288232/inputs/gastropoda/OG0000141/OG0000141.clean.nwk	file	799	2026-08-06T21:10:03.934757+00:00	2f31bc420cc6219c22463b5653aadd7aa2d242b47bc3a11abf80cc00a68479ef	
step12_molecular_evolution/run_18288232/inputs/gastropoda/OG0000141/OG0000141.codon.fasta	file	5566	2026-08-06T21:10:03.933090+00:00	56825e329eb1ba296572746d425cc40c81f376bed408cf2f080ab78f5c767db3	
step12_molecular_evolution/run_18288232/inputs/gastropoda/OG0000141/OG0000141.relax.nwk	file	917	2026-08-06T21:10:03.936030+00:00	c30c4d0f2c15d2f52ded62a8f990a8a6e3a10d9d82879ec8a954d12ddd86d5fb	
step12_molecular_evolution/run_18288232/inputs/gastropoda/OG0000141/sequence_cds_validation.tsv	file	1912	2026-08-06T21:10:03.924875+00:00	a89e48958bf4ec5339cb6649316ffee9035f3e40a3ab24ec0741aba2968c10c3	
step12_molecular_evolution/run_18288232/inputs/gastropoda/OG0000142/OG0000142.clean.nwk	file	1255	2026-08-06T21:10:04.097697+00:00	3f471a323506aa0ee919dedf56a58b3b9f82eafb22d423690f91f3413ddb4393	
step12_molecular_evolution/run_18288232/inputs/gastropoda/OG0000142/OG0000142.codon.fasta	file	18905	2026-08-06T21:10:04.095844+00:00	fc320530c3173dcd853b7fd5a1aa0c4b8bea1cb8d4d7b7799496dfd853460a11	
step12_molecular_evolution/run_18288232/inputs/gastropoda/OG0000142/OG0000142.relax.nwk	file	1413	2026-08-06T21:10:04.099129+00:00	a6d4719a08e74fa936faf6744a065aa5f8d7698a384a2fda0812ab7d660348a4	
step12_molecular_evolution/run_18288232/inputs/gastropoda/OG0000142/sequence_cds_validation.tsv	file	2357	2026-08-06T21:10:04.094919+00:00	135149e76722ba18eb7310e1cf896601405d2b8e01348ac9e5e27c3107a7c3cc	
step12_molecular_evolution/run_18288232/inputs/gastropoda/OG0000159/sequence_cds_validation.tsv	file	2884	2026-08-06T21:10:04.070545+00:00	1d6cefaa80e9742389edabf06ee659f3dc4296023980d6d4bcb49b4bbd2097e6	
step12_molecular_evolution/run_18288232/inputs/gastropoda/OG0000162/sequence_cds_validation.tsv	file	2464	2026-08-06T21:10:03.807228+00:00	1ce212ffeae0eeb3d9ea050325a39710480394212354f6e63f5735f3082dcf29	
step12_molecular_evolution/run_18288232/inputs/gastropoda/OG0000165/OG0000165.clean.nwk	file	1232	2026-08-06T21:10:04.124047+00:00	fd103bdf81b209e4f7bd6a3c6c834856dc02cb371a9a120e6f3fc39f0892ee83	
step12_molecular_evolution/run_18288232/inputs/gastropoda/OG0000165/OG0000165.codon.fasta	file	15651	2026-08-06T21:10:04.122240+00:00	fa4f4ba3a2fefab4dce4642530751bb42c7f9640a2e0692a68be3de30c1b820b	
step12_molecular_evolution/run_18288232/inputs/gastropoda/OG0000165/OG0000165.relax.nwk	file	1389	2026-08-06T21:10:04.126146+00:00	d9b97c0e18622d8a5767c226ab155341bf9fe90e86c2999a23c98c0e6bd70768	
step12_molecular_evolution/run_18288232/inputs/gastropoda/OG0000165/sequence_cds_validation.tsv	file	2547	2026-08-06T21:10:04.121238+00:00	97f6aa95fd4f3164453cb0b4a0029d07b7aab4a551269aea78cb495640dacc16	
step12_molecular_evolution/run_18288232/inputs/gastropoda/OG0000214/OG0000214.clean.nwk	file	1501	2026-08-06T21:10:04.052530+00:00	233934479c1489f414c340435048ff7cf813f4ff68e42457af7d79de79c08f36	
step12_molecular_evolution/run_18288232/inputs/gastropoda/OG0000214/OG0000214.codon.fasta	file	12221	2026-08-06T21:10:04.050837+00:00	43ff12cd2d0377121fdbacd388b90dc3182b2a231b17fabe28b10d1c8580d70f	
step12_molecular_evolution/run_18288232/inputs/gastropoda/OG0000214/OG0000214.relax.nwk	file	1725	2026-08-06T21:10:04.054645+00:00	97d43746dc3212f744994267d3436b8b666210d99ad1b5c1cbba09180e04c8a9	
step12_molecular_evolution/run_18288232/inputs/gastropoda/OG0000214/sequence_cds_validation.tsv	file	2521	2026-08-06T21:10:04.049839+00:00	1ede69ca05e6082e83a96b8d70087269b7f169afeef336f4acd3ccfce53c8e76	
step12_molecular_evolution/run_18288232/inputs/gastropoda/OG0000221/sequence_cds_validation.tsv	file	1918	2026-08-06T21:10:04.063389+00:00	9edd928ec0021362115fe93d7fd0cadb91751ecc6a6230fa624b3268b0f75a8d	
step12_molecular_evolution/run_18288232/inputs/gastropoda/OG0000231/sequence_cds_validation.tsv	file	1566	2026-08-06T21:10:04.149869+00:00	1b042c823d34b412c856a86b80cd1303424b311bdc6f9bf64d78fa9260704c81	
step12_molecular_evolution/run_18288232/inputs/gastropoda/OG0000264/OG0000264.clean.nwk	file	2910	2026-08-06T21:10:04.257631+00:00	2865ca5e58ba8072b4a0d5392887d99ef6d6672767e57b75ac47b880031f9a56	
step12_molecular_evolution/run_18288232/inputs/gastropoda/OG0000264/OG0000264.codon.fasta	file	75169	2026-08-06T21:10:04.254664+00:00	b95f12090e708912350956adc8021b870a47d6f9a1a0805b601167604a343afc	
step12_molecular_evolution/run_18288232/inputs/gastropoda/OG0000264/OG0000264.relax.nwk	file	3428	2026-08-06T21:10:04.260161+00:00	958fc99a1039247de59ba12ca0c31e2383a64543c478a66a83945127e21382eb	
step12_molecular_evolution/run_18288232/inputs/gastropoda/OG0000264/sequence_cds_validation.tsv	file	4984	2026-08-06T21:10:04.253569+00:00	9aca83be217b4f8da87655ab4b0963db25245032ae12ae36196227c1a7fd7ff6	
step12_molecular_evolution/run_18288232/inputs/gastropoda/OG0000307/OG0000307.clean.nwk	file	1509	2026-08-06T21:10:04.299238+00:00	1d543fcafcdbe3403890bec4a8bdf1262a3150aceba50381b0f38594595a4c7e	
step12_molecular_evolution/run_18288232/inputs/gastropoda/OG0000307/OG0000307.codon.fasta	file	58258	2026-08-06T21:10:04.296572+00:00	c80a8b44d488210ed1ef64d9b35304e66e2679ceccefb87c8664657ed840fc27	
step12_molecular_evolution/run_18288232/inputs/gastropoda/OG0000307/OG0000307.relax.nwk	file	1839	2026-08-06T21:10:04.301525+00:00	223820d019dd00fa1b2314b9585062d55d93da1853921ce1d548fdf08e8a8a6d	
step12_molecular_evolution/run_18288232/inputs/gastropoda/OG0000307/sequence_cds_validation.tsv	file	3398	2026-08-06T21:10:04.295340+00:00	d49a51f30c3c7b5a3f3b54b4572bc8e651e7422602df9f3c5cba19ebdce7633d	
step12_molecular_evolution/run_18288232/inputs/gastropoda/OG0000320/OG0000320.clean.nwk	file	1222	2026-08-06T21:10:04.342201+00:00	60a7093972af9d09d7c749a97ca8e546e674e7bcd6b2c6285391caadf1bf7ad0	
step12_molecular_evolution/run_18288232/inputs/gastropoda/OG0000320/OG0000320.codon.fasta	file	84967	2026-08-06T21:10:04.339430+00:00	60343db53211aac67d5e9e19ddad8909f023199611406d8598457e78cfc560c5	
step12_molecular_evolution/run_18288232/inputs/gastropoda/OG0000320/OG0000320.relax.nwk	file	1486	2026-08-06T21:10:04.344552+00:00	2e9c49c923ae8d4d650f61e68d745c03c1d5f63ff363c4d6a7adbd6110a5aa2b	
step12_molecular_evolution/run_18288232/inputs/gastropoda/OG0000320/sequence_cds_validation.tsv	file	2970	2026-08-06T21:10:04.338343+00:00	a866059e95fecf9e199807a27e9a4d1d032b91a3365c4bb54b188ab4dbb567ca	
step12_molecular_evolution/run_18288232/manifest_bivalvia.tsv	file	26817	2026-08-06T21:10:04.345922+00:00	953a9c0ebef5dbade10f6cc76aa7a5051ecf65f27aa025b7b801b6b926f3973f	
step12_molecular_evolution/run_18288232/manifest_gastropoda.tsv	file	28179	2026-08-06T21:10:04.347443+00:00	2d7f6a4cc03fbd434a1d0a18c43dd4df1e1cd261490d27dd7903f41a8ba0dc8a	
step12_molecular_evolution/run_18288232/result_manifest.tsv	file	29734	2026-08-07T06:14:58.131285+00:00	4bb030c5d20a95b7a79d48918694cfd26fa7739d0fcfbc901e812c1a2f7643a3	
step12_molecular_evolution/run_18288232/significant_absrel_branches.tsv	file	17061	2026-08-07T06:14:57.655777+00:00	f8929c3b63bdd46a4295bc8a7633ba0dab582d497dd70b1ace80ee0861843357	
step12_molecular_evolution/run_18288232/significant_family_results.tsv	file	50232	2026-08-07T06:14:57.653857+00:00	30306ece4d475bb0c4e4d55124febccdbd0d536bc9c3505a6d1d7e33023f0835	
step12_molecular_evolution/run_18288232/step12_job_chain.tsv	file	169	2026-08-07T00:08:12.560337+00:00	a45b969bbd88d710afb61b3d61bd6e8dd43a75cbec9562892abf8ef1bcfd32e1	
step12_molecular_evolution/run_18288232/step12_summary.tsv	file	267	2026-08-07T06:14:57.656631+00:00	645d8b6fe2630ad91a482a07c1d0ce7efa708f54b37b630691f250da3707114f	
step13_transcriptomic_integration/latest	symlink	12	2026-08-11T16:15:50.624344+00:00		run_18420304
step13_transcriptomic_integration/run_18420304/COMPLETE	file	35	2026-08-11T16:10:42.996346+00:00	b9474142bbcd9c4110109e1342e9cb528a9fab642b3012d81efe4e76b300af75	
step13_transcriptomic_integration/run_18420304/METHODS_AND_LIMITATIONS.txt	file	1300	2026-08-11T15:10:52.161319+00:00	b484364b28620c61a1f6babf0b24f7ff9f237f8ba4a0a887cbf3ca1c96272226	
step13_transcriptomic_integration/run_18420304/PREPARED	file	32	2026-08-11T15:10:52.161530+00:00	2c0bada1d0b183cfa5547360aa335c738399c9a089eac0c13df147df2307dc8a	
step13_transcriptomic_integration/run_18420304/candidate_expression.tsv	file	100372	2026-08-11T16:10:42.981110+00:00	73acab607e6a48434749e1fb4062798cb17a46cd697275849a99e596dbe71d66	
step13_transcriptomic_integration/run_18420304/data_availability.tsv	file	1654	2026-08-11T15:10:52.161066+00:00	eb44e9b4cb09fa89470073829cad5c82e24a217aeb16d8a5705fa47352ab427f	
step13_transcriptomic_integration/run_18420304/differential_expression_status.tsv	file	746	2026-08-11T16:10:42.989913+00:00	dfeed84fdd5f92458b5fa4ab5e8a3af04bb702f8f8537835f8d0e04a2c03c731	
step13_transcriptomic_integration/run_18420304/orthogroup_species_expression.tsv	file	8587	2026-08-11T16:10:42.986893+00:00	a0710945682d298c22504cc3444d2793ab38ec9878bfe480596cd70203c5b08c	
step13_transcriptomic_integration/run_18420304/orthogroup_transcriptomic_integration.tsv	file	5017	2026-08-11T16:10:42.988615+00:00	38929e45953767c4e750f68522b3df1bd02ef407fcc8d1bc7cf6609601cc1fa0	
step13_transcriptomic_integration/run_18420304/result_manifest.tsv	file	334	2026-08-11T16:10:42.994955+00:00	07a23d88ec225e09975d84694e5a5e308656b85c887c9425ee0b2aaa04df8ae8	
step13_transcriptomic_integration/run_18420304/salmon_results/Acanthocardia_echinata/COMPLETE	file	82	2026-08-11T15:20:36.710479+00:00	88014cad68cb5f54d625cebb5006f2ddca8a4921a8e5de8e69ee1bd193644984	
step13_transcriptomic_integration/run_18420304/salmon_results/Acanthocardia_echinata/index.stderr.log	file	85366	2026-08-11T15:15:44.738406+00:00	488515d734ab8424c6619d26345da2a4a2319d898d6b461cf4cb0aaaf9e1496d	
step13_transcriptomic_integration/run_18420304/salmon_results/Acanthocardia_echinata/index.stdout.log	file	1040	2026-08-11T15:15:44.738712+00:00	144db8fac0e1d49ea244500b9ab4814976baeff8b415caeb42b75a43214124b7	
step13_transcriptomic_integration/run_18420304/salmon_results/Acanthocardia_echinata/quant/aux_info/ambig_info.tsv	file	115263	2026-08-11T15:20:36.029863+00:00	2f6b77d089f5cbf72a5b627148847dbea289255ff446570fbc1c0d22ced7d593	
step13_transcriptomic_integration/run_18420304/salmon_results/Acanthocardia_echinata/quant/aux_info/exp3_seq.gz	file	3956	2026-08-11T15:20:36.023146+00:00	a8fa2f6d570aa1b7e1a0e29cdf3da2784579dbc544b68c0956ed8ae7ee8ab6a1	
step13_transcriptomic_integration/run_18420304/salmon_results/Acanthocardia_echinata/quant/aux_info/exp5_seq.gz	file	3943	2026-08-11T15:20:36.022426+00:00	8b79bff0ea17af7a18f93dea9ec337b1e4b946f7655752447b037dd5e2cc462d	
step13_transcriptomic_integration/run_18420304/salmon_results/Acanthocardia_echinata/quant/aux_info/exp_gc.gz	file	559	2026-08-11T15:20:36.024386+00:00	033fae836adfb645e57b022d7192d694d943d63bb01b1467b8b78bd37731015a	
step13_transcriptomic_integration/run_18420304/salmon_results/Acanthocardia_echinata/quant/aux_info/expected_bias.gz	file	258	2026-08-11T15:20:36.014218+00:00	ed71559319169f967b2e56d9af0910dd813a50b9c193ca61d1f7169b49e77d18	
step13_transcriptomic_integration/run_18420304/salmon_results/Acanthocardia_echinata/quant/aux_info/fld.gz	file	722	2026-08-11T15:20:36.013903+00:00	1aff047a3fd90d0262dd3ab64a98d78ff898d3e3cb42527b71d6768a5b0c7bfd	
step13_transcriptomic_integration/run_18420304/salmon_results/Acanthocardia_echinata/quant/aux_info/meta_info.json	file	1845	2026-08-11T15:20:36.025067+00:00	40ea60c9c283f721542ebb470a92fa1dc30f6ce27e6cf49ebbb226457a634023	
step13_transcriptomic_integration/run_18420304/salmon_results/Acanthocardia_echinata/quant/aux_info/obs3_seq.gz	file	3985	2026-08-11T15:20:36.020052+00:00	9de91ecca62fa50fe02e4465bae8dd18c82f4f726e1a9d4feffc1d7ffb838dc2	
step13_transcriptomic_integration/run_18420304/salmon_results/Acanthocardia_echinata/quant/aux_info/obs5_seq.gz	file	3983	2026-08-11T15:20:36.017182+00:00	1e3e506a13bd94f3d8c712bc075aa44d207ce8b82ece1bb47676f5c3ae113984	
step13_transcriptomic_integration/run_18420304/salmon_results/Acanthocardia_echinata/quant/aux_info/obs_gc.gz	file	470	2026-08-11T15:20:36.023707+00:00	22a7e85d106d364c03fd48dc0d809112c599ad914be51565e4bb60b053a81cdd	
step13_transcriptomic_integration/run_18420304/salmon_results/Acanthocardia_echinata/quant/aux_info/observed_bias.gz	file	127	2026-08-11T15:20:36.015416+00:00	daaab691b59d97771b71cfbd158dfc2137f45e13d4b0f6889816092c00b9fde1	
step13_transcriptomic_integration/run_18420304/salmon_results/Acanthocardia_echinata/quant/aux_info/observed_bias_3p.gz	file	127	2026-08-11T15:20:36.016378+00:00	daaab691b59d97771b71cfbd158dfc2137f45e13d4b0f6889816092c00b9fde1	
step13_transcriptomic_integration/run_18420304/salmon_results/Acanthocardia_echinata/quant/cmd_info.json	file	799	2026-08-11T15:20:21.935029+00:00	3229e49aeb7aed2285328513050f2c6759e8d497b2dbe65237b9b815f88b65d7	
step13_transcriptomic_integration/run_18420304/salmon_results/Acanthocardia_echinata/quant/libParams/flenDist.txt	file	11620	2026-08-11T15:20:36.012457+00:00	7854a99b530766a56419b35afebd556d840b1b3b08c29128640cdb95b9042ba1	
step13_transcriptomic_integration/run_18420304/salmon_results/Acanthocardia_echinata/quant/lib_format_counts.json	file	768	2026-08-11T15:20:36.011510+00:00	e8126385cf045c72e40aa4655bf5da9c434b4273ee0370c3dbfa55d1ead429cb	
step13_transcriptomic_integration/run_18420304/salmon_results/Acanthocardia_echinata/quant/logs/salmon_quant.log	file	5138	2026-08-11T15:20:36.630640+00:00	9eadd1ee47e2cb9be5d30751c6c3091c66d84805133b4957d495e2470cc5f632	
step13_transcriptomic_integration/run_18420304/salmon_results/Acanthocardia_echinata/quant/quant.sf	file	1719957	2026-08-11T15:20:36.010957+00:00	a0bf27c6ceec7d64d9dbec5209b3d6537479a8ac56866317ee13566d12a64d11	
step13_transcriptomic_integration/run_18420304/salmon_results/Acanthocardia_echinata/quant.stderr.log	file	12714	2026-08-11T15:20:35.992274+00:00	6feadda1b5883fb6ea5831612c28a8ce083d2d88a65c533b8a21f323f659b8f5	
step13_transcriptomic_integration/run_18420304/salmon_results/Acanthocardia_echinata/quant.stdout.log	file	0	2026-08-11T15:15:44.743001+00:00	e3b0c44298fc1c149afbf4c8996fb92427ae41e4649b934ca495991b7852b855	
step13_transcriptomic_integration/run_18420304/salmon_results/Acanthocardia_echinata/salmon_index/complete_ref_lens.bin	file	89904	2026-08-11T15:15:37.063316+00:00	c664b15e888fad6973dd5e13936e2fb926ccc2055ed0979019acf03f78183584	
step13_transcriptomic_integration/run_18420304/salmon_results/Acanthocardia_echinata/salmon_index/ctable.bin	file	2336339	2026-08-11T15:15:43.722542+00:00	d60428ef36b6e30d86285ae41e8675eab02a785e365028fcf10febe34e63cde6	
step13_transcriptomic_integration/run_18420304/salmon_results/Acanthocardia_echinata/salmon_index/ctg_offsets.bin	file	123296	2026-08-11T15:15:43.722138+00:00	99e1a7a900c1a191acb9294650436ea67daf5ab6f38496fbf5e1182f90c12f20	
step13_transcriptomic_integration/run_18420304/salmon_results/Acanthocardia_echinata/salmon_index/duplicate_clusters.tsv	file	210946	2026-08-11T15:15:36.998370+00:00	ed0cca9d7ea9e2dca055363a5816b978dd6a2a82216f23ceb87113289a49912e	
step13_transcriptomic_integration/run_18420304/salmon_results/Acanthocardia_echinata/salmon_index/info.json	file	1156	2026-08-11T15:15:44.721051+00:00	884a4450a865c4404e738c31334e8b7232ff877de17d6e01d97973f9377ddd34	
step13_transcriptomic_integration/run_18420304/salmon_results/Acanthocardia_echinata/salmon_index/mphf.bin	file	10829580	2026-08-11T15:15:44.735441+00:00	4abc399dcc13653d9311d83ebed380653bd031197c0de45869a42fdebc931587	
step13_transcriptomic_integration/run_18420304/salmon_results/Acanthocardia_echinata/salmon_index/pos.bin	file	51665480	2026-08-11T15:15:44.721190+00:00	c3d766c6c494cad916782317cf7bb9819c5828547c999ffbd88d675c52bdab8a	
step13_transcriptomic_integration/run_18420304/salmon_results/Acanthocardia_echinata/salmon_index/pre_indexing.log	file	496	2026-08-11T15:15:44.738516+00:00	c52d6f6b22d66092f7f1dbf0ba9f8393f82217641a63f6a9d6a2c1a08604dd0e	
step13_transcriptomic_integration/run_18420304/salmon_results/Acanthocardia_echinata/salmon_index/rank.bin	file	2284176	2026-08-11T15:15:43.658336+00:00	5700de0175f393590f54f8b999ee994c9a2b169d28ad88dd865c89e23bb5e11f	
step13_transcriptomic_integration/run_18420304/salmon_results/Acanthocardia_echinata/salmon_index/refAccumLengths.bin	file	179800	2026-08-11T15:15:43.777126+00:00	eeb88e1aa7358747eaadc94d1118dcd4186f5de09e8487cbddd466abf4d746a1	
step13_transcriptomic_integration/run_18420304/salmon_results/Acanthocardia_echinata/salmon_index/ref_indexing.log	file	3498	2026-08-11T15:15:44.738470+00:00	22c90bcac0f6f78462761715fbab6ffdae89ad3bc9d0ac1872cbf080d85eacd4	
step13_transcriptomic_integration/run_18420304/salmon_results/Acanthocardia_echinata/salmon_index/reflengths.bin	file	89904	2026-08-11T15:15:43.714464+00:00	c664b15e888fad6973dd5e13936e2fb926ccc2055ed0979019acf03f78183584	
step13_transcriptomic_integration/run_18420304/salmon_results/Acanthocardia_echinata/salmon_index/refseq.bin	file	5729936	2026-08-11T15:15:43.777297+00:00	4010e853697ea0b8a1cdccf4343b034eed17932bcd22d3734bd2fd855d74b332	
step13_transcriptomic_integration/run_18420304/salmon_results/Acanthocardia_echinata/salmon_index/seq.bin	file	4568312	2026-08-11T15:15:43.615716+00:00	fcd03fc919260f6808fd926021602692d9fd9e8eccf284650d9d517881e300ef	
step13_transcriptomic_integration/run_18420304/salmon_results/Acanthocardia_echinata/salmon_index/versionInfo.json	file	127	2026-08-11T15:15:44.738336+00:00	423de7273834f48b9dfbd690a4e0372fa8eff70a54998e916db5d83dd69ca1a3	
step13_transcriptomic_integration/run_18420304/salmon_results/Americardia_media/COMPLETE	file	77	2026-08-11T15:28:50.314386+00:00	4e4062d693df588b37cb3e9d503e1dbabe78f0f3036abe0f15ec0d23db7505f6	
step13_transcriptomic_integration/run_18420304/salmon_results/Americardia_media/index.stderr.log	file	85523	2026-08-11T15:15:52.396248+00:00	e4433cf69475b415aee0c64368a758a677c0742ac7b03cb9ac3dff231047712c	
step13_transcriptomic_integration/run_18420304/salmon_results/Americardia_media/index.stdout.log	file	1039	2026-08-11T15:15:52.396612+00:00	c6338c470b672eea5203afcdfc5d424ddb3e3a3321ed12a0d72e817eab4c5ca4	
step13_transcriptomic_integration/run_18420304/salmon_results/Americardia_media/quant/aux_info/ambig_info.tsv	file	235185	2026-08-11T15:28:49.373466+00:00	e08860ab31fade7b3ff23929c96e2921632fb237a42f4655d4fb746010ed258a	
step13_transcriptomic_integration/run_18420304/salmon_results/Americardia_media/quant/aux_info/exp3_seq.gz	file	3961	2026-08-11T15:28:49.364774+00:00	e5f90b660139a96f712d0c37763ba2f648a9516268bd2c2c10a7d90148ed90dd	
step13_transcriptomic_integration/run_18420304/salmon_results/Americardia_media/quant/aux_info/exp5_seq.gz	file	3948	2026-08-11T15:28:49.364381+00:00	2357aa0fde939632cf4cb49d0d58930cb178d75271a3a93b02fed86137dfab3e	
step13_transcriptomic_integration/run_18420304/salmon_results/Americardia_media/quant/aux_info/exp_gc.gz	file	631	2026-08-11T15:28:49.365561+00:00	c07a6af29e25347a2f7cc2aadf8b08875a9ea5aaa1d3935ed3e9b9442c797c92	
step13_transcriptomic_integration/run_18420304/salmon_results/Americardia_media/quant/aux_info/expected_bias.gz	file	258	2026-08-11T15:28:49.359350+00:00	ed71559319169f967b2e56d9af0910dd813a50b9c193ca61d1f7169b49e77d18	
step13_transcriptomic_integration/run_18420304/salmon_results/Americardia_media/quant/aux_info/fld.gz	file	685	2026-08-11T15:28:49.358877+00:00	ccb3c38c31d4c2e19279acd00c2a18a875fb9294e9621b78df7d5215c093bcee	
step13_transcriptomic_integration/run_18420304/salmon_results/Americardia_media/quant/aux_info/meta_info.json	file	1850	2026-08-11T15:28:49.365914+00:00	630e98caebed6f0fb4b447518531593f53ed063370166fa21877a5251a5fff7e	
step13_transcriptomic_integration/run_18420304/salmon_results/Americardia_media/quant/aux_info/obs3_seq.gz	file	3969	2026-08-11T15:28:49.362524+00:00	b4cff5e9520e65f0f92d8a92fa358a252a0c8e98ffef81f1bb385cad3f664e85	
step13_transcriptomic_integration/run_18420304/salmon_results/Americardia_media/quant/aux_info/obs5_seq.gz	file	3973	2026-08-11T15:28:49.360717+00:00	e31e6dcc58c852010062f906ddc899a80c1ab64bbed9b57a986af0c0ed06c292	
step13_transcriptomic_integration/run_18420304/salmon_results/Americardia_media/quant/aux_info/obs_gc.gz	file	536	2026-08-11T15:28:49.365211+00:00	eb94eb4860b0d3126a9718686394a4cc4183c01c452ff1dd81d8372d2723fa1f	
step13_transcriptomic_integration/run_18420304/salmon_results/Americardia_media/quant/aux_info/observed_bias.gz	file	127	2026-08-11T15:28:49.359740+00:00	daaab691b59d97771b71cfbd158dfc2137f45e13d4b0f6889816092c00b9fde1	
step13_transcriptomic_integration/run_18420304/salmon_results/Americardia_media/quant/aux_info/observed_bias_3p.gz	file	127	2026-08-11T15:28:49.360202+00:00	daaab691b59d97771b71cfbd158dfc2137f45e13d4b0f6889816092c00b9fde1	
step13_transcriptomic_integration/run_18420304/salmon_results/Americardia_media/quant/cmd_info.json	file	779	2026-08-11T15:28:17.556320+00:00	5a0ec073112dc3b27012b37ed7850769e5021a4bfb3f8b81120002e50213fafb	
step13_transcriptomic_integration/run_18420304/salmon_results/Americardia_media/quant/libParams/flenDist.txt	file	11644	2026-08-11T15:28:49.357326+00:00	bf9d53fddf301167edbdc5cc3c14567c70309c6c334f46ba338e704a9257cf31	
step13_transcriptomic_integration/run_18420304/salmon_results/Americardia_media/quant/lib_format_counts.json	file	760	2026-08-11T15:28:49.355809+00:00	19d02b9d495ba851e08ae2ca23f914a67662027d9ee3c4ace64f1c89e242f490	
step13_transcriptomic_integration/run_18420304/salmon_results/Americardia_media/quant/logs/salmon_quant.log	file	5139	2026-08-11T15:28:49.870037+00:00	7604ca6fbc5da4a59afca24b18c76edde3918f96bfb23b207033bcb230c29e3c	
step13_transcriptomic_integration/run_18420304/salmon_results/Americardia_media/quant/quant.sf	file	3399163	2026-08-11T15:28:49.354274+00:00	6bdb1cb14459f95e94c41605e524f720fcd88c9134914ee0cc7c23dedefbdb85	
step13_transcriptomic_integration/run_18420304/salmon_results/Americardia_media/quant.stderr.log	file	17155	2026-08-11T15:28:49.578568+00:00	0bac3eb72f429efc3758a7de09acf7c86c1ff9fb6e87d4c01707c85c12f94ee8	
step13_transcriptomic_integration/run_18420304/salmon_results/Americardia_media/quant.stdout.log	file	0	2026-08-11T15:15:52.400417+00:00	e3b0c44298fc1c149afbf4c8996fb92427ae41e4649b934ca495991b7852b855	
step13_transcriptomic_integration/run_18420304/salmon_results/Americardia_media/salmon_index/complete_ref_lens.bin	file	175592	2026-08-11T15:15:36.842194+00:00	79a4bee8457b6f579fc70698dd1159dee472901fcd3d36631bf3bfe64f5ccda2	
step13_transcriptomic_integration/run_18420304/salmon_results/Americardia_media/salmon_index/ctable.bin	file	5105591	2026-08-11T15:15:50.156858+00:00	625e954222d029f683aa0a5dd5af100d6a222862ca790fb3dfbffab0d2863f5b	
step13_transcriptomic_integration/run_18420304/salmon_results/Americardia_media/salmon_index/ctg_offsets.bin	file	272912	2026-08-11T15:15:50.156013+00:00	9d507af0f259e9de0b16f2f62430d51a76e552af1143805feaea2600f97cdf08	
step13_transcriptomic_integration/run_18420304/salmon_results/Americardia_media/salmon_index/duplicate_clusters.tsv	file	513880	2026-08-11T15:15:36.723526+00:00	b36cca0f6e3e5830c473affab5327af34e9df362e5d9135fdd78cba2b6f16f7e	
step13_transcriptomic_integration/run_18420304/salmon_results/Americardia_media/salmon_index/info.json	file	1152	2026-08-11T15:15:52.277782+00:00	54df2f838dd5de44f76d405262394c837e86dc09c88ff9c043f0f1318b3dc699	
step13_transcriptomic_integration/run_18420304/salmon_results/Americardia_media/salmon_index/mphf.bin	file	20328196	2026-08-11T15:15:52.319822+00:00	163319debd9108c48d715a408cb849be58444ec7353220247d67b39fdcbb1931	
step13_transcriptomic_integration/run_18420304/salmon_results/Americardia_media/salmon_index/pos.bin	file	100865544	2026-08-11T15:15:52.278042+00:00	0b1ba1682bb48d081b7bc2536f546478015fb8ff5ebd612b6c549284cccc9c45	
step13_transcriptomic_integration/run_18420304/salmon_results/Americardia_media/salmon_index/pre_indexing.log	file	496	2026-08-11T15:15:52.396390+00:00	576c388426cd2677351f6bd1a4532fc6b12201f5a8056b7a55e05eb402e1cf2b	
step13_transcriptomic_integration/run_18420304/salmon_results/Americardia_media/salmon_index/rank.bin	file	4310328	2026-08-11T15:15:50.016956+00:00	b2d15e486757d23aef0d4b3910d0948593dda381d6aedf64eaf4b079b4e4dc3c	
step13_transcriptomic_integration/run_18420304/salmon_results/Americardia_media/salmon_index/refAccumLengths.bin	file	351176	2026-08-11T15:15:50.265871+00:00	9e18e11dbece38443dbb983f7a48bf0627730e2b802076be3bae7190305ab225	
step13_transcriptomic_integration/run_18420304/salmon_results/Americardia_media/salmon_index/ref_indexing.log	file	3503	2026-08-11T15:15:52.396322+00:00	dbfd6aa170dca5722b5cb5eb01896f1d01b468ff8b90714c67cfe59023760f7f	
step13_transcriptomic_integration/run_18420304/salmon_results/Americardia_media/salmon_index/reflengths.bin	file	175592	2026-08-11T15:15:50.132203+00:00	4a393dc95f37ad21e20e7c14bef851a2f74b476284d71262eda79e802b4782ff	
step13_transcriptomic_integration/run_18420304/salmon_results/Americardia_media/salmon_index/refseq.bin	file	11513328	2026-08-11T15:15:50.267064+00:00	71ebddcb0eabf96ed45969a4f56ac200447f289b57f1848aba1b45526cdb3a09	
step13_transcriptomic_integration/run_18420304/salmon_results/Americardia_media/salmon_index/seq.bin	file	8620624	2026-08-11T15:15:49.935596+00:00	403f654c835927b8d5ef0ab85cdad6a73a219e225de62ee40d9a2f577827306b	
step13_transcriptomic_integration/run_18420304/salmon_results/Americardia_media/salmon_index/versionInfo.json	file	127	2026-08-11T15:15:52.396148+00:00	423de7273834f48b9dfbd690a4e0372fa8eff70a54998e916db5d83dd69ca1a3	
step13_transcriptomic_integration/run_18420304/salmon_results/Bullacta_exarata/COMPLETE	file	76	2026-08-11T15:28:22.055979+00:00	672e4d79b8720f25d2d69a91f6857ea06fd215710fde5744ae8a38cb8f5ce4ad	
step13_transcriptomic_integration/run_18420304/salmon_results/Bullacta_exarata/index.stderr.log	file	85345	2026-08-11T15:25:46.090510+00:00	de173d0243bfcaffd9540bd79e9e2ebf813e7e50e62e044152dc9e57fb5dcedb	
step13_transcriptomic_integration/run_18420304/salmon_results/Bullacta_exarata/index.stdout.log	file	1034	2026-08-11T15:25:46.090806+00:00	db25ed65760260735330ca39fe2389745f2b7fd0d5b6654723b4204285befbca	
step13_transcriptomic_integration/run_18420304/salmon_results/Bullacta_exarata/quant/aux_info/ambig_info.tsv	file	113701	2026-08-11T15:28:21.846952+00:00	661fcdb44a6779aa2c758e8df172a319f0320de55daeb3a580ae1550fb4b1275	
step13_transcriptomic_integration/run_18420304/salmon_results/Bullacta_exarata/quant/aux_info/exp3_seq.gz	file	3945	2026-08-11T15:28:21.840717+00:00	2fa0bb09ea29534eb1f14d23c9cf4a3a318fcf1a719593c43a0df604be99a3ce	
step13_transcriptomic_integration/run_18420304/salmon_results/Bullacta_exarata/quant/aux_info/exp5_seq.gz	file	3950	2026-08-11T15:28:21.839854+00:00	dcc0beaff432586e3ca3e11094e3fee7d57505ebc4dbf27ab3dd2ffcfd2610ea	
step13_transcriptomic_integration/run_18420304/salmon_results/Bullacta_exarata/quant/aux_info/exp_gc.gz	file	617	2026-08-11T15:28:21.842195+00:00	99c0e52c8d8c5f8265a364dd60f3c2a54203bd279886d2d222303e16f599bd6f	
step13_transcriptomic_integration/run_18420304/salmon_results/Bullacta_exarata/quant/aux_info/expected_bias.gz	file	258	2026-08-11T15:28:21.833431+00:00	ed71559319169f967b2e56d9af0910dd813a50b9c193ca61d1f7169b49e77d18	
step13_transcriptomic_integration/run_18420304/salmon_results/Bullacta_exarata/quant/aux_info/fld.gz	file	716	2026-08-11T15:28:21.832451+00:00	04789e2f2b541711e8fb75c6dea20af59bcd61c5bd6e1037e6fa4a9fa4d89462	
step13_transcriptomic_integration/run_18420304/salmon_results/Bullacta_exarata/quant/aux_info/meta_info.json	file	1844	2026-08-11T15:28:21.842874+00:00	38678b6aefe73c2ac9229937b791ece13420608c6cf2a34d61def3edadf616c7	
step13_transcriptomic_integration/run_18420304/salmon_results/Bullacta_exarata/quant/aux_info/obs3_seq.gz	file	3976	2026-08-11T15:28:21.837604+00:00	d3eb9e23ba717c553b00bf67e562d795d0427e50da847fa780b9701c95aeedd3	
step13_transcriptomic_integration/run_18420304/salmon_results/Bullacta_exarata/quant/aux_info/obs5_seq.gz	file	3979	2026-08-11T15:28:21.835354+00:00	e7c3d5197bb431a2b2d45ef0386122cc8d185278e5db5c96a50f173eb6ed2eb1	
step13_transcriptomic_integration/run_18420304/salmon_results/Bullacta_exarata/quant/aux_info/obs_gc.gz	file	458	2026-08-11T15:28:21.841684+00:00	37f8e77e8b9989c0993185546341d16a31ab36ff23f9bf86491c8d890ee39e31	
step13_transcriptomic_integration/run_18420304/salmon_results/Bullacta_exarata/quant/aux_info/observed_bias.gz	file	127	2026-08-11T15:28:21.833979+00:00	daaab691b59d97771b71cfbd158dfc2137f45e13d4b0f6889816092c00b9fde1	
step13_transcriptomic_integration/run_18420304/salmon_results/Bullacta_exarata/quant/aux_info/observed_bias_3p.gz	file	127	2026-08-11T15:28:21.834678+00:00	daaab691b59d97771b71cfbd158dfc2137f45e13d4b0f6889816092c00b9fde1	
step13_transcriptomic_integration/run_18420304/salmon_results/Bullacta_exarata/quant/cmd_info.json	file	775	2026-08-11T15:28:07.299762+00:00	07c62d9bdaa338d76d275c7f28c8fc55a47407eac07d492ee87f8591f10e9fe4	
step13_transcriptomic_integration/run_18420304/salmon_results/Bullacta_exarata/quant/libParams/flenDist.txt	file	11605	2026-08-11T15:28:21.830461+00:00	6ce4d2635de57a97db70f9f8910bd2b959756ab9fcddd65601171895c39bb941	
step13_transcriptomic_integration/run_18420304/salmon_results/Bullacta_exarata/quant/lib_format_counts.json	file	750	2026-08-11T15:28:21.829243+00:00	f776ff725b228c78c67536f20730dce730b309c67de2907a9f7c9fbbab105c29	
step13_transcriptomic_integration/run_18420304/salmon_results/Bullacta_exarata/quant/logs/salmon_quant.log	file	4591	2026-08-11T15:28:22.010044+00:00	7104e0d296ca0b72efcf80a599780df6ce5f502de9e97b4b2bf47710d04afd86	
step13_transcriptomic_integration/run_18420304/salmon_results/Bullacta_exarata/quant/quant.sf	file	1682229	2026-08-11T15:28:21.827816+00:00	2efd9df61b5f77978eb3859d906a8d5422f821c07f9186e31d05419132c2dd38	
step13_transcriptomic_integration/run_18420304/salmon_results/Bullacta_exarata/quant.stderr.log	file	10886	2026-08-11T15:28:21.840160+00:00	bd5bd8e8175da35fcf8fd2d9095a9f6400d58c5e295e7a1367a68120af9dba2e	
step13_transcriptomic_integration/run_18420304/salmon_results/Bullacta_exarata/quant.stdout.log	file	0	2026-08-11T15:25:46.094482+00:00	e3b0c44298fc1c149afbf4c8996fb92427ae41e4649b934ca495991b7852b855	
step13_transcriptomic_integration/run_18420304/salmon_results/Bullacta_exarata/salmon_index/complete_ref_lens.bin	file	87576	2026-08-11T15:25:39.300846+00:00	c05cc78f3069988343e3de86d93de2b22fd75a4b9905ed2021a110f0c7116e43	
step13_transcriptomic_integration/run_18420304/salmon_results/Bullacta_exarata/salmon_index/ctable.bin	file	2319274	2026-08-11T15:25:45.213915+00:00	ea6fd9e541b3d92b1e9bfc5b675d7074caed19b002752f5821e4d00d4cf453d7	
step13_transcriptomic_integration/run_18420304/salmon_results/Bullacta_exarata/salmon_index/ctg_offsets.bin	file	103568	2026-08-11T15:25:45.213564+00:00	9040f42b75aa2df5d3d4f3955d29e8633397729cda4a1d73c3ffad5eef3b197f	
step13_transcriptomic_integration/run_18420304/salmon_results/Bullacta_exarata/salmon_index/duplicate_clusters.tsv	file	168351	2026-08-11T15:25:39.233913+00:00	41d3533b5530bb715e79311db37f75f7f982ea246eeb881ae1b7f2a60c98492c	
step13_transcriptomic_integration/run_18420304/salmon_results/Bullacta_exarata/salmon_index/info.json	file	1150	2026-08-11T15:25:46.073029+00:00	8391b3715521fe86626e4b54c3066f65fa7ca6a6429dcf4507fdf5ae72ade901	
step13_transcriptomic_integration/run_18420304/salmon_results/Bullacta_exarata/salmon_index/mphf.bin	file	11035820	2026-08-11T15:25:46.087020+00:00	93241ace0f2ee6afa11e120098b782955430f9f1db11fd2bc82d21f267421975	
step13_transcriptomic_integration/run_18420304/salmon_results/Bullacta_exarata/salmon_index/pos.bin	file	52649624	2026-08-11T15:25:46.073174+00:00	0d761c42c4b7bf05db8044fcdc837f1e5cb01bc1cf2f588bdf1a73da87c07806	
step13_transcriptomic_integration/run_18420304/salmon_results/Bullacta_exarata/salmon_index/pre_indexing.log	file	496	2026-08-11T15:25:46.090623+00:00	518a544ca051027f5a2cf33bb43676a123ab10dc74834041fa12b1c7f47cf8cb	
step13_transcriptomic_integration/run_18420304/salmon_results/Bullacta_exarata/salmon_index/rank.bin	file	2288720	2026-08-11T15:25:45.151181+00:00	84edc2b5f0977941bf1fcda39d96fa40dde20be47588b42f0cacc815464a07b9	
step13_transcriptomic_integration/run_18420304/salmon_results/Bullacta_exarata/salmon_index/refAccumLengths.bin	file	175144	2026-08-11T15:25:45.264505+00:00	ad92b222d90c0ac74acdb53e74741e2cefb91a9bde132cdd57928badc1d8d5c3	
step13_transcriptomic_integration/run_18420304/salmon_results/Bullacta_exarata/salmon_index/ref_indexing.log	file	3492	2026-08-11T15:25:46.090578+00:00	a8009684ddd8d89c893a499111779b858a0b8edb6c7ed9bc0522877d2908ae6d	
step13_transcriptomic_integration/run_18420304/salmon_results/Bullacta_exarata/salmon_index/reflengths.bin	file	87576	2026-08-11T15:25:45.205562+00:00	c05cc78f3069988343e3de86d93de2b22fd75a4b9905ed2021a110f0c7116e43	
step13_transcriptomic_integration/run_18420304/salmon_results/Bullacta_exarata/salmon_index/refseq.bin	file	5594992	2026-08-11T15:25:45.265311+00:00	1b66c68a2b9f9e989655cdd3b90c4d4dc80f88286db23393e6c00a459186caa6	
step13_transcriptomic_integration/run_18420304/salmon_results/Bullacta_exarata/salmon_index/seq.bin	file	4577400	2026-08-11T15:25:45.108516+00:00	43781cd3d54e653a0fabc793c450711de6adf6360db64e3b414b3d4dc900ef81	
step13_transcriptomic_integration/run_18420304/salmon_results/Bullacta_exarata/salmon_index/versionInfo.json	file	127	2026-08-11T15:25:46.090448+00:00	423de7273834f48b9dfbd690a4e0372fa8eff70a54998e916db5d83dd69ca1a3	
step13_transcriptomic_integration/run_18420304/salmon_results/Elysia_crispata/COMPLETE	file	75	2026-08-11T15:38:08.374533+00:00	645596af7068f6e64e75c9734f07afd90df95fb6dce7a82d2e3318963d6951c5	
step13_transcriptomic_integration/run_18420304/salmon_results/Elysia_crispata/index.stderr.log	file	85467	2026-08-11T15:30:50.004674+00:00	262e90dbf359442e59d1e69d428a849d59a77523352c2779c6449176ae52d6af	
step13_transcriptomic_integration/run_18420304/salmon_results/Elysia_crispata/index.stdout.log	file	1035	2026-08-11T15:30:50.004983+00:00	23315dfc8bdd54f590d6e6bc7dede3f70a73c96ea4a3651a4832566c4930aeb7	
step13_transcriptomic_integration/run_18420304/salmon_results/Elysia_crispata/quant/aux_info/ambig_info.tsv	file	175424	2026-08-11T15:38:07.689026+00:00	46bf7215e43f89fda953ad9c4096742877deea29b81ff3e18fa9af7fd15b9c14	
step13_transcriptomic_integration/run_18420304/salmon_results/Elysia_crispata/quant/aux_info/exp3_seq.gz	file	3931	2026-08-11T15:38:07.680887+00:00	f594dbbb2455ce2c3f88ae170dc3b9ed5af8bc75908ac67479827432c56c20bd	
step13_transcriptomic_integration/run_18420304/salmon_results/Elysia_crispata/quant/aux_info/exp5_seq.gz	file	3936	2026-08-11T15:38:07.679635+00:00	c5e213625056ce6cdfa167a62f61abc28683fcdb38a9069fdbaffbb00b723996	
step13_transcriptomic_integration/run_18420304/salmon_results/Elysia_crispata/quant/aux_info/exp_gc.gz	file	630	2026-08-11T15:38:07.682079+00:00	4d7a7a0b560ed14a1bb59fe095af59d0608c48a73ecbbb4fa37be8ed0894fdee	
step13_transcriptomic_integration/run_18420304/salmon_results/Elysia_crispata/quant/aux_info/expected_bias.gz	file	258	2026-08-11T15:38:07.672682+00:00	ed71559319169f967b2e56d9af0910dd813a50b9c193ca61d1f7169b49e77d18	
step13_transcriptomic_integration/run_18420304/salmon_results/Elysia_crispata/quant/aux_info/fld.gz	file	688	2026-08-11T15:38:07.672256+00:00	ca12609bc5ce5cab988519416ca4869a2ff6e11c0fe8e90786f37bf9400513fd	
step13_transcriptomic_integration/run_18420304/salmon_results/Elysia_crispata/quant/aux_info/meta_info.json	file	1845	2026-08-11T15:38:07.682647+00:00	eb54239a8eadde61d1d03949c2c7fc0b3b2c26604393e08db5fc0c5b7770568b	
step13_transcriptomic_integration/run_18420304/salmon_results/Elysia_crispata/quant/aux_info/obs3_seq.gz	file	3973	2026-08-11T15:38:07.675919+00:00	a943207b8edbe47cf41af18d3d62b8c90305b0c85cbfbcc9c7cf41037330d144	
step13_transcriptomic_integration/run_18420304/salmon_results/Elysia_crispata/quant/aux_info/obs5_seq.gz	file	3968	2026-08-11T15:38:07.674026+00:00	91a165d1fc794697a8eeb0a31512162eb615af09c17de8bac33ef650dbe46961	
step13_transcriptomic_integration/run_18420304/salmon_results/Elysia_crispata/quant/aux_info/obs_gc.gz	file	515	2026-08-11T15:38:07.681707+00:00	ac0546554cc5772ba24fa7b90002802f13f45123bba6df355e3dc03cd10339ba	
step13_transcriptomic_integration/run_18420304/salmon_results/Elysia_crispata/quant/aux_info/observed_bias.gz	file	127	2026-08-11T15:38:07.673210+00:00	daaab691b59d97771b71cfbd158dfc2137f45e13d4b0f6889816092c00b9fde1	
step13_transcriptomic_integration/run_18420304/salmon_results/Elysia_crispata/quant/aux_info/observed_bias_3p.gz	file	127	2026-08-11T15:38:07.673501+00:00	daaab691b59d97771b71cfbd158dfc2137f45e13d4b0f6889816092c00b9fde1	
step13_transcriptomic_integration/run_18420304/salmon_results/Elysia_crispata/quant/cmd_info.json	file	771	2026-08-11T15:37:43.973700+00:00	0ac90fe64975ed7848c2845d672029df72a0dff105fb7f187a6396a30573e829	
step13_transcriptomic_integration/run_18420304/salmon_results/Elysia_crispata/quant/libParams/flenDist.txt	file	11622	2026-08-11T15:38:07.670749+00:00	b0a97cda0291ec81360ccbef073be0ccba820621f3e5573a30afe3ffd745c085	
step13_transcriptomic_integration/run_18420304/salmon_results/Elysia_crispata/quant/lib_format_counts.json	file	752	2026-08-11T15:38:07.669821+00:00	7907120d184352ef92f0bc2241bb12513611f76aae3787d44c866eaeba9c6ed2	
step13_transcriptomic_integration/run_18420304/salmon_results/Elysia_crispata/quant/logs/salmon_quant.log	file	5049	2026-08-11T15:38:08.232689+00:00	4b4e7fd984518a858127dbd265e170a5d596fad7db55f51dce3536a6938b18fa	
step13_transcriptomic_integration/run_18420304/salmon_results/Elysia_crispata/quant/quant.sf	file	2496162	2026-08-11T15:38:07.669003+00:00	46d9b19ab45c0997d27edc608e78ef6ee1f3e021daca7db592a1a0b8f01d87c4	
step13_transcriptomic_integration/run_18420304/salmon_results/Elysia_crispata/quant.stderr.log	file	13940	2026-08-11T15:38:07.626318+00:00	dc498501d448f6baadff8b2e0c0a1ab886612bdb7a73176b2c6d8768763f5991	
step13_transcriptomic_integration/run_18420304/salmon_results/Elysia_crispata/quant.stdout.log	file	0	2026-08-11T15:30:50.009481+00:00	e3b0c44298fc1c149afbf4c8996fb92427ae41e4649b934ca495991b7852b855	
step13_transcriptomic_integration/run_18420304/salmon_results/Elysia_crispata/salmon_index/complete_ref_lens.bin	file	128936	2026-08-11T15:30:37.724183+00:00	2d12fe645ab1103cf6be513fca8dc9e16de03ae817d8d0fad7e467bd07b10043	
step13_transcriptomic_integration/run_18420304/salmon_results/Elysia_crispata/salmon_index/ctable.bin	file	4018525	2026-08-11T15:30:48.249075+00:00	467f6c8d2b675fc9138ccb0dc931bc478b42dd0dcb0267225d427ba5264fc454	
step13_transcriptomic_integration/run_18420304/salmon_results/Elysia_crispata/salmon_index/ctg_offsets.bin	file	188496	2026-08-11T15:30:48.248466+00:00	ca7520bcc43d0d872cdf0805cb0bb0d420a768748c32d858e92ed1c56519eba5	
step13_transcriptomic_integration/run_18420304/salmon_results/Elysia_crispata/salmon_index/duplicate_clusters.tsv	file	273662	2026-08-11T15:30:37.622521+00:00	101a1326be6fcc5de9b4295453d7b60acd9d98fbeb4869ac354d1dca2588566b	
step13_transcriptomic_integration/run_18420304/salmon_results/Elysia_crispata/salmon_index/info.json	file	1149	2026-08-11T15:30:49.969013+00:00	e2c99d7f370adf25ce2e570aff2d2cf9e793ac815992e58635d7830245fd911d	
step13_transcriptomic_integration/run_18420304/salmon_results/Elysia_crispata/salmon_index/mphf.bin	file	16044220	2026-08-11T15:30:49.999976+00:00	bddb915240a826a2da72309618ed8af803aae259d09fe10150d4b0453a612597	
step13_transcriptomic_integration/run_18420304/salmon_results/Elysia_crispata/salmon_index/pos.bin	file	76546112	2026-08-11T15:30:49.969169+00:00	80881f546970ac7b9da8b85a15fb2db13386bffdc51f3414b57d23d2dd1f68c9	
step13_transcriptomic_integration/run_18420304/salmon_results/Elysia_crispata/salmon_index/pre_indexing.log	file	496	2026-08-11T15:30:50.004782+00:00	ee7b86b48b8a640706eb5fe41e26dde420ecd62d858aeafba977931dbfb33bcb	
step13_transcriptomic_integration/run_18420304/salmon_results/Elysia_crispata/salmon_index/rank.bin	file	3375976	2026-08-11T15:30:48.144413+00:00	8494caa664f8cef18671e8cf7902c3478f91ea815ad75e37fb48e25105d33f98	
step13_transcriptomic_integration/run_18420304/salmon_results/Elysia_crispata/salmon_index/refAccumLengths.bin	file	257864	2026-08-11T15:30:48.332503+00:00	1acd568bf25d815ce04a1c49533e81c9a604b289049ecd77ddba3379b65e885d	
step13_transcriptomic_integration/run_18420304/salmon_results/Elysia_crispata/salmon_index/ref_indexing.log	file	3496	2026-08-11T15:30:50.004726+00:00	fa4c7375bbc1805592778ff10138c7feaa4a71c35959c2f70d945b40ed15b7f3	
step13_transcriptomic_integration/run_18420304/salmon_results/Elysia_crispata/salmon_index/reflengths.bin	file	128936	2026-08-11T15:30:48.233691+00:00	4e75a9029eae1925f9ccac83c95210e7e79c4fe358a0d529fd4a7ff898c65f5d	
step13_transcriptomic_integration/run_18420304/salmon_results/Elysia_crispata/salmon_index/refseq.bin	file	8848416	2026-08-11T15:30:48.332982+00:00	4be7ee7d7d360c9bd5b977c9757b28523eb3e234278947b50afa38881f5f063b	
step13_transcriptomic_integration/run_18420304/salmon_results/Elysia_crispata/salmon_index/seq.bin	file	6751912	2026-08-11T15:30:48.080557+00:00	93d2532423aae942f72d7fc5b4e63db96514fc7fe672aba0cd6e45e632f065f3	
step13_transcriptomic_integration/run_18420304/salmon_results/Elysia_crispata/salmon_index/versionInfo.json	file	127	2026-08-11T15:30:50.004585+00:00	423de7273834f48b9dfbd690a4e0372fa8eff70a54998e916db5d83dd69ca1a3	
step13_transcriptomic_integration/run_18420304/salmon_results/Tridacna_gigas/COMPLETE	file	74	2026-08-11T15:36:20.972539+00:00	bd0a0855fbde3b041baabb65068574c5acaff28c0bce57ffd1082f43172c44ae	
step13_transcriptomic_integration/run_18420304/salmon_results/Tridacna_gigas/index.stderr.log	file	85803	2026-08-11T15:31:28.580624+00:00	8c293f62a11fd2be96f7bfbe989fb6c82942fe5c3653de55044c71c7e47a4593	
step13_transcriptomic_integration/run_18420304/salmon_results/Tridacna_gigas/index.stdout.log	file	1039	2026-08-11T15:31:28.580933+00:00	7faa34f71f48c4d24c1c1a50948a4b45ac6f418003bc563ea4b03356115cd094	
step13_transcriptomic_integration/run_18420304/salmon_results/Tridacna_gigas/quant/aux_info/ambig_info.tsv	file	617474	2026-08-11T15:36:20.386912+00:00	a60819968a70478451c9e688fc13eb70313dbe1258878a72e566c3fb9e8988bd	
step13_transcriptomic_integration/run_18420304/salmon_results/Tridacna_gigas/quant/aux_info/exp3_seq.gz	file	3943	2026-08-11T15:36:20.370963+00:00	fde4334a6841cb9f96eb9f24f4c862d3d3fa6426bac427473b600c25eccd2b12	
step13_transcriptomic_integration/run_18420304/salmon_results/Tridacna_gigas/quant/aux_info/exp5_seq.gz	file	3952	2026-08-11T15:36:20.370321+00:00	e82da0abfdb130b1ef932a8265787a839ae4b84858d51a703233583f5ed21f20	
step13_transcriptomic_integration/run_18420304/salmon_results/Tridacna_gigas/quant/aux_info/exp_gc.gz	file	621	2026-08-11T15:36:20.372355+00:00	eb1c1b970eca03deb7abb6b3bff6de69f001c768352651157e3e40a709a9efd7	
step13_transcriptomic_integration/run_18420304/salmon_results/Tridacna_gigas/quant/aux_info/expected_bias.gz	file	258	2026-08-11T15:36:20.363845+00:00	ed71559319169f967b2e56d9af0910dd813a50b9c193ca61d1f7169b49e77d18	
step13_transcriptomic_integration/run_18420304/salmon_results/Tridacna_gigas/quant/aux_info/fld.gz	file	746	2026-08-11T15:36:20.363088+00:00	80444a9ca321c5ee5ca8e7f2cf450d34d8eddf5315da1cb0a349b7a888ac9ddf	
step13_transcriptomic_integration/run_18420304/salmon_results/Tridacna_gigas/quant/aux_info/meta_info.json	file	1848	2026-08-11T15:36:20.373195+00:00	b6e2bae203b0aeeb298174a81282c4ff5294b17b7d32f827bb569faf3dd9678d	
step13_transcriptomic_integration/run_18420304/salmon_results/Tridacna_gigas/quant/aux_info/obs3_seq.gz	file	3981	2026-08-11T15:36:20.367008+00:00	486ed2cff3952d5cd752057ddd8f7d3f6014ab1a6ee3e5a8196d5cacd0a3ba62	
step13_transcriptomic_integration/run_18420304/salmon_results/Tridacna_gigas/quant/aux_info/obs5_seq.gz	file	3962	2026-08-11T15:36:20.366285+00:00	ca3d8de46ba4dafb330b4d8104d50261817cee2c35fb6f5c5fc389600347fc1d	
step13_transcriptomic_integration/run_18420304/salmon_results/Tridacna_gigas/quant/aux_info/obs_gc.gz	file	544	2026-08-11T15:36:20.371795+00:00	1d65ee58fd8b53f1f3a3c164d3b961fbdde941bd466fcae6382e56d4ca3c8b44	
step13_transcriptomic_integration/run_18420304/salmon_results/Tridacna_gigas/quant/aux_info/observed_bias.gz	file	127	2026-08-11T15:36:20.364805+00:00	daaab691b59d97771b71cfbd158dfc2137f45e13d4b0f6889816092c00b9fde1	
step13_transcriptomic_integration/run_18420304/salmon_results/Tridacna_gigas/quant/aux_info/observed_bias_3p.gz	file	127	2026-08-11T15:36:20.365422+00:00	daaab691b59d97771b71cfbd158dfc2137f45e13d4b0f6889816092c00b9fde1	
step13_transcriptomic_integration/run_18420304/salmon_results/Tridacna_gigas/quant/cmd_info.json	file	767	2026-08-11T15:34:54.038067+00:00	e3a16bff5d75de635be5a8ef6b1dbab7e867a4b24ed72a9db501715b6c433407	
step13_transcriptomic_integration/run_18420304/salmon_results/Tridacna_gigas/quant/libParams/flenDist.txt	file	11595	2026-08-11T15:36:20.361161+00:00	387d9e0d3a574f447dc967e1323de85c6bdf5d973efbbaf9035d07794bdb3aa0	
step13_transcriptomic_integration/run_18420304/salmon_results/Tridacna_gigas/quant/lib_format_counts.json	file	754	2026-08-11T15:36:20.360021+00:00	c72c759628bdb6594a3d01bc866324f8b58302df54cdc28c16b6e30a79280311	
step13_transcriptomic_integration/run_18420304/salmon_results/Tridacna_gigas/quant/logs/salmon_quant.log	file	4876	2026-08-11T15:36:20.879119+00:00	02aff6a354421fd3b47216351d81989807855c629e523092f5cabae74b9b17fe	
step13_transcriptomic_integration/run_18420304/salmon_results/Tridacna_gigas/quant/quant.sf	file	9027781	2026-08-11T15:36:20.358667+00:00	8d5050c05d80af9e98a5b76772a08761c6ca943a4e5f8ca634d20a225f2a97ff	
step13_transcriptomic_integration/run_18420304/salmon_results/Tridacna_gigas/quant.stderr.log	file	14652	2026-08-11T15:36:20.204171+00:00	0920bc94082b1555cb0c374aad86991d2ab09664c3cc6afa401dcbeabe5ea6eb	
step13_transcriptomic_integration/run_18420304/salmon_results/Tridacna_gigas/quant.stdout.log	file	0	2026-08-11T15:31:28.584689+00:00	e3b0c44298fc1c149afbf4c8996fb92427ae41e4649b934ca495991b7852b855	
step13_transcriptomic_integration/run_18420304/salmon_results/Tridacna_gigas/salmon_index/complete_ref_lens.bin	file	459172	2026-08-11T15:30:39.939224+00:00	c270ebd90d2ff5c240325d7f31af8a8d8a2d156c75f14d8ce340e0f448083a02	
step13_transcriptomic_integration/run_18420304/salmon_results/Tridacna_gigas/salmon_index/ctable.bin	file	10528777	2026-08-11T15:31:18.749054+00:00	3b7b225721fbe68ff7adb42c5042ebc54ea8f97e38563a2d4b301601c8d3532c	
step13_transcriptomic_integration/run_18420304/salmon_results/Tridacna_gigas/salmon_index/ctg_offsets.bin	file	591344	2026-08-11T15:31:18.747193+00:00	f0f5d39a84d24aee41cd169fc7091f57eae5797658a0f69e61bf69803c719073	
step13_transcriptomic_integration/run_18420304/salmon_results/Tridacna_gigas/salmon_index/duplicate_clusters.tsv	file	112640	2026-08-11T15:30:39.639552+00:00	26c8bf8ac56ac636b26068db4eed4709d866a91334cbd104eef7a5fc664253c4	
step13_transcriptomic_integration/run_18420304/salmon_results/Tridacna_gigas/salmon_index/info.json	file	1151	2026-08-11T15:31:28.138262+00:00	427c62f08b707ef34fb9024d40f6744d258a1ed628dc658d4a46188f160a6530	
step13_transcriptomic_integration/run_18420304/salmon_results/Tridacna_gigas/salmon_index/mphf.bin	file	83422332	2026-08-11T15:31:28.530601+00:00	40541a21889b6ca69726f9192e9eeaf8a9fab4f702527b38ccdc9f059719ccec	
step13_transcriptomic_integration/run_18420304/salmon_results/Tridacna_gigas/salmon_index/pos.bin	file	445789320	2026-08-11T15:31:28.138425+00:00	62c74fc75da9d0f79039c48e4c8b4208eeed8400f744199feff2ff697d047e2e	
step13_transcriptomic_integration/run_18420304/salmon_results/Tridacna_gigas/salmon_index/pre_indexing.log	file	496	2026-08-11T15:31:28.580745+00:00	c19fd9bb3348a3f137f577750c13d88e6a46f941d87096f3bb592cf123408be8	
step13_transcriptomic_integration/run_18420304/salmon_results/Tridacna_gigas/salmon_index/rank.bin	file	16854720	2026-08-11T15:31:18.339533+00:00	5c8ec61e15c139379ced7057ac6dab65622013969d872544d3decad0c93a7b03	
step13_transcriptomic_integration/run_18420304/salmon_results/Tridacna_gigas/salmon_index/refAccumLengths.bin	file	918336	2026-08-11T15:31:19.069986+00:00	754fe6da24cdfc953c121f5c5794743a8b107bd1499b229e34daac8a85760560	
step13_transcriptomic_integration/run_18420304/salmon_results/Tridacna_gigas/salmon_index/ref_indexing.log	file	3515	2026-08-11T15:31:28.580691+00:00	b3fe0db3f45269d3ab32fb8c9648437fcf926cbe507c84c6077eed6e3e03c0fa	
step13_transcriptomic_integration/run_18420304/salmon_results/Tridacna_gigas/salmon_index/reflengths.bin	file	459172	2026-08-11T15:31:18.693512+00:00	2e64d1e75249b9d61fbeb1c8b95089238d9263427329cecda4955e1508da3b06	
step13_transcriptomic_integration/run_18420304/salmon_results/Tridacna_gigas/salmon_index/refseq.bin	file	35134648	2026-08-11T15:31:19.070944+00:00	edfd6a6b782f0d29a6552bd48d0e5ca116695998b414ea468e899406dad0b53b	
step13_transcriptomic_integration/run_18420304/salmon_results/Tridacna_gigas/salmon_index/seq.bin	file	33709408	2026-08-11T15:31:18.003262+00:00	92452646cb69cd193e20b34f00aff6819a23ad1091aa1372c8f1991cd11219ad	
step13_transcriptomic_integration/run_18420304/salmon_results/Tridacna_gigas/salmon_index/versionInfo.json	file	127	2026-08-11T15:31:28.580520+00:00	423de7273834f48b9dfbd690a4e0372fa8eff70a54998e916db5d83dd69ca1a3	
step13_transcriptomic_integration/run_18420304/salmon_results/Tridacna_maxima/COMPLETE	file	75	2026-08-11T16:06:40.744802+00:00	3bb870dd1cba2fa765937f51639ff720063048bc67f9439f6d9445f9ef96088b	
step13_transcriptomic_integration/run_18420304/salmon_results/Tridacna_maxima/index.stderr.log	file	85439	2026-08-11T15:41:04.517132+00:00	0b8c8d1cdb2e74925fb07fd9bcf75653475c3a5fd1ca4d5d36d7e55e0eba31ee	
step13_transcriptomic_integration/run_18420304/salmon_results/Tridacna_maxima/index.stdout.log	file	1035	2026-08-11T15:41:04.517491+00:00	eee3c54cc8db6e9c451afa59156b289d43773812ebd3c3a77954a03d334c7d70	
step13_transcriptomic_integration/run_18420304/salmon_results/Tridacna_maxima/quant/aux_info/ambig_info.tsv	file	257350	2026-08-11T16:06:39.973727+00:00	7e39dab797beaf15a7b01f5f182d4cf3ea8c6fa7b9c4ad28dffb863bc1e37ed0	
step13_transcriptomic_integration/run_18420304/salmon_results/Tridacna_maxima/quant/aux_info/exp3_seq.gz	file	3974	2026-08-11T16:06:39.955777+00:00	15fbe90326da2d5be51a54c25b106827337b8933bf34c1d81454145889ffd36b	
step13_transcriptomic_integration/run_18420304/salmon_results/Tridacna_maxima/quant/aux_info/exp5_seq.gz	file	3972	2026-08-11T16:06:39.953265+00:00	93ca7e23604a7bd8a565eb7776fd7a4cb50eb7b4ac6f2c18ef380c2593fcf04b	
step13_transcriptomic_integration/run_18420304/salmon_results/Tridacna_maxima/quant/aux_info/exp_gc.gz	file	640	2026-08-11T16:06:39.958919+00:00	c97cf6c9646ed73b996aef0aa6b05638bc66d1d5cedcd474924b698b49e7d355	
step13_transcriptomic_integration/run_18420304/salmon_results/Tridacna_maxima/quant/aux_info/expected_bias.gz	file	258	2026-08-11T16:06:39.945073+00:00	ed71559319169f967b2e56d9af0910dd813a50b9c193ca61d1f7169b49e77d18	
step13_transcriptomic_integration/run_18420304/salmon_results/Tridacna_maxima/quant/aux_info/fld.gz	file	561	2026-08-11T16:06:39.944299+00:00	06f800d77ca7ac2c5da6aeaf97c18d039b5616f5c9528ffaab7eb243beee38be	
step13_transcriptomic_integration/run_18420304/salmon_results/Tridacna_maxima/quant/aux_info/meta_info.json	file	1850	2026-08-11T16:06:39.959583+00:00	526c84576aabc28e1f52b8acc660ba3941ccf9371046b0cc57e2879b5f7f4e84	
step13_transcriptomic_integration/run_18420304/salmon_results/Tridacna_maxima/quant/aux_info/obs3_seq.gz	file	3986	2026-08-11T16:06:39.950900+00:00	3617b82ffb370c1733376f16b00969a8bffe7aa7a1d461264df0b2a1e571ce46	
step13_transcriptomic_integration/run_18420304/salmon_results/Tridacna_maxima/quant/aux_info/obs5_seq.gz	file	3994	2026-08-11T16:06:39.947322+00:00	d81aac1fe27284981cfc11577f819c28810308bf75372a280a7153e0c18840d4	
step13_transcriptomic_integration/run_18420304/salmon_results/Tridacna_maxima/quant/aux_info/obs_gc.gz	file	595	2026-08-11T16:06:39.958085+00:00	961b48098498dcfbcf998fa171079ad6d46facdea311c467e0640953426d7d14	
step13_transcriptomic_integration/run_18420304/salmon_results/Tridacna_maxima/quant/aux_info/observed_bias.gz	file	127	2026-08-11T16:06:39.945774+00:00	daaab691b59d97771b71cfbd158dfc2137f45e13d4b0f6889816092c00b9fde1	
step13_transcriptomic_integration/run_18420304/salmon_results/Tridacna_maxima/quant/aux_info/observed_bias_3p.gz	file	127	2026-08-11T16:06:39.946523+00:00	daaab691b59d97771b71cfbd158dfc2137f45e13d4b0f6889816092c00b9fde1	
step13_transcriptomic_integration/run_18420304/salmon_results/Tridacna_maxima/quant/cmd_info.json	file	771	2026-08-11T16:06:14.135507+00:00	0bf9cd529ea892a3a07a54e6fc794a3504405c9cad2151efd5cf9d7c18b6e14d	
step13_transcriptomic_integration/run_18420304/salmon_results/Tridacna_maxima/quant/libParams/flenDist.txt	file	11701	2026-08-11T16:06:39.942265+00:00	24f2b864f716c642c7e427bb1c29847d7dd310e3c0b951517a37ca961ed23dd3	
step13_transcriptomic_integration/run_18420304/salmon_results/Tridacna_maxima/quant/lib_format_counts.json	file	753	2026-08-11T16:06:39.940800+00:00	96c927b2b6be468a582b1963de47b3a76eed6b964117475e428e84efc68e3ff5	
step13_transcriptomic_integration/run_18420304/salmon_results/Tridacna_maxima/quant/logs/salmon_quant.log	file	4770	2026-08-11T16:06:40.547581+00:00	c1a4ccaf5e7cb31e0007db0539595e3bfc9119b6cbeebc47f79732d333a716eb	
step13_transcriptomic_integration/run_18420304/salmon_results/Tridacna_maxima/quant/quant.sf	file	3609046	2026-08-11T16:06:39.939498+00:00	a1f0e1a2a098a040023f5647cdbc0fdbb6ba280289ff45fbdefc44aba88aeb1c	
step13_transcriptomic_integration/run_18420304/salmon_results/Tridacna_maxima/quant.stderr.log	file	25109	2026-08-11T16:06:39.987398+00:00	1955437849607ad2aeffdfb8a78c5ce3da763c2d40fe4c4c0480d95fe4bf430e	
step13_transcriptomic_integration/run_18420304/salmon_results/Tridacna_maxima/quant.stdout.log	file	0	2026-08-11T15:41:04.521688+00:00	e3b0c44298fc1c149afbf4c8996fb92427ae41e4649b934ca495991b7852b855	
step13_transcriptomic_integration/run_18420304/salmon_results/Tridacna_maxima/salmon_index/complete_ref_lens.bin	file	185568	2026-08-11T15:40:53.461334+00:00	b118026b9b591a1f18d0a2db2b456a6152de28a76ebc898d0d8e4b8307924581	
step13_transcriptomic_integration/run_18420304/salmon_results/Tridacna_maxima/salmon_index/ctable.bin	file	5759153	2026-08-11T15:41:03.148476+00:00	598a6c26c1aebdbe19c71bf81ed7cf0cfd06f398a92d84c8d101c5fc3b2c8f29	
step13_transcriptomic_integration/run_18420304/salmon_results/Tridacna_maxima/salmon_index/ctg_offsets.bin	file	312224	2026-08-11T15:41:03.147606+00:00	853d2cc0e11dd3bab4f73d9033e5163ffc5bcf3f5307f0a6ea22e630402bed1d	
step13_transcriptomic_integration/run_18420304/salmon_results/Tridacna_maxima/salmon_index/duplicate_clusters.tsv	file	403822	2026-08-11T15:40:53.364954+00:00	be8e3c5f55b516742f90e9db397294ecd8988ae762a12368c65ee093b15bf886	
step13_transcriptomic_integration/run_18420304/salmon_results/Tridacna_maxima/salmon_index/info.json	file	1150	2026-08-11T15:41:04.434195+00:00	1640e7d7e9098cc27c8927d17de103d83000602da244cc7e60cfdc7978dd139e	
step13_transcriptomic_integration/run_18420304/salmon_results/Tridacna_maxima/salmon_index/mphf.bin	file	16427068	2026-08-11T15:41:04.456295+00:00	32703bdccbfd386c126602edb53471fd3d85089b8ef65cdf40a84b8baadfa293	
step13_transcriptomic_integration/run_18420304/salmon_results/Tridacna_maxima/salmon_index/pos.bin	file	78372736	2026-08-11T15:41:04.434372+00:00	55ee26a6293a6bb7879e41d5741af7c78c4e73b98045f023e5b32b7a9343836e	
step13_transcriptomic_integration/run_18420304/salmon_results/Tridacna_maxima/salmon_index/pre_indexing.log	file	496	2026-08-11T15:41:04.517277+00:00	93f404d650eaebc0c1fcf44faff0d12d32cec307c8789c348e7553cba95e793c	
step13_transcriptomic_integration/run_18420304/salmon_results/Tridacna_maxima/salmon_index/rank.bin	file	3627864	2026-08-11T15:41:03.025663+00:00	dc8de9520ce5c4b520b471fdcf624e04c7e72aa9d305ff08866e505e9177e6d2	
step13_transcriptomic_integration/run_18420304/salmon_results/Tridacna_maxima/salmon_index/refAccumLengths.bin	file	371128	2026-08-11T15:41:03.233198+00:00	f0144ae6415f8cbd6401cf59e4cbf761a6dcb09c7616d50adcaf6c090677a61d	
step13_transcriptomic_integration/run_18420304/salmon_results/Tridacna_maxima/salmon_index/ref_indexing.log	file	3500	2026-08-11T15:41:04.517209+00:00	6f233659571f09bd3d1ec0b2b7e68346fd922b23c42ca89396953465ffeb67d9	
step13_transcriptomic_integration/run_18420304/salmon_results/Tridacna_maxima/salmon_index/reflengths.bin	file	185568	2026-08-11T15:41:03.127751+00:00	940b167cbcecebc8ab5928b4a18ced5e60918c35f9a931e3634c440629cd8d4a	
step13_transcriptomic_integration/run_18420304/salmon_results/Tridacna_maxima/salmon_index/refseq.bin	file	9308712	2026-08-11T15:41:03.234105+00:00	bb55d3b4d9c719ba36307ceabaa9c2a62741448e00033170951aa23a29523409	
step13_transcriptomic_integration/run_18420304/salmon_results/Tridacna_maxima/salmon_index/seq.bin	file	7255696	2026-08-11T15:41:02.958427+00:00	531a777e0f7ef5e2ea7868a02b26433ca871a0da8e7c4082d0102b71c03b3ce5	
step13_transcriptomic_integration/run_18420304/salmon_results/Tridacna_maxima/salmon_index/versionInfo.json	file	127	2026-08-11T15:41:04.517044+00:00	423de7273834f48b9dfbd690a4e0372fa8eff70a54998e916db5d83dd69ca1a3	
step13_transcriptomic_integration/run_18420304/sample_manifest.tsv	file	4633	2026-08-11T15:10:52.160319+00:00	32f1ea05b45a017b007fcda3b43ef8d6da8db0907371d781126f6d6d3cd8ce17	
step13_transcriptomic_integration/run_18420304/species_expression_summary.tsv	file	715	2026-08-11T16:10:42.982872+00:00	4dc4a59019a3f84578515efa8a05c7bef5fe2adea5a1a849cadefbccae42ff62	
step13_transcriptomic_integration/run_18420304/step13_summary.tsv	file	291	2026-08-11T16:10:42.990925+00:00	59c9375441a6fa8a4256956ea7d0c85946788c5e4e6e1d480e372af60e3a50a2	
step14_integrated_candidate_prioritisation/latest	symlink	12	2026-08-12T14:02:08.582505+00:00		run_18427340
step14_integrated_candidate_prioritisation/run_18427340/COMPLETE	file	60	2026-08-12T13:57:23.318489+00:00	9f6e07872944362bdfca525a92bbda24d46b599edcca1263dcab416cb1136065	
step14_integrated_candidate_prioritisation/run_18427340/METHODS_AND_LIMITATIONS.txt	file	356	2026-08-12T13:57:23.314807+00:00	e3c0fe796602c60e4d02db29262c77a1d7a7ce473ceb82b6096d5e3452512c68	
step14_integrated_candidate_prioritisation/run_18427340/SCORING_RUBRIC.md	file	2454	2026-08-12T13:57:23.314498+00:00	24d479df745a19f0622a4f43056087d5ad78ac21911b7e827221fa918b02a632	
step14_integrated_candidate_prioritisation/run_18427340/evidence_source_manifest.tsv	file	2639	2026-08-12T13:57:23.316850+00:00	9d8ba0f0589c3d8138c6f0f8bc1b54e82986d1d78f828218a24cfcee4ea759f2	
step14_integrated_candidate_prioritisation/run_18427340/high_confidence_candidate_genes.tsv	file	945684	2026-08-12T13:57:23.290916+00:00	8ae19a7be4383101cfba69758ee8aeb39c23ab8343a12bb81f83dad564ac2de5	
step14_integrated_candidate_prioritisation/run_18427340/high_confidence_family_shortlist.tsv	file	197441	2026-08-12T13:57:23.184127+00:00	f088d3bfce598deb2cfc917de6c9e2ec0dbb7784824d57bec12b0fd157ffd4d0	
step14_integrated_candidate_prioritisation/run_18427340/ranked_candidate_families.tsv	file	237614	2026-08-12T13:57:23.178812+00:00	9c3f69d8ab78cfdbb3419da91f61d1564e437ff30b1dce607aae1d3fb97746e6	
step14_integrated_candidate_prioritisation/run_18427340/ranked_candidate_genes.tsv	file	1485486	2026-08-12T13:57:23.261563+00:00	ffd3fd933897320df435c98e5472be51ce4a8fe0bc0b4449b90396bf86384325	
step14_integrated_candidate_prioritisation/run_18427340/result_manifest.tsv	file	334	2026-08-12T13:57:23.317798+00:00	715a79f06550419c33ef47dd92f7d97b0247b93358be7875dc11fc9b6fc71350	
step14_integrated_candidate_prioritisation/run_18427340/significant_enrichment_context.tsv	file	730531	2026-08-12T13:57:23.310131+00:00	79400e25cdad791e392b685b7748f6619c1645cf1dce75b9803a9349a19b5f7b	
step14_integrated_candidate_prioritisation/run_18427340/step14_summary.tsv	file	297	2026-08-12T13:57:23.314110+00:00	bf5d4191388f143d26af08b2ffbff55c69236bd62216204ea26f69199f810d18	
step15_sensitivity_bias_analysis/latest	symlink	12	2026-08-12T19:12:40.098546+00:00		run_18431248
step15_sensitivity_bias_analysis/run_18428504/COMPLETE	file	47	2026-08-12T15:17:26.872265+00:00	818e584c40d18031d1cad9529b52ff772507cf39ad3d4515dfa03845bcc86b0c	
step15_sensitivity_bias_analysis/run_18428504/METHODS_AND_LIMITATIONS.txt	file	1377	2026-08-12T15:17:26.871677+00:00	bd3fa215794161832ab9593d0056286a8f310be297b83a0c014f4f5019d938da	
step15_sensitivity_bias_analysis/run_18428504/SCENARIO_DEFINITIONS.tsv	file	1219	2026-08-12T15:17:26.871548+00:00	72997166b6a1e371ec70ecc53c0061876a5080b5287c07f86fe5852d4aca94d4	
step15_sensitivity_bias_analysis/run_18428504/annotation_source_bias.tsv	file	3448	2026-08-12T15:17:26.871166+00:00	1afccfaff8cfd36aaac9b339c661b05fc9b4a27d4ccbfe0a645e8c42ba2bfa37	
step15_sensitivity_bias_analysis/run_18428504/candidate_rank_stability.tsv	file	5563	2026-08-12T15:17:26.869377+00:00	8bee348cde000e50e7a12f003e847f3627af169912f3d821d6360409916089d0	
step15_sensitivity_bias_analysis/run_18428504/proteome_quality_bias_assessment.tsv	file	6686	2026-08-12T15:17:26.870437+00:00	9214998bb728be9e165d9267c2658d70c3f5e00008e1fa002b01547f7b3f8bb6	
step15_sensitivity_bias_analysis/run_18428504/quality_threshold_sensitivity.tsv	file	1437	2026-08-12T15:17:26.870750+00:00	921dc6521556784c580f9203531edcfadb3520bf882c26769f679a25ac791a16	
step15_sensitivity_bias_analysis/run_18428504/rank_shift_outliers.tsv	file	4350	2026-08-12T15:17:26.869756+00:00	a662c2b1409cccdd666fb1e34efede83d74adef56c41bba74c5f57fea752baa4	
step15_sensitivity_bias_analysis/run_18428504/result_manifest.tsv	file	357	2026-08-12T15:17:26.872135+00:00	f379f4e5f766a4f98f637fccd761c6030248a01c8ecff177603c8dbb520e697b	
step15_sensitivity_bias_analysis/run_18428504/scenario_comparison_summary.tsv	file	2248	2026-08-12T15:17:26.866314+00:00	511c33b278b154f0e0cc967e7e5d0a3666f17950c44c2cc4def6c4c7a8690682	
step15_sensitivity_bias_analysis/run_18428504/scenario_family_rankings.tsv	file	111524	2026-08-12T15:17:26.862822+00:00	5d098d19f715b71353f39ec9d0518acdba04fc05aa64ac9bdd166633e1a170b3	
step15_sensitivity_bias_analysis/run_18428504/step15_summary.tsv	file	241	2026-08-12T15:17:26.871370+00:00	004dead3b7901738c11fbea4e2b56e897db4f2ad04da6cebf37bd770e6b6cd20	
step15_sensitivity_bias_analysis/run_18431248/COMPLETE	file	47	2026-08-12T19:07:44.349486+00:00	818e584c40d18031d1cad9529b52ff772507cf39ad3d4515dfa03845bcc86b0c	
step15_sensitivity_bias_analysis/run_18431248/METHODS_AND_LIMITATIONS.txt	file	1377	2026-08-12T19:07:44.348378+00:00	bd3fa215794161832ab9593d0056286a8f310be297b83a0c014f4f5019d938da	
step15_sensitivity_bias_analysis/run_18431248/SCENARIO_DEFINITIONS.tsv	file	1219	2026-08-12T19:07:44.347450+00:00	72997166b6a1e371ec70ecc53c0061876a5080b5287c07f86fe5852d4aca94d4	
step15_sensitivity_bias_analysis/run_18431248/annotation_source_bias.tsv	file	3448	2026-08-12T19:07:44.346503+00:00	1afccfaff8cfd36aaac9b339c661b05fc9b4a27d4ccbfe0a645e8c42ba2bfa37	
step15_sensitivity_bias_analysis/run_18431248/candidate_rank_stability.tsv	file	5563	2026-08-12T19:07:44.343460+00:00	2d567d04cbb55d89e5a5f335b63c8c39399b0f63d769817e36d1edb2fe910ecf	
step15_sensitivity_bias_analysis/run_18431248/proteome_quality_bias_assessment.tsv	file	6686	2026-08-12T19:07:44.345205+00:00	9214998bb728be9e165d9267c2658d70c3f5e00008e1fa002b01547f7b3f8bb6	
step15_sensitivity_bias_analysis/run_18431248/quality_threshold_sensitivity.tsv	file	1437	2026-08-12T19:07:44.345789+00:00	921dc6521556784c580f9203531edcfadb3520bf882c26769f679a25ac791a16	
step15_sensitivity_bias_analysis/run_18431248/rank_shift_outliers.tsv	file	4350	2026-08-12T19:07:44.344186+00:00	b89012fb0802a2c273638bf9701108db1a235d155d658b9cc405d5d79bb8f05d	
step15_sensitivity_bias_analysis/run_18431248/result_manifest.tsv	file	357	2026-08-12T19:07:44.349099+00:00	85c0cf7e5e5c04a729cb45a5bfe8ad45f430feafae2bca0d556f0f0a079b8a8e	
step15_sensitivity_bias_analysis/run_18431248/scenario_comparison_summary.tsv	file	2247	2026-08-12T19:07:44.340123+00:00	61679fb93e63ebfc1ab54e0854a2f0db7ed6c2703ba995556873c8f8bf4bf644	
step15_sensitivity_bias_analysis/run_18431248/scenario_family_rankings.tsv	file	111500	2026-08-12T19:07:44.336202+00:00	40ecff5d52a429f6be27aa54380845058dd82c0bb1ff84eff45f930f0ba33943	
step15_sensitivity_bias_analysis/run_18431248/step15_summary.tsv	file	241	2026-08-12T19:07:44.346997+00:00	004dead3b7901738c11fbea4e2b56e897db4f2ad04da6cebf37bd770e6b6cd20	
step16_statistical_analysis_visualisation/latest	symlink	12	2026-08-13T19:32:29.751756+00:00		run_18451973
step16_statistical_analysis_visualisation/run_18451973/COMPLETE	file	56	2026-08-13T19:27:45.324019+00:00	b30b6b17639d9a3946fe7850833aea3129cb8796b3589934fe83f3ae1f5e6484	
step16_statistical_analysis_visualisation/run_18451973/R_session_info.txt	file	840	2026-08-13T19:27:45.320521+00:00	85b4ca21b5e1d9ae7b1e38afd61caed9256effc478552ae497b881b26e19379f	
step16_statistical_analysis_visualisation/run_18451973/STEP16_REPORT.md	file	1692	2026-08-13T19:27:45.237166+00:00	cca539ed9d5d567c5355b766c70f5edaa327839d4413f19cbe0799d1ba9df390	
step16_statistical_analysis_visualisation/run_18451973/candidate_evidence_funnel.tsv	file	299	2026-08-13T19:27:45.230264+00:00	414d614347f40bef4b365b3375e90aeca2c0640860274e16b7e104e2421581ad	
step16_statistical_analysis_visualisation/run_18451973/figure01_proteome_quality.png	file	192944	2026-08-13T19:27:39.608772+00:00	c32461a0c74a4b88995ae4785c032107a49cc0d263da3c6fb99b1090a0e501c7	
step16_statistical_analysis_visualisation/run_18451973/figure02_orthogroup_distribution.png	file	97411	2026-08-13T19:27:39.996331+00:00	4bd9390f73c6438f102e0e7b0856782f68c96a3c2b12571a2ebd23ea7e6d92fb	
step16_statistical_analysis_visualisation/run_18451973/figure03_functional_annotation_coverage.png	file	80848	2026-08-13T19:27:40.421206+00:00	d2b2c4d2a9620baf1e5eaca48502c9c1ec4fa4d1ac2d3dc66ec6e00093455104	
step16_statistical_analysis_visualisation/run_18451973/figure04_sequence_validation.png	file	81404	2026-08-13T19:27:40.791450+00:00	522a3c3acd8b7d19a6a29c30c30eb5e7440b00f94e60a94afac88f6631964b3c	
step16_statistical_analysis_visualisation/run_18451973/figure05_candidate_evidence_funnel.png	file	76059	2026-08-13T19:27:41.139208+00:00	4aad2d9e08ca7dac24a9f294447bfe7d7bfb6ed6ee0d57b27cbb3c3b696a334f	
step16_statistical_analysis_visualisation/run_18451973/figure06_phylogenetic_evolution_signals.png	file	87681	2026-08-13T19:27:41.497440+00:00	0402cd2a99ce51ca8ad87659b2be45eb3bf8e56147158311018ecd9754fbd2e7	
step16_statistical_analysis_visualisation/run_18451973/figure07_top_integrated_families.png	file	215337	2026-08-13T19:27:42.094334+00:00	f668f25b0ec88e4f2a44a480bb966b6dbc40475245f56f8d025742d11af8ee6d	
step16_statistical_analysis_visualisation/run_18451973/figure08_ranking_sensitivity.png	file	204970	2026-08-13T19:27:42.541053+00:00	8ad4b052b43a6c869277f7cb095078f572f181a1ae0c75b5c5b34896c25693bd	
step16_statistical_analysis_visualisation/run_18451973/figure09_transcriptomic_detection.png	file	89081	2026-08-13T19:27:42.899864+00:00	8b3a70bf2d431b67e30093b5f2bb3199ce9df17a78fef0d591b557637b768795	
step16_statistical_analysis_visualisation/run_18451973/figure_captions.tsv	file	1536	2026-08-13T19:27:45.238688+00:00	6cb630353d4e3065a60dc2a38c61c81824797f33c7d1d915c12af77fa69533ce	
step16_statistical_analysis_visualisation/run_18451973/orthogroup_composition_long.tsv	file	513	2026-08-13T19:27:45.229338+00:00	379bfb665111c3eb08deb0e7782c27d7c5824bd221e24fc5fa739243707c9c01	
step16_statistical_analysis_visualisation/run_18451973/phylogenetic_evolution_summary.tsv	file	342	2026-08-13T19:27:45.231341+00:00	0c56b49ba0a2cd1d125dd325daa62f574a764ebe45bda2a65bcbc96577929428	
step16_statistical_analysis_visualisation/run_18451973/pipeline_status.tsv	file	1142	2026-08-13T19:27:45.234183+00:00	0960115d22cce7a89baf74920dbcd51c21e0b0868825cfc5de7db1e2a0592b74	
step16_statistical_analysis_visualisation/run_18451973/result_manifest.tsv	file	728	2026-08-13T19:27:45.322910+00:00	4e0efd489ca47d4c640afa82476ca3846336de238e0c417d0ff6cb00f0ddca3e	
step16_statistical_analysis_visualisation/run_18451973/source_manifest.tsv	file	2198	2026-08-13T19:27:45.235561+00:00	1cf57c671f02fb3e30911b5c2b40e5c3dc030f53fcf3d300d7c697552ba23d06	
step16_statistical_analysis_visualisation/run_18451973/statistical_tests.tsv	file	3043	2026-08-13T19:27:45.225969+00:00	9c80aa17999df6a26e84135e7841256239928d460197d09dae4e96d5d3d635d4	
step16_statistical_analysis_visualisation/run_18451973/step16_figure_booklet.pdf	file	19993	2026-08-13T19:27:44.847838+00:00	23374750d507f507c91f8db83dcb26f38ef2cb6af28831e3f53ae210958048bb	
step16_statistical_analysis_visualisation/run_18451973/top20_integrated_candidates.tsv	file	3086	2026-08-13T19:27:45.232364+00:00	491384c393bc5450c15854f9e51a9e3f7095f725aadb642ab4f975efc20822ea	
